STRUCTURE,STRUCTURE_ID,STRUCTURE_NAME,ACTION,REF_AREA,Reference area,MEASURE,Measure,UNIT_MEASURE,Unit of measure,SEX,Sex,AGE,Age,LABOUR_FORCE_STATUS,Labour force status,WORK_PERIOD,Work period,HOURS_TYPE,Hours type,WORKER_STATUS,Worker status,WORK_TIME_ARNGMNT,Working time arrangement,AGGREGATION_OPERATION,Aggregation operation,HOUR_BANDS,Hour bands,JOB_COVERAGE,Job coverage,TIME_PERIOD,Time period,OBS_VALUE,Observation value,OBS_STATUS,Observation status,UNIT_MULT,Unit multiplier,DECIMALS,Decimals
DATAFLOW,OECD.ELS.SAE:DSD_HW@DF_AVG_ANN_HRS_WKD(1.0),Average annual hours actually worked per worker,I,AUT,Austria,HW,Hours worked,H_Y_PS,Hours per year per person,_Z,Not applicable,_Z,Not applicable,EMP,Employment,A,Annual,ACTUAL,Actual,_T,Total,_Z,Not applicable,MEAN,Mean,_Z,Not applicable,_T,Total,2014,,1515.297,,A,Normal value,,,0,Zero
DATAFLOW,OECD.ELS.SAE:DSD_HW@DF_AVG_ANN_HRS_WKD(1.0),Average annual hours actually worked per worker,I,AUT,Austria,HW,Hours worked,H_Y_PS,Hours per year per person,_Z,Not applicable,_Z,Not applicable,EMP,Employment,A,Annual,ACTUAL,Actual,_T,Total,_Z,Not applicable,MEAN,Mean,_Z,Not applicable,_T,Total,2015,,1494.831,,A,Normal value,,,0,Zero
DATAFLOW,OECD.ELS.SAE:DSD_HW@DF_AVG_ANN_HRS_WKD(1.0),Average annual hours actually worked per worker,I,AUT,Austria,HW,Hours worked,H_Y_PS,Hours per year per person,_Z,Not applicable,_Z,Not applicable,EMP,Employment,A,Annual,ACTUAL,Actual,_T,Total,_Z,Not applicable,MEAN,Mean,_Z,Not applicable,_T,Total,2017,,1497.423,,A,Normal value,,,0,Zero
DATAFLOW,OECD.ELS.SAE:DSD_HW@DF_AVG_ANN_HRS_WKD(1.0),Average annual hours actually worked per worker,I,AUT,Austria,HW,Hours worked,H_Y_PS,Hours per year per person,_Z,Not applicable,_Z,Not applicable,EMP,Employment,A,Annual,ACTUAL,Actual,_T,Total,_Z,Not applicable,MEAN,Mean,_Z,Not applicable,_T,Total,2018,,1501.39,,A,Normal value,,,0,Zero
DATAFLOW,OECD.ELS.SAE:DSD_HW@DF_AVG_ANN_HRS_WKD(1.0),Average annual hours actually worked per worker,I,AUT,Austria,HW,Hours worked,H_Y_PS,Hours per year per person,_Z,Not applicable,_Z,Not applicable,EMP,Employment,A,Annual,ACTUAL,Actual,_T,Total,_Z,Not applicable,MEAN,Mean,_Z,Not applicable,_T,Total,2019,,1508.857,,A,Normal value,,,0,Zero
DATAFLOW,OECD.ELS.SAE:DSD_HW@DF_AVG_ANN_HRS_WKD(1.0),Average annual hours actually worked per worker,I,AUT,Austria,HW,Hours worked,H_Y_PS,Hours per year per person,_Z,Not applicable,_Z,Not applicable,EMP,Employment,A,Annual,ACTUAL,Actual,_T,Total,_Z,Not applicable,MEAN,Mean,_Z,Not applicable,_T,Total,2020,,1398.755,,A,Normal value,,,0,Zero
DATAFLOW,OECD.ELS.SAE:DSD_HW@DF_AVG_ANN_HRS_WKD(1.0),Average annual hours actually worked per worker,I,AUT,Austria,HW,Hours worked,H_Y_PS,Hours per year per person,_Z,Not applicable,_Z,Not applicable,EMP,Employment,A,Annual,ACTUAL,Actual,_T,Total,_Z,Not applicable,MEAN,Mean,_Z,Not applicable,_T,Total,2021,,1439.009,,A,Normal value,,,0,Zero
DATAFLOW,OECD.ELS.SAE:DSD_HW@DF_AVG_ANN_HRS_WKD(1.0),Average annual hours actually worked per worker,I,AUT,Austria,HW,Hours worked,H_Y_PS,Hours per year per person,_Z,Not applicable,_Z,Not applicable,EMP,Employment,A,Annual,ACTUAL,Actual,_T,Total,_Z,Not applicable,MEAN,Mean,_Z,Not applicable,_T,Total,2022,,1436.65,,A,Normal value,,,0,Zero
DATAFLOW,OECD.ELS.SAE:DSD_HW@DF_AVG_ANN_HRS_WKD(1.0),Average annual hours actually worked per worker,I,AUT,Austria,HW,Hours worked,H_Y_PS,Hours per year per person,_Z,Not applicable,_Z,Not applicable,EMP,Employment,A,Annual,ACTUAL,Actual,_T,Total,_Z,Not applicable,MEAN,Mean,_Z,Not applicable,_T,Total,2023,,1434.114,,A,Normal value,,,0,Zero
DATAFLOW,OECD.ELS.SAE:DSD_HW@DF_AVG_ANN_HRS_WKD(1.0),Average annual hours actually worked per worker,I,BEL,Belgium,HW,Hours worked,H_Y_PS,Hours per year per person,_Z,Not applicable,_Z,Not applicable,EMP,Employment,A,Annual,ACTUAL,Actual,_T,Total,_Z,Not applicable,MEAN,Mean,_Z,Not applicable,_T,Total,2014,,1588,,A,Normal value,,,0,Zero
DATAFLOW,OECD.ELS.SAE:DSD_HW@DF_AVG_ANN_HRS_WKD(1.0),Average annual hours actually worked per worker,I,BEL,Belgium,HW,Hours worked,H_Y_PS,Hours per year per person,_Z,Not applicable,_Z,Not applicable,EMP,Employment,A,Annual,ACTUAL,Actual,_T,Total,_Z,Not applicable,MEAN,Mean,_Z,Not applicable,_T,Total,2015,,1582,,A,Normal value,,,0,Zero
DATAFLOW,OECD.ELS.SAE:DSD_HW@DF_AVG_ANN_HRS_WKD(1.0),Average annual hours actually worked per worker,I,BEL,Belgium,HW,Hours worked,H_Y_PS,Hours per year per person,_Z,Not applicable,_Z,Not applicable,EMP,Employment,A,Annual,ACTUAL,Actual,_T,Total,_Z,Not applicable,MEAN,Mean,_Z,Not applicable,_T,Total,2016,,1582,,A,Normal value,,,0,Zero
DATAFLOW,OECD.ELS.SAE:DSD_HW@DF_AVG_ANN_HRS_WKD(1.0),Average annual hours actually worked per worker,I,BEL,Belgium,HW,Hours worked,H_Y_PS,Hours per year per person,_Z,Not applicable,_Z,Not applicable,EMP,Employment,A,Annual,ACTUAL,Actual,_T,Total,_Z,Not applicable,MEAN,Mean,_Z,Not applicable,_T,Total,2017,,1584,,A,Normal value,,,0,Zero
DATAFLOW,OECD.ELS.SAE:DSD_HW@DF_AVG_ANN_HRS_WKD(1.0),Average annual hours actually worked per worker,I,BEL,Belgium,HW,Hours worked,H_Y_PS,Hours per year per person,_Z,Not applicable,_Z,Not applicable,EMP,Employment,A,Annual,ACTUAL,Actual,_T,Total,_Z,Not applicable,MEAN,Mean,_Z,Not applicable,_T,Total,2018,,1587,,A,Normal value,,,0,Zero
DATAFLOW,OECD.ELS.SAE:DSD_HW@DF_AVG_ANN_HRS_WKD(1.0),Average annual hours actually worked per worker,I,BEL,Belgium,HW,Hours worked,H_Y_PS,Hours per year per person,_Z,Not applicable,_Z,Not applicable,EMP,Employment,A,Annual,ACTUAL,Actual,_T,Total,_Z,Not applicable,MEAN,Mean,_Z,Not applicable,_T,Total,2019,,1587,,A,Normal value,,,0,Zero
DATAFLOW,OECD.ELS.SAE:DSD_HW@DF_AVG_ANN_HRS_WKD(1.0),Average annual hours actually worked per worker,I,BEL,Belgium,HW,Hours worked,H_Y_PS,Hours per year per person,_Z,Not applicable,_Z,Not applicable,EMP,Employment,A,Annual,ACTUAL,Actual,_T,Total,_Z,Not applicable,MEAN,Mean,_Z,Not applicable,_T,Total,2020,,1459,,A,Normal value,,,0,Zero
DATAFLOW,OECD.ELS.SAE:DSD_HW@DF_AVG_ANN_HRS_WKD(1.0),Average annual hours actually worked per worker,I,BEL,Belgium,HW,Hours worked,H_Y_PS,Hours per year per person,_Z,Not applicable,_Z,Not applicable,EMP,Employment,A,Annual,ACTUAL,Actual,_T,Total,_Z,Not applicable,MEAN,Mean,_Z,Not applicable,_T,Total,2021,,1551,,A,Normal value,,,0,Zero
DATAFLOW,OECD.ELS.SAE:DSD_HW@DF_AVG_ANN_HRS_WKD(1.0),Average annual hours actually worked per worker,I,BEL,Belgium,HW,Hours worked,H_Y_PS,Hours per year per person,_Z,Not applicable,_Z,Not applicable,EMP,Employment,A,Annual,ACTUAL,Actual,_T,Total,_Z,Not applicable,MEAN,Mean,_Z,Not applicable,_T,Total,2022,,1590,,A,Normal value,,,0,Zero
DATAFLOW,OECD.ELS.SAE:DSD_HW@DF_AVG_ANN_HRS_WKD(1.0),Average annual hours actually worked per worker,I,BEL,Belgium,HW,Hours worked,H_Y_PS,Hours per year per person,_Z,Not applicable,_Z,Not applicable,EMP,Employment,A,Annual,ACTUAL,Actual,_T,Total,_Z,Not applicable,MEAN,Mean,_Z,Not applicable,_T,Total,2023,,1591,,A,Normal value,,,0,Zero
DATAFLOW,OECD.ELS.SAE:DSD_HW@DF_AVG_ANN_HRS_WKD(1.0),Average annual hours actually worked per worker,I,CZE,Czechia,HW,Hours worked,H_Y_PS,Hours per year per person,_Z,Not applicable,_Z,Not applicable,EMP,Employment,A,Annual,ACTUAL,Actual,_T,Total,_Z,Not applicable,MEAN,Mean,_Z,Not applicable,_T,Total,2014,,1771.802,,A,Normal value,,,0,Zero
DATAFLOW,OECD.ELS.SAE:DSD_HW@DF_AVG_ANN_HRS_WKD(1.0),Average annual hours actually worked per worker,I,CZE,Czechia,HW,Hours worked,H_Y_PS,Hours per year per person,_Z,Not applicable,_Z,Not applicable,EMP,Employment,A,Annual,ACTUAL,Actual,_T,Total,_Z,Not applicable,MEAN,Mean,_Z,Not applicable,_T,Total,2015,,1749.719,,A,Normal value,,,0,Zero
DATAFLOW,OECD.ELS.SAE:DSD_HW@DF_AVG_ANN_HRS_WKD(1.0),Average annual hours actually worked per worker,I,CZE,Czechia,HW,Hours worked,H_Y_PS,Hours per year per person,_Z,Not applicable,_Z,Not applicable,EMP,Employment,A,Annual,ACTUAL,Actual,_T,Total,_Z,Not applicable,MEAN,Mean,_Z,Not applicable,_T,Total,2016,,1773.186,,A,Normal value,,,0,Zero
DATAFLOW,OECD.ELS.SAE:DSD_HW@DF_AVG_ANN_HRS_WKD(1.0),Average annual hours actually worked per worker,I,CZE,Czechia,HW,Hours worked,H_Y_PS,Hours per year per person,_Z,Not applicable,_Z,Not applicable,EMP,Employment,A,Annual,ACTUAL,Actual,_T,Total,_Z,Not applicable,MEAN,Mean,_Z,Not applicable,_T,Total,2017,,1775.645,,A,Normal value,,,0,Zero
DATAFLOW,OECD.ELS.SAE:DSD_HW@DF_AVG_ANN_HRS_WKD(1.0),Average annual hours actually worked per worker,I,CZE,Czechia,HW,Hours worked,H_Y_PS,Hours per year per person,_Z,Not applicable,_Z,Not applicable,EMP,Employment,A,Annual,ACTUAL,Actual,_T,Total,_Z,Not applicable,MEAN,Mean,_Z,Not applicable,_T,Total,2018,,1783.559,,A,Normal value,,,0,Zero
DATAFLOW,OECD.ELS.SAE:DSD_HW@DF_AVG_ANN_HRS_WKD(1.0),Average annual hours actually worked per worker,I,CZE,Czechia,HW,Hours worked,H_Y_PS,Hours per year per person,_Z,Not applicable,_Z,Not applicable,EMP,Employment,A,Annual,ACTUAL,Actual,_T,Total,_Z,Not applicable,MEAN,Mean,_Z,Not applicable,_T,Total,2019,,1783.155,,A,Normal value,,,0,Zero
DATAFLOW,OECD.ELS.SAE:DSD_HW@DF_AVG_ANN_HRS_WKD(1.0),Average annual hours actually worked per worker,I,CZE,Czechia,HW,Hours worked,H_Y_PS,Hours per year per person,_Z,Not applicable,_Z,Not applicable,EMP,Employment,A,Annual,ACTUAL,Actual,_T,Total,_Z,Not applicable,MEAN,Mean,_Z,Not applicable,_T,Total,2020,,1672.85,,A,Normal value,,,0,Zero
DATAFLOW,OECD.ELS.SAE:DSD_HW@DF_AVG_ANN_HRS_WKD(1.0),Average annual hours actually worked per worker,I,CZE,Czechia,HW,Hours worked,H_Y_PS,Hours per year per person,_Z,Not applicable,_Z,Not applicable,EMP,Employment,A,Annual,ACTUAL,Actual,_T,Total,_Z,Not applicable,MEAN,Mean,_Z,Not applicable,_T,Total,2021,,1721.583,,A,Normal value,,,0,Zero
DATAFLOW,OECD.ELS.SAE:DSD_HW@DF_AVG_ANN_HRS_WKD(1.0),Average annual hours actually worked per worker,I,CZE,Czechia,HW,Hours worked,H_Y_PS,Hours per year per person,_Z,Not applicable,_Z,Not applicable,EMP,Employment,A,Annual,ACTUAL,Actual,_T,Total,_Z,Not applicable,MEAN,Mean,_Z,Not applicable,_T,Total,2022,,1779.406,,A,Normal value,,,0,Zero
DATAFLOW,OECD.ELS.SAE:DSD_HW@DF_AVG_ANN_HRS_WKD(1.0),Average annual hours actually worked per worker,I,CZE,Czechia,HW,Hours worked,H_Y_PS,Hours per year per person,_Z,Not applicable,_Z,Not applicable,EMP,Employment,A,Annual,ACTUAL,Actual,_T,Total,_Z,Not applicable,MEAN,Mean,_Z,Not applicable,_T,Total,2023,,1782.534,,A,Normal value,,,0,Zero
DATAFLOW,OECD.ELS.SAE:DSD_HW@DF_AVG_ANN_HRS_WKD(1.0),Average annual hours actually worked per worker,I,DNK,Denmark,HW,Hours worked,H_Y_PS,Hours per year per person,_Z,Not applicable,_Z,Not applicable,EMP,Employment,A,Annual,ACTUAL,Actual,_T,Total,_Z,Not applicable,MEAN,Mean,_Z,Not applicable,_T,Total,2014,,1413.661,,A,Normal value,,,0,Zero
DATAFLOW,OECD.ELS.SAE:DSD_HW@DF_AVG_ANN_HRS_WKD(1.0),Average annual hours actually worked per worker,I,DNK,Denmark,HW,Hours worked,H_Y_PS,Hours per year per person,_Z,Not applicable,_Z,Not applicable,EMP,Employment,A,Annual,ACTUAL,Actual,_T,Total,_Z,Not applicable,MEAN,Mean,_Z,Not applicable,_T,Total,2015,,1406.893,,A,Normal value,,,0,Zero
DATAFLOW,OECD.ELS.SAE:DSD_HW@DF_AVG_ANN_HRS_WKD(1.0),Average annual hours actually worked per worker,I,DNK,Denmark,HW,Hours worked,H_Y_PS,Hours per year per person,_Z,Not applicable,_Z,Not applicable,EMP,Employment,A,Annual,ACTUAL,Actual,_T,Total,_Z,Not applicable,MEAN,Mean,_Z,Not applicable,_T,Total,2016,,1412.02,,A,Normal value,,,0,Zero
DATAFLOW,OECD.ELS.SAE:DSD_HW@DF_AVG_ANN_HRS_WKD(1.0),Average annual hours actually worked per worker,I,DNK,Denmark,HW,Hours worked,H_Y_PS,Hours per year per person,_Z,Not applicable,_Z,Not applicable,EMP,Employment,A,Annual,ACTUAL,Actual,_T,Total,_Z,Not applicable,MEAN,Mean,_Z,Not applicable,_T,Total,2017,,1404.075,,A,Normal value,,,0,Zero
DATAFLOW,OECD.ELS.SAE:DSD_HW@DF_AVG_ANN_HRS_WKD(1.0),Average annual hours actually worked per worker,I,DNK,Denmark,HW,Hours worked,H_Y_PS,Hours per year per person,_Z,Not applicable,_Z,Not applicable,EMP,Employment,A,Annual,ACTUAL,Actual,_T,Total,_Z,Not applicable,MEAN,Mean,_Z,Not applicable,_T,Total,2018,,1380.786,,A,Normal value,,,0,Zero
DATAFLOW,OECD.ELS.SAE:DSD_HW@DF_AVG_ANN_HRS_WKD(1.0),Average annual hours actually worked per worker,I,DNK,Denmark,HW,Hours worked,H_Y_PS,Hours per year per person,_Z,Not applicable,_Z,Not applicable,EMP,Employment,A,Annual,ACTUAL,Actual,_T,Total,_Z,Not applicable,MEAN,Mean,_Z,Not applicable,_T,Total,2019,,1372.389,,A,Normal value,,,0,Zero
DATAFLOW,OECD.ELS.SAE:DSD_HW@DF_AVG_ANN_HRS_WKD(1.0),Average annual hours actually worked per worker,I,DNK,Denmark,HW,Hours worked,H_Y_PS,Hours per year per person,_Z,Not applicable,_Z,Not applicable,EMP,Employment,A,Annual,ACTUAL,Actual,_T,Total,_Z,Not applicable,MEAN,Mean,_Z,Not applicable,_T,Total,2020,,1340.598,,A,Normal value,,,0,Zero
DATAFLOW,OECD.ELS.SAE:DSD_HW@DF_AVG_ANN_HRS_WKD(1.0),Average annual hours actually worked per worker,I,DNK,Denmark,HW,Hours worked,H_Y_PS,Hours per year per person,_Z,Not applicable,_Z,Not applicable,EMP,Employment,A,Annual,ACTUAL,Actual,_T,Total,_Z,Not applicable,MEAN,Mean,_Z,Not applicable,_T,Total,2021,,1388.824,,A,Normal value,,,0,Zero
DATAFLOW,OECD.ELS.SAE:DSD_HW@DF_AVG_ANN_HRS_WKD(1.0),Average annual hours actually worked per worker,I,DNK,Denmark,HW,Hours worked,H_Y_PS,Hours per year per person,_Z,Not applicable,_Z,Not applicable,EMP,Employment,A,Annual,ACTUAL,Actual,_T,Total,_Z,Not applicable,MEAN,Mean,_Z,Not applicable,_T,Total,2022,,1385.518,,A,Normal value,,,0,Zero
DATAFLOW,OECD.ELS.SAE:DSD_HW@DF_AVG_ANN_HRS_WKD(1.0),Average annual hours actually worked per worker,I,DNK,Denmark,HW,Hours worked,H_Y_PS,Hours per year per person,_Z,Not applicable,_Z,Not applicable,EMP,Employment,A,Annual,ACTUAL,Actual,_T,Total,_Z,Not applicable,MEAN,Mean,_Z,Not applicable,_T,Total,2023,,1374.35,,A,Normal value,,,0,Zero
DATAFLOW,OECD.ELS.SAE:DSD_HW@DF_AVG_ANN_HRS_WKD(1.0),Average annual hours actually worked per worker,I,EST,Estonia,HW,Hours worked,H_Y_PS,Hours per year per person,_Z,Not applicable,_Z,Not applicable,EMP,Employment,A,Annual,ACTUAL,Actual,_T,Total,_Z,Not applicable,MEAN,Mean,_Z,Not applicable,_T,Total,2018,,1707.297,,A,Normal value,,,0,Zero
DATAFLOW,OECD.ELS.SAE:DSD_HW@DF_AVG_ANN_HRS_WKD(1.0),Average annual hours actually worked per worker,I,EST,Estonia,HW,Hours worked,H_Y_PS,Hours per year per person,_Z,Not applicable,_Z,Not applicable,EMP,Employment,A,Annual,ACTUAL,Actual,_T,Total,_Z,Not applicable,MEAN,Mean,_Z,Not applicable,_T,Total,2019,,1694.283,,A,Normal value,,,0,Zero
DATAFLOW,OECD.ELS.SAE:DSD_HW@DF_AVG_ANN_HRS_WKD(1.0),Average annual hours actually worked per worker,I,EST,Estonia,HW,Hours worked,H_Y_PS,Hours per year per person,_Z,Not applicable,_Z,Not applicable,EMP,Employment,A,Annual,ACTUAL,Actual,_T,Total,_Z,Not applicable,MEAN,Mean,_Z,Not applicable,_T,Total,2020,,1637.244,,A,Normal value,,,0,Zero
DATAFLOW,OECD.ELS.SAE:DSD_HW@DF_AVG_ANN_HRS_WKD(1.0),Average annual hours actually worked per worker,I,EST,Estonia,HW,Hours worked,H_Y_PS,Hours per year per person,_Z,Not applicable,_Z,Not applicable,EMP,Employment,A,Annual,ACTUAL,Actual,_T,Total,_Z,Not applicable,MEAN,Mean,_Z,Not applicable,_T,Total,2021,,1625.448,,A,Normal value,,,0,Zero
DATAFLOW,OECD.ELS.SAE:DSD_HW@DF_AVG_ANN_HRS_WKD(1.0),Average annual hours actually worked per worker,I,EST,Estonia,HW,Hours worked,H_Y_PS,Hours per year per person,_Z,Not applicable,_Z,Not applicable,EMP,Employment,A,Annual,ACTUAL,Actual,_T,Total,_Z,Not applicable,MEAN,Mean,_Z,Not applicable,_T,Total,2022,,1601.71,,A,Normal value,,,0,Zero
DATAFLOW,OECD.ELS.SAE:DSD_HW@DF_AVG_ANN_HRS_WKD(1.0),Average annual hours actually worked per worker,I,EST,Estonia,HW,Hours worked,H_Y_PS,Hours per year per person,_Z,Not applicable,_Z,Not applicable,EMP,Employment,A,Annual,ACTUAL,Actual,_T,Total,_Z,Not applicable,MEAN,Mean,_Z,Not applicable,_T,Total,2023,,1605.752,,A,Normal value,,,0,Zero
DATAFLOW,OECD.ELS.SAE:DSD_HW@DF_AVG_ANN_HRS_WKD(1.0),Average annual hours actually worked per worker,I,FIN,Finland,HW,Hours worked,H_Y_PS,Hours per year per person,_Z,Not applicable,_Z,Not applicable,EMP,Employment,A,Annual,ACTUAL,Actual,_T,Total,_Z,Not applicable,MEAN,Mean,_Z,Not applicable,_T,Total,2014,,1556.484,,A,Normal value,,,0,Zero
DATAFLOW,OECD.ELS.SAE:DSD_HW@DF_AVG_ANN_HRS_WKD(1.0),Average annual hours actually worked per worker,I,FIN,Finland,HW,Hours worked,H_Y_PS,Hours per year per person,_Z,Not applicable,_Z,Not applicable,EMP,Employment,A,Annual,ACTUAL,Actual,_T,Total,_Z,Not applicable,MEAN,Mean,_Z,Not applicable,_T,Total,2015,,1554.887,,A,Normal value,,,0,Zero
DATAFLOW,OECD.ELS.SAE:DSD_HW@DF_AVG_ANN_HRS_WKD(1.0),Average annual hours actually worked per worker,I,FIN,Finland,HW,Hours worked,H_Y_PS,Hours per year per person,_Z,Not applicable,_Z,Not applicable,EMP,Employment,A,Annual,ACTUAL,Actual,_T,Total,_Z,Not applicable,MEAN,Mean,_Z,Not applicable,_T,Total,2017,,1548.452,,A,Normal value,,,0,Zero
DATAFLOW,OECD.ELS.SAE:DSD_HW@DF_AVG_ANN_HRS_WKD(1.0),Average annual hours actually worked per worker,I,FIN,Finland,HW,Hours worked,H_Y_PS,Hours per year per person,_Z,Not applicable,_Z,Not applicable,EMP,Employment,A,Annual,ACTUAL,Actual,_T,Total,_Z,Not applicable,MEAN,Mean,_Z,Not applicable,_T,Total,2018,,1546.655,,A,Normal value,,,0,Zero
DATAFLOW,OECD.ELS.SAE:DSD_HW@DF_AVG_ANN_HRS_WKD(1.0),Average annual hours actually worked per worker,I,FIN,Finland,HW,Hours worked,H_Y_PS,Hours per year per person,_Z,Not applicable,_Z,Not applicable,EMP,Employment,A,Annual,ACTUAL,Actual,_T,Total,_Z,Not applicable,MEAN,Mean,_Z,Not applicable,_T,Total,2019,,1536.442,,A,Normal value,,,0,Zero
DATAFLOW,OECD.ELS.SAE:DSD_HW@DF_AVG_ANN_HRS_WKD(1.0),Average annual hours actually worked per worker,I,FIN,Finland,HW,Hours worked,H_Y_PS,Hours per year per person,_Z,Not applicable,_Z,Not applicable,EMP,Employment,A,Annual,ACTUAL,Actual,_T,Total,_Z,Not applicable,MEAN,Mean,_Z,Not applicable,_T,Total,2020,,1528.76,,A,Normal value,,,0,Zero
DATAFLOW,OECD.ELS.SAE:DSD_HW@DF_AVG_ANN_HRS_WKD(1.0),Average annual hours actually worked per worker,I,FIN,Finland,HW,Hours worked,H_Y_PS,Hours per year per person,_Z,Not applicable,_Z,Not applicable,EMP,Employment,A,Annual,ACTUAL,Actual,_T,Total,_Z,Not applicable,MEAN,Mean,_Z,Not applicable,_T,Total,2021,,1526.753,,A,Normal value,,,0,Zero
DATAFLOW,OECD.ELS.SAE:DSD_HW@DF_AVG_ANN_HRS_WKD(1.0),Average annual hours actually worked per worker,I,FIN,Finland,HW,Hours worked,H_Y_PS,Hours per year per person,_Z,Not applicable,_Z,Not applicable,EMP,Employment,A,Annual,ACTUAL,Actual,_T,Total,_Z,Not applicable,MEAN,Mean,_Z,Not applicable,_T,Total,2022,,1512.554,,A,Normal value,,,0,Zero
DATAFLOW,OECD.ELS.SAE:DSD_HW@DF_AVG_ANN_HRS_WKD(1.0),Average annual hours actually worked per worker,I,FIN,Finland,HW,Hours worked,H_Y_PS,Hours per year per person,_Z,Not applicable,_Z,Not applicable,EMP,Employment,A,Annual,ACTUAL,Actual,_T,Total,_Z,Not applicable,MEAN,Mean,_Z,Not applicable,_T,Total,2023,,1500.011,,A,Normal value,,,0,Zero
DATAFLOW,OECD.ELS.SAE:DSD_HW@DF_AVG_ANN_HRS_WKD(1.0),Average annual hours actually worked per worker,I,FRA,France,HW,Hours worked,H_Y_PS,Hours per year per person,_Z,Not applicable,_Z,Not applicable,EMP,Employment,A,Annual,ACTUAL,Actual,_T,Total,_Z,Not applicable,MEAN,Mean,_Z,Not applicable,_T,Total,2014,,1504.18,,A,Normal value,,,0,Zero
DATAFLOW,OECD.ELS.SAE:DSD_HW@DF_AVG_ANN_HRS_WKD(1.0),Average annual hours actually worked per worker,I,FRA,France,HW,Hours worked,H_Y_PS,Hours per year per person,_Z,Not applicable,_Z,Not applicable,EMP,Employment,A,Annual,ACTUAL,Actual,_T,Total,_Z,Not applicable,MEAN,Mean,_Z,Not applicable,_T,Total,2015,,1504.333,,A,Normal value,,,0,Zero
DATAFLOW,OECD.ELS.SAE:DSD_HW@DF_AVG_ANN_HRS_WKD(1.0),Average annual hours actually worked per worker,I,FRA,France,HW,Hours worked,H_Y_PS,Hours per year per person,_Z,Not applicable,_Z,Not applicable,EMP,Employment,A,Annual,ACTUAL,Actual,_T,Total,_Z,Not applicable,MEAN,Mean,_Z,Not applicable,_T,Total,2016,,1507.393,,A,Normal value,,,0,Zero
DATAFLOW,OECD.ELS.SAE:DSD_HW@DF_AVG_ANN_HRS_WKD(1.0),Average annual hours actually worked per worker,I,FRA,France,HW,Hours worked,H_Y_PS,Hours per year per person,_Z,Not applicable,_Z,Not applicable,EMP,Employment,A,Annual,ACTUAL,Actual,_T,Total,_Z,Not applicable,MEAN,Mean,_Z,Not applicable,_T,Total,2018,,1499.653,,A,Normal value,,,0,Zero
DATAFLOW,OECD.ELS.SAE:DSD_HW@DF_AVG_ANN_HRS_WKD(1.0),Average annual hours actually worked per worker,I,FRA,France,HW,Hours worked,H_Y_PS,Hours per year per person,_Z,Not applicable,_Z,Not applicable,EMP,Employment,A,Annual,ACTUAL,Actual,_T,Total,_Z,Not applicable,MEAN,Mean,_Z,Not applicable,_T,Total,2020,,1390.852,,A,Normal value,,,0,Zero
DATAFLOW,OECD.ELS.SAE:DSD_HW@DF_AVG_ANN_HRS_WKD(1.0),Average annual hours actually worked per worker,I,FRA,France,HW,Hours worked,H_Y_PS,Hours per year per person,_Z,Not applicable,_Z,Not applicable,EMP,Employment,A,Annual,ACTUAL,Actual,_T,Total,_Z,Not applicable,MEAN,Mean,_Z,Not applicable,_T,Total,2021,,1468.611,,A,Normal value,,,0,Zero
DATAFLOW,OECD.ELS.SAE:DSD_HW@DF_AVG_ANN_HRS_WKD(1.0),Average annual hours actually worked per worker,I,FRA,France,HW,Hours worked,H_Y_PS,Hours per year per person,_Z,Not applicable,_Z,Not applicable,EMP,Employment,A,Annual,ACTUAL,Actual,_T,Total,_Z,Not applicable,MEAN,Mean,_Z,Not applicable,_T,Total,2022,,1498.001,,A,Normal value,,,0,Zero
DATAFLOW,OECD.ELS.SAE:DSD_HW@DF_AVG_ANN_HRS_WKD(1.0),Average annual hours actually worked per worker,I,FRA,France,HW,Hours worked,H_Y_PS,Hours per year per person,_Z,Not applicable,_Z,Not applicable,EMP,Employment,A,Annual,ACTUAL,Actual,_T,Total,_Z,Not applicable,MEAN,Mean,_Z,Not applicable,_T,Total,2023,,1503.07,,A,Normal value,,,0,Zero
DATAFLOW,OECD.ELS.SAE:DSD_HW@DF_AVG_ANN_HRS_WKD(1.0),Average annual hours actually worked per worker,I,DEU,Germany,HW,Hours worked,H_Y_PS,Hours per year per person,_Z,Not applicable,_Z,Not applicable,EMP,Employment,A,Annual,ACTUAL,Actual,_T,Total,_Z,Not applicable,MEAN,Mean,_Z,Not applicable,_T,Total,2014,,1400,,A,Normal value,,,0,Zero
DATAFLOW,OECD.ELS.SAE:DSD_HW@DF_AVG_ANN_HRS_WKD(1.0),Average annual hours actually worked per worker,I,DEU,Germany,HW,Hours worked,H_Y_PS,Hours per year per person,_Z,Not applicable,_Z,Not applicable,EMP,Employment,A,Annual,ACTUAL,Actual,_T,Total,_Z,Not applicable,MEAN,Mean,_Z,Not applicable,_T,Total,2015,,1401.6,,A,Normal value,,,0,Zero
DATAFLOW,OECD.ELS.SAE:DSD_HW@DF_AVG_ANN_HRS_WKD(1.0),Average annual hours actually worked per worker,I,DEU,Germany,HW,Hours worked,H_Y_PS,Hours per year per person,_Z,Not applicable,_Z,Not applicable,EMP,Employment,A,Annual,ACTUAL,Actual,_T,Total,_Z,Not applicable,MEAN,Mean,_Z,Not applicable,_T,Total,2016,,1395.8,,A,Normal value,,,0,Zero
DATAFLOW,OECD.ELS.SAE:DSD_HW@DF_AVG_ANN_HRS_WKD(1.0),Average annual hours actually worked per worker,I,DEU,Germany,HW,Hours worked,H_Y_PS,Hours per year per person,_Z,Not applicable,_Z,Not applicable,EMP,Employment,A,Annual,ACTUAL,Actual,_T,Total,_Z,Not applicable,MEAN,Mean,_Z,Not applicable,_T,Total,2017,,1388.2,,A,Normal value,,,0,Zero
DATAFLOW,OECD.ELS.SAE:DSD_HW@DF_AVG_ANN_HRS_WKD(1.0),Average annual hours actually worked per worker,I,DEU,Germany,HW,Hours worked,H_Y_PS,Hours per year per person,_Z,Not applicable,_Z,Not applicable,EMP,Employment,A,Annual,ACTUAL,Actual,_T,Total,_Z,Not applicable,MEAN,Mean,_Z,Not applicable,_T,Total,2018,,1380.7,,A,Normal value,,,0,Zero
DATAFLOW,OECD.ELS.SAE:DSD_HW@DF_AVG_ANN_HRS_WKD(1.0),Average annual hours actually worked per worker,I,DEU,Germany,HW,Hours worked,H_Y_PS,Hours per year per person,_Z,Not applicable,_Z,Not applicable,EMP,Employment,A,Annual,ACTUAL,Actual,_T,Total,_Z,Not applicable,MEAN,Mean,_Z,Not applicable,_T,Total,2019,,1372,,A,Normal value,,,0,Zero
DATAFLOW,OECD.ELS.SAE:DSD_HW@DF_AVG_ANN_HRS_WKD(1.0),Average annual hours actually worked per worker,I,DEU,Germany,HW,Hours worked,H_Y_PS,Hours per year per person,_Z,Not applicable,_Z,Not applicable,EMP,Employment,A,Annual,ACTUAL,Actual,_T,Total,_Z,Not applicable,MEAN,Mean,_Z,Not applicable,_T,Total,2020,,1313.6,,A,Normal value,,,0,Zero
DATAFLOW,OECD.ELS.SAE:DSD_HW@DF_AVG_ANN_HRS_WKD(1.0),Average annual hours actually worked per worker,I,DEU,Germany,HW,Hours worked,H_Y_PS,Hours per year per person,_Z,Not applicable,_Z,Not applicable,EMP,Employment,A,Annual,ACTUAL,Actual,_T,Total,_Z,Not applicable,MEAN,Mean,_Z,Not applicable,_T,Total,2021,,1341.2,,A,Normal value,,,0,Zero
DATAFLOW,OECD.ELS.SAE:DSD_HW@DF_AVG_ANN_HRS_WKD(1.0),Average annual hours actually worked per worker,I,DEU,Germany,HW,Hours worked,H_Y_PS,Hours per year per person,_Z,Not applicable,_Z,Not applicable,EMP,Employment,A,Annual,ACTUAL,Actual,_T,Total,_Z,Not applicable,MEAN,Mean,_Z,Not applicable,_T,Total,2022,,1343.4,,A,Normal value,,,0,Zero
DATAFLOW,OECD.ELS.SAE:DSD_HW@DF_AVG_ANN_HRS_WKD(1.0),Average annual hours actually worked per worker,I,DEU,Germany,HW,Hours worked,H_Y_PS,Hours per year per person,_Z,Not applicable,_Z,Not applicable,EMP,Employment,A,Annual,ACTUAL,Actual,_T,Total,_Z,Not applicable,MEAN,Mean,_Z,Not applicable,_T,Total,2023,,1338.8,,A,Normal value,,,0,Zero
DATAFLOW,OECD.ELS.SAE:DSD_HW@DF_AVG_ANN_HRS_WKD(1.0),Average annual hours actually worked per worker,I,GRC,Greece,HW,Hours worked,H_Y_PS,Hours per year per person,_Z,Not applicable,_Z,Not applicable,EMP,Employment,A,Annual,ACTUAL,Actual,_T,Total,_Z,Not applicable,MEAN,Mean,_Z,Not applicable,_T,Total,2014,,1949.334,,A,Normal value,,,0,Zero
DATAFLOW,OECD.ELS.SAE:DSD_HW@DF_AVG_ANN_HRS_WKD(1.0),Average annual hours actually worked per worker,I,GRC,Greece,HW,Hours worked,H_Y_PS,Hours per year per person,_Z,Not applicable,_Z,Not applicable,EMP,Employment,A,Annual,ACTUAL,Actual,_T,Total,_Z,Not applicable,MEAN,Mean,_Z,Not applicable,_T,Total,2015,,1934.987,,A,Normal value,,,0,Zero
DATAFLOW,OECD.ELS.SAE:DSD_HW@DF_AVG_ANN_HRS_WKD(1.0),Average annual hours actually worked per worker,I,GRC,Greece,HW,Hours worked,H_Y_PS,Hours per year per person,_Z,Not applicable,_Z,Not applicable,EMP,Employment,A,Annual,ACTUAL,Actual,_T,Total,_Z,Not applicable,MEAN,Mean,_Z,Not applicable,_T,Total,2017,,1946.941,,A,Normal value,,,0,Zero
DATAFLOW,OECD.ELS.SAE:DSD_HW@DF_AVG_ANN_HRS_WKD(1.0),Average annual hours actually worked per worker,I,GRC,Greece,HW,Hours worked,H_Y_PS,Hours per year per person,_Z,Not applicable,_Z,Not applicable,EMP,Employment,A,Annual,ACTUAL,Actual,_T,Total,_Z,Not applicable,MEAN,Mean,_Z,Not applicable,_T,Total,2019,,1917.596,,A,Normal value,,,0,Zero
DATAFLOW,OECD.ELS.SAE:DSD_HW@DF_AVG_ANN_HRS_WKD(1.0),Average annual hours actually worked per worker,I,GRC,Greece,HW,Hours worked,H_Y_PS,Hours per year per person,_Z,Not applicable,_Z,Not applicable,EMP,Employment,A,Annual,ACTUAL,Actual,_T,Total,_Z,Not applicable,MEAN,Mean,_Z,Not applicable,_T,Total,2021,,1853.801,,A,Normal value,,,0,Zero
DATAFLOW,OECD.ELS.SAE:DSD_HW@DF_AVG_ANN_HRS_WKD(1.0),Average annual hours actually worked per worker,I,GRC,Greece,HW,Hours worked,H_Y_PS,Hours per year per person,_Z,Not applicable,_Z,Not applicable,EMP,Employment,A,Annual,ACTUAL,Actual,_T,Total,_Z,Not applicable,MEAN,Mean,_Z,Not applicable,_T,Total,2022,,1892.062,,A,Normal value,,,0,Zero
DATAFLOW,OECD.ELS.SAE:DSD_HW@DF_AVG_ANN_HRS_WKD(1.0),Average annual hours actually worked per worker,I,GRC,Greece,HW,Hours worked,H_Y_PS,Hours per year per person,_Z,Not applicable,_Z,Not applicable,EMP,Employment,A,Annual,ACTUAL,Actual,_T,Total,_Z,Not applicable,MEAN,Mean,_Z,Not applicable,_T,Total,2023,,1893.911,,A,Normal value,,,0,Zero
DATAFLOW,OECD.ELS.SAE:DSD_HW@DF_AVG_ANN_HRS_WKD(1.0),Average annual hours actually worked per worker,I,HUN,Hungary,HW,Hours worked,H_Y_PS,Hours per year per person,_Z,Not applicable,_Z,Not applicable,EMP,Employment,A,Annual,ACTUAL,Actual,_T,Total,_Z,Not applicable,MEAN,Mean,_Z,Not applicable,_T,Total,2014,,1748.943,,A,Normal value,,,0,Zero
DATAFLOW,OECD.ELS.SAE:DSD_HW@DF_AVG_ANN_HRS_WKD(1.0),Average annual hours actually worked per worker,I,HUN,Hungary,HW,Hours worked,H_Y_PS,Hours per year per person,_Z,Not applicable,_Z,Not applicable,EMP,Employment,A,Annual,ACTUAL,Actual,_T,Total,_Z,Not applicable,MEAN,Mean,_Z,Not applicable,_T,Total,2015,,1746.175,,A,Normal value,,,0,Zero
DATAFLOW,OECD.ELS.SAE:DSD_HW@DF_AVG_ANN_HRS_WKD(1.0),Average annual hours actually worked per worker,I,HUN,Hungary,HW,Hours worked,H_Y_PS,Hours per year per person,_Z,Not applicable,_Z,Not applicable,EMP,Employment,A,Annual,ACTUAL,Actual,_T,Total,_Z,Not applicable,MEAN,Mean,_Z,Not applicable,_T,Total,2016,,1760.722,,A,Normal value,,,0,Zero
DATAFLOW,OECD.ELS.SAE:DSD_HW@DF_AVG_ANN_HRS_WKD(1.0),Average annual hours actually worked per worker,I,HUN,Hungary,HW,Hours worked,H_Y_PS,Hours per year per person,_Z,Not applicable,_Z,Not applicable,EMP,Employment,A,Annual,ACTUAL,Actual,_T,Total,_Z,Not applicable,MEAN,Mean,_Z,Not applicable,_T,Total,2017,,1746.411,,A,Normal value,,,0,Zero
DATAFLOW,OECD.ELS.SAE:DSD_HW@DF_AVG_ANN_HRS_WKD(1.0),Average annual hours actually worked per worker,I,HUN,Hungary,HW,Hours worked,H_Y_PS,Hours per year per person,_Z,Not applicable,_Z,Not applicable,EMP,Employment,A,Annual,ACTUAL,Actual,_T,Total,_Z,Not applicable,MEAN,Mean,_Z,Not applicable,_T,Total,2018,,1729.03,,A,Normal value,,,0,Zero
DATAFLOW,OECD.ELS.SAE:DSD_HW@DF_AVG_ANN_HRS_WKD(1.0),Average annual hours actually worked per worker,I,HUN,Hungary,HW,Hours worked,H_Y_PS,Hours per year per person,_Z,Not applicable,_Z,Not applicable,EMP,Employment,A,Annual,ACTUAL,Actual,_T,Total,_Z,Not applicable,MEAN,Mean,_Z,Not applicable,_T,Total,2019,,1720.687,,A,Normal value,,,0,Zero
DATAFLOW,OECD.ELS.SAE:DSD_HW@DF_AVG_ANN_HRS_WKD(1.0),Average annual hours actually worked per worker,I,HUN,Hungary,HW,Hours worked,H_Y_PS,Hours per year per person,_Z,Not applicable,_Z,Not applicable,EMP,Employment,A,Annual,ACTUAL,Actual,_T,Total,_Z,Not applicable,MEAN,Mean,_Z,Not applicable,_T,Total,2020,,1658.178,,A,Normal value,,,0,Zero
DATAFLOW,OECD.ELS.SAE:DSD_HW@DF_AVG_ANN_HRS_WKD(1.0),Average annual hours actually worked per worker,I,HUN,Hungary,HW,Hours worked,H_Y_PS,Hours per year per person,_Z,Not applicable,_Z,Not applicable,EMP,Employment,A,Annual,ACTUAL,Actual,_T,Total,_Z,Not applicable,MEAN,Mean,_Z,Not applicable,_T,Total,2021,,1689.064,,A,Normal value,,,0,Zero
DATAFLOW,OECD.ELS.SAE:DSD_HW@DF_AVG_ANN_HRS_WKD(1.0),Average annual hours actually worked per worker,I,HUN,Hungary,HW,Hours worked,H_Y_PS,Hours per year per person,_Z,Not applicable,_Z,Not applicable,EMP,Employment,A,Annual,ACTUAL,Actual,_T,Total,_Z,Not applicable,MEAN,Mean,_Z,Not applicable,_T,Total,2022,,1698.317,,A,Normal value,,,0,Zero
DATAFLOW,OECD.ELS.SAE:DSD_HW@DF_AVG_ANN_HRS_WKD(1.0),Average annual hours actually worked per worker,I,HUN,Hungary,HW,Hours worked,H_Y_PS,Hours per year per person,_Z,Not applicable,_Z,Not applicable,EMP,Employment,A,Annual,ACTUAL,Actual,_T,Total,_Z,Not applicable,MEAN,Mean,_Z,Not applicable,_T,Total,2023,,1668.916,,A,Normal value,,,0,Zero
DATAFLOW,OECD.ELS.SAE:DSD_HW@DF_AVG_ANN_HRS_WKD(1.0),Average annual hours actually worked per worker,I,ISL,Iceland,HW,Hours worked,H_Y_PS,Hours per year per person,_Z,Not applicable,_Z,Not applicable,EMP,Employment,A,Annual,ACTUAL,Actual,_T,Total,_Z,Not applicable,MEAN,Mean,_Z,Not applicable,_T,Total,2023,,1456.523,,A,Normal value,,,0,Zero
DATAFLOW,OECD.ELS.SAE:DSD_HW@DF_AVG_ANN_HRS_WKD(1.0),Average annual hours actually worked per worker,I,IRL,Ireland,HW,Hours worked,H_Y_PS,Hours per year per person,_Z,Not applicable,_Z,Not applicable,EMP,Employment,A,Annual,ACTUAL,Actual,_T,Total,_Z,Not applicable,MEAN,Mean,_Z,Not applicable,_T,Total,2014,,1707.493,,A,Normal value,,,0,Zero
DATAFLOW,OECD.ELS.SAE:DSD_HW@DF_AVG_ANN_HRS_WKD(1.0),Average annual hours actually worked per worker,I,IRL,Ireland,HW,Hours worked,H_Y_PS,Hours per year per person,_Z,Not applicable,_Z,Not applicable,EMP,Employment,A,Annual,ACTUAL,Actual,_T,Total,_Z,Not applicable,MEAN,Mean,_Z,Not applicable,_T,Total,2015,,1699.261,,A,Normal value,,,0,Zero
DATAFLOW,OECD.ELS.SAE:DSD_HW@DF_AVG_ANN_HRS_WKD(1.0),Average annual hours actually worked per worker,I,IRL,Ireland,HW,Hours worked,H_Y_PS,Hours per year per person,_Z,Not applicable,_Z,Not applicable,EMP,Employment,A,Annual,ACTUAL,Actual,_T,Total,_Z,Not applicable,MEAN,Mean,_Z,Not applicable,_T,Total,2016,,1722.722,,A,Normal value,,,0,Zero
DATAFLOW,OECD.ELS.SAE:DSD_HW@DF_AVG_ANN_HRS_WKD(1.0),Average annual hours actually worked per worker,I,IRL,Ireland,HW,Hours worked,H_Y_PS,Hours per year per person,_Z,Not applicable,_Z,Not applicable,EMP,Employment,A,Annual,ACTUAL,Actual,_T,Total,_Z,Not applicable,MEAN,Mean,_Z,Not applicable,_T,Total,2017,,1745.344,,A,Normal value,,,0,Zero
DATAFLOW,OECD.ELS.SAE:DSD_HW@DF_AVG_ANN_HRS_WKD(1.0),Average annual hours actually worked per worker,I,IRL,Ireland,HW,Hours worked,H_Y_PS,Hours per year per person,_Z,Not applicable,_Z,Not applicable,EMP,Employment,A,Annual,ACTUAL,Actual,_T,Total,_Z,Not applicable,MEAN,Mean,_Z,Not applicable,_T,Total,2018,,1758.46,,A,Normal value,,,0,Zero
DATAFLOW,OECD.ELS.SAE:DSD_HW@DF_AVG_ANN_HRS_WKD(1.0),Average annual hours actually worked per worker,I,IRL,Ireland,HW,Hours worked,H_Y_PS,Hours per year per person,_Z,Not applicable,_Z,Not applicable,EMP,Employment,A,Annual,ACTUAL,Actual,_T,Total,_Z,Not applicable,MEAN,Mean,_Z,Not applicable,_T,Total,2019,,1760.02,,A,Normal value,,,0,Zero
DATAFLOW,OECD.ELS.SAE:DSD_HW@DF_AVG_ANN_HRS_WKD(1.0),Average annual hours actually worked per worker,I,IRL,Ireland,HW,Hours worked,H_Y_PS,Hours per year per person,_Z,Not applicable,_Z,Not applicable,EMP,Employment,A,Annual,ACTUAL,Actual,_T,Total,_Z,Not applicable,MEAN,Mean,_Z,Not applicable,_T,Total,2020,,1635.618,,A,Normal value,,,0,Zero
DATAFLOW,OECD.ELS.SAE:DSD_HW@DF_AVG_ANN_HRS_WKD(1.0),Average annual hours actually worked per worker,I,IRL,Ireland,HW,Hours worked,H_Y_PS,Hours per year per person,_Z,Not applicable,_Z,Not applicable,EMP,Employment,A,Annual,ACTUAL,Actual,_T,Total,_Z,Not applicable,MEAN,Mean,_Z,Not applicable,_T,Total,2021,,1650.404,,A,Normal value,,,0,Zero
DATAFLOW,OECD.ELS.SAE:DSD_HW@DF_AVG_ANN_HRS_WKD(1.0),Average annual hours actually worked per worker,I,IRL,Ireland,HW,Hours worked,H_Y_PS,Hours per year per person,_Z,Not applicable,_Z,Not applicable,EMP,Employment,A,Annual,ACTUAL,Actual,_T,Total,_Z,Not applicable,MEAN,Mean,_Z,Not applicable,_T,Total,2022,,1682.55,,A,Normal value,,,0,Zero
DATAFLOW,OECD.ELS.SAE:DSD_HW@DF_AVG_ANN_HRS_WKD(1.0),Average annual hours actually worked per worker,I,IRL,Ireland,HW,Hours worked,H_Y_PS,Hours per year per person,_Z,Not applicable,_Z,Not applicable,EMP,Employment,A,Annual,ACTUAL,Actual,_T,Total,_Z,Not applicable,MEAN,Mean,_Z,Not applicable,_T,Total,2023,,1654.047,,A,Normal value,,,0,Zero
DATAFLOW,OECD.ELS.SAE:DSD_HW@DF_AVG_ANN_HRS_WKD(1.0),Average annual hours actually worked per worker,I,ISR,Israel,HW,Hours worked,H_Y_PS,Hours per year per person,_Z,Not applicable,_Z,Not applicable,EMP,Employment,A,Annual,ACTUAL,Actual,_T,Total,_Z,Not applicable,MEAN,Mean,_Z,Not applicable,_T,Total,2014,,1893,,A,Normal value,,,0,Zero
DATAFLOW,OECD.ELS.SAE:DSD_HW@DF_AVG_ANN_HRS_WKD(1.0),Average annual hours actually worked per worker,I,ISR,Israel,HW,Hours worked,H_Y_PS,Hours per year per person,_Z,Not applicable,_Z,Not applicable,EMP,Employment,A,Annual,ACTUAL,Actual,_T,Total,_Z,Not applicable,MEAN,Mean,_Z,Not applicable,_T,Total,2015,,1894,,A,Normal value,,,0,Zero
DATAFLOW,OECD.ELS.SAE:DSD_HW@DF_AVG_ANN_HRS_WKD(1.0),Average annual hours actually worked per worker,I,ISR,Israel,HW,Hours worked,H_Y_PS,Hours per year per person,_Z,Not applicable,_Z,Not applicable,EMP,Employment,A,Annual,ACTUAL,Actual,_T,Total,_Z,Not applicable,MEAN,Mean,_Z,Not applicable,_T,Total,2016,,1919,,A,Normal value,,,0,Zero
DATAFLOW,OECD.ELS.SAE:DSD_HW@DF_AVG_ANN_HRS_WKD(1.0),Average annual hours actually worked per worker,I,ISR,Israel,HW,Hours worked,H_Y_PS,Hours per year per person,_Z,Not applicable,_Z,Not applicable,EMP,Employment,A,Annual,ACTUAL,Actual,_T,Total,_Z,Not applicable,MEAN,Mean,_Z,Not applicable,_T,Total,2017,,1918,,A,Normal value,,,0,Zero
DATAFLOW,OECD.ELS.SAE:DSD_HW@DF_AVG_ANN_HRS_WKD(1.0),Average annual hours actually worked per worker,I,ISR,Israel,HW,Hours worked,H_Y_PS,Hours per year per person,_Z,Not applicable,_Z,Not applicable,EMP,Employment,A,Annual,ACTUAL,Actual,_T,Total,_Z,Not applicable,MEAN,Mean,_Z,Not applicable,_T,Total,2018,,1911,,A,Normal value,,,0,Zero
DATAFLOW,OECD.ELS.SAE:DSD_HW@DF_AVG_ANN_HRS_WKD(1.0),Average annual hours actually worked per worker,I,ISR,Israel,HW,Hours worked,H_Y_PS,Hours per year per person,_Z,Not applicable,_Z,Not applicable,EMP,Employment,A,Annual,ACTUAL,Actual,_T,Total,_Z,Not applicable,MEAN,Mean,_Z,Not applicable,_T,Total,2019,,1895,,A,Normal value,,,0,Zero
DATAFLOW,OECD.ELS.SAE:DSD_HW@DF_AVG_ANN_HRS_WKD(1.0),Average annual hours actually worked per worker,I,ISR,Israel,HW,Hours worked,H_Y_PS,Hours per year per person,_Z,Not applicable,_Z,Not applicable,EMP,Employment,A,Annual,ACTUAL,Actual,_T,Total,_Z,Not applicable,MEAN,Mean,_Z,Not applicable,_T,Total,2020,,1778,,A,Normal value,,,0,Zero
DATAFLOW,OECD.ELS.SAE:DSD_HW@DF_AVG_ANN_HRS_WKD(1.0),Average annual hours actually worked per worker,I,ISR,Israel,HW,Hours worked,H_Y_PS,Hours per year per person,_Z,Not applicable,_Z,Not applicable,EMP,Employment,A,Annual,ACTUAL,Actual,_T,Total,_Z,Not applicable,MEAN,Mean,_Z,Not applicable,_T,Total,2021,,1877,,A,Normal value,,,0,Zero
DATAFLOW,OECD.ELS.SAE:DSD_HW@DF_AVG_ANN_HRS_WKD(1.0),Average annual hours actually worked per worker,I,ISR,Israel,HW,Hours worked,H_Y_PS,Hours per year per person,_Z,Not applicable,_Z,Not applicable,EMP,Employment,A,Annual,ACTUAL,Actual,_T,Total,_Z,Not applicable,MEAN,Mean,_Z,Not applicable,_T,Total,2022,,1891,,A,Normal value,,,0,Zero
DATAFLOW,OECD.ELS.SAE:DSD_HW@DF_AVG_ANN_HRS_WKD(1.0),Average annual hours actually worked per worker,I,ISR,Israel,HW,Hours worked,H_Y_PS,Hours per year per person,_Z,Not applicable,_Z,Not applicable,EMP,Employment,A,Annual,ACTUAL,Actual,_T,Total,_Z,Not applicable,MEAN,Mean,_Z,Not applicable,_T,Total,2023,,1881,,A,Normal value,,,0,Zero
DATAFLOW,OECD.ELS.SAE:DSD_HW@DF_AVG_ANN_HRS_WKD(1.0),Average annual hours actually worked per worker,I,ITA,Italy,HW,Hours worked,H_Y_PS,Hours per year per person,_Z,Not applicable,_Z,Not applicable,EMP,Employment,A,Annual,ACTUAL,Actual,_T,Total,_Z,Not applicable,MEAN,Mean,_Z,Not applicable,_T,Total,2014,,1685.6,,A,Normal value,,,0,Zero
DATAFLOW,OECD.ELS.SAE:DSD_HW@DF_AVG_ANN_HRS_WKD(1.0),Average annual hours actually worked per worker,I,ITA,Italy,HW,Hours worked,H_Y_PS,Hours per year per person,_Z,Not applicable,_Z,Not applicable,EMP,Employment,A,Annual,ACTUAL,Actual,_T,Total,_Z,Not applicable,MEAN,Mean,_Z,Not applicable,_T,Total,2015,,1688.1,,A,Normal value,,,0,Zero
DATAFLOW,OECD.ELS.SAE:DSD_HW@DF_AVG_ANN_HRS_WKD(1.0),Average annual hours actually worked per worker,I,ITA,Italy,HW,Hours worked,H_Y_PS,Hours per year per person,_Z,Not applicable,_Z,Not applicable,EMP,Employment,A,Annual,ACTUAL,Actual,_T,Total,_Z,Not applicable,MEAN,Mean,_Z,Not applicable,_T,Total,2016,,1692.1,,A,Normal value,,,0,Zero
DATAFLOW,OECD.ELS.SAE:DSD_HW@DF_AVG_ANN_HRS_WKD(1.0),Average annual hours actually worked per worker,I,ITA,Italy,HW,Hours worked,H_Y_PS,Hours per year per person,_Z,Not applicable,_Z,Not applicable,EMP,Employment,A,Annual,ACTUAL,Actual,_T,Total,_Z,Not applicable,MEAN,Mean,_Z,Not applicable,_T,Total,2017,,1690.7,,A,Normal value,,,0,Zero
DATAFLOW,OECD.ELS.SAE:DSD_HW@DF_AVG_ANN_HRS_WKD(1.0),Average annual hours actually worked per worker,I,ITA,Italy,HW,Hours worked,H_Y_PS,Hours per year per person,_Z,Not applicable,_Z,Not applicable,EMP,Employment,A,Annual,ACTUAL,Actual,_T,Total,_Z,Not applicable,MEAN,Mean,_Z,Not applicable,_T,Total,2018,,1690.2,,A,Normal value,,,0,Zero
DATAFLOW,OECD.ELS.SAE:DSD_HW@DF_AVG_ANN_HRS_WKD(1.0),Average annual hours actually worked per worker,I,ITA,Italy,HW,Hours worked,H_Y_PS,Hours per year per person,_Z,Not applicable,_Z,Not applicable,EMP,Employment,A,Annual,ACTUAL,Actual,_T,Total,_Z,Not applicable,MEAN,Mean,_Z,Not applicable,_T,Total,2019,,1680.5,,A,Normal value,,,0,Zero
DATAFLOW,OECD.ELS.SAE:DSD_HW@DF_AVG_ANN_HRS_WKD(1.0),Average annual hours actually worked per worker,I,ITA,Italy,HW,Hours worked,H_Y_PS,Hours per year per person,_Z,Not applicable,_Z,Not applicable,EMP,Employment,A,Annual,ACTUAL,Actual,_T,Total,_Z,Not applicable,MEAN,Mean,_Z,Not applicable,_T,Total,2020,,1513.9,,A,Normal value,,,0,Zero
DATAFLOW,OECD.ELS.SAE:DSD_HW@DF_AVG_ANN_HRS_WKD(1.0),Average annual hours actually worked per worker,I,ITA,Italy,HW,Hours worked,H_Y_PS,Hours per year per person,_Z,Not applicable,_Z,Not applicable,EMP,Employment,A,Annual,ACTUAL,Actual,_T,Total,_Z,Not applicable,MEAN,Mean,_Z,Not applicable,_T,Total,2021,,1653,,A,Normal value,,,0,Zero
DATAFLOW,OECD.ELS.SAE:DSD_HW@DF_AVG_ANN_HRS_WKD(1.0),Average annual hours actually worked per worker,I,ITA,Italy,HW,Hours worked,H_Y_PS,Hours per year per person,_Z,Not applicable,_Z,Not applicable,EMP,Employment,A,Annual,ACTUAL,Actual,_T,Total,_Z,Not applicable,MEAN,Mean,_Z,Not applicable,_T,Total,2022,,1691.3,,A,Normal value,,,0,Zero
DATAFLOW,OECD.ELS.SAE:DSD_HW@DF_AVG_ANN_HRS_WKD(1.0),Average annual hours actually worked per worker,I,ITA,Italy,HW,Hours worked,H_Y_PS,Hours per year per person,_Z,Not applicable,_Z,Not applicable,EMP,Employment,A,Annual,ACTUAL,Actual,_T,Total,_Z,Not applicable,MEAN,Mean,_Z,Not applicable,_T,Total,2023,,1708.8,,A,Normal value,,,0,Zero
DATAFLOW,OECD.ELS.SAE:DSD_HW@DF_AVG_ANN_HRS_WKD(1.0),Average annual hours actually worked per worker,I,LVA,Latvia,HW,Hours worked,H_Y_PS,Hours per year per person,_Z,Not applicable,_Z,Not applicable,EMP,Employment,A,Annual,ACTUAL,Actual,_T,Total,_Z,Not applicable,MEAN,Mean,_Z,Not applicable,_T,Total,2014,,1695.304,,A,Normal value,,,0,Zero
DATAFLOW,OECD.ELS.SAE:DSD_HW@DF_AVG_ANN_HRS_WKD(1.0),Average annual hours actually worked per worker,I,LVA,Latvia,HW,Hours worked,H_Y_PS,Hours per year per person,_Z,Not applicable,_Z,Not applicable,EMP,Employment,A,Annual,ACTUAL,Actual,_T,Total,_Z,Not applicable,MEAN,Mean,_Z,Not applicable,_T,Total,2015,,1663.182,,A,Normal value,,,0,Zero
DATAFLOW,OECD.ELS.SAE:DSD_HW@DF_AVG_ANN_HRS_WKD(1.0),Average annual hours actually worked per worker,I,LVA,Latvia,HW,Hours worked,H_Y_PS,Hours per year per person,_Z,Not applicable,_Z,Not applicable,EMP,Employment,A,Annual,ACTUAL,Actual,_T,Total,_Z,Not applicable,MEAN,Mean,_Z,Not applicable,_T,Total,2017,,1649.869,,A,Normal value,,,0,Zero
DATAFLOW,OECD.ELS.SAE:DSD_HW@DF_AVG_ANN_HRS_WKD(1.0),Average annual hours actually worked per worker,I,LVA,Latvia,HW,Hours worked,H_Y_PS,Hours per year per person,_Z,Not applicable,_Z,Not applicable,EMP,Employment,A,Annual,ACTUAL,Actual,_T,Total,_Z,Not applicable,MEAN,Mean,_Z,Not applicable,_T,Total,2018,,1661.174,,A,Normal value,,,0,Zero
DATAFLOW,OECD.ELS.SAE:DSD_HW@DF_AVG_ANN_HRS_WKD(1.0),Average annual hours actually worked per worker,I,LVA,Latvia,HW,Hours worked,H_Y_PS,Hours per year per person,_Z,Not applicable,_Z,Not applicable,EMP,Employment,A,Annual,ACTUAL,Actual,_T,Total,_Z,Not applicable,MEAN,Mean,_Z,Not applicable,_T,Total,2019,,1660.627,,A,Normal value,,,0,Zero
DATAFLOW,OECD.ELS.SAE:DSD_HW@DF_AVG_ANN_HRS_WKD(1.0),Average annual hours actually worked per worker,I,LVA,Latvia,HW,Hours worked,H_Y_PS,Hours per year per person,_Z,Not applicable,_Z,Not applicable,EMP,Employment,A,Annual,ACTUAL,Actual,_T,Total,_Z,Not applicable,MEAN,Mean,_Z,Not applicable,_T,Total,2020,,1570.677,,A,Normal value,,,0,Zero
DATAFLOW,OECD.ELS.SAE:DSD_HW@DF_AVG_ANN_HRS_WKD(1.0),Average annual hours actually worked per worker,I,LVA,Latvia,HW,Hours worked,H_Y_PS,Hours per year per person,_Z,Not applicable,_Z,Not applicable,EMP,Employment,A,Annual,ACTUAL,Actual,_T,Total,_Z,Not applicable,MEAN,Mean,_Z,Not applicable,_T,Total,2021,,1597.454,,A,Normal value,,,0,Zero
DATAFLOW,OECD.ELS.SAE:DSD_HW@DF_AVG_ANN_HRS_WKD(1.0),Average annual hours actually worked per worker,I,LVA,Latvia,HW,Hours worked,H_Y_PS,Hours per year per person,_Z,Not applicable,_Z,Not applicable,EMP,Employment,A,Annual,ACTUAL,Actual,_T,Total,_Z,Not applicable,MEAN,Mean,_Z,Not applicable,_T,Total,2023,,1602.881,,A,Normal value,,,0,Zero
DATAFLOW,OECD.ELS.SAE:DSD_HW@DF_AVG_ANN_HRS_WKD(1.0),Average annual hours actually worked per worker,I,LTU,Lithuania,HW,Hours worked,H_Y_PS,Hours per year per person,_Z,Not applicable,_Z,Not applicable,EMP,Employment,A,Annual,ACTUAL,Actual,_T,Total,_Z,Not applicable,MEAN,Mean,_Z,Not applicable,_T,Total,2014,,1649.979,,A,Normal value,,,0,Zero
DATAFLOW,OECD.ELS.SAE:DSD_HW@DF_AVG_ANN_HRS_WKD(1.0),Average annual hours actually worked per worker,I,LTU,Lithuania,HW,Hours worked,H_Y_PS,Hours per year per person,_Z,Not applicable,_Z,Not applicable,EMP,Employment,A,Annual,ACTUAL,Actual,_T,Total,_Z,Not applicable,MEAN,Mean,_Z,Not applicable,_T,Total,2015,,1673.208,,A,Normal value,,,0,Zero
DATAFLOW,OECD.ELS.SAE:DSD_HW@DF_AVG_ANN_HRS_WKD(1.0),Average annual hours actually worked per worker,I,LTU,Lithuania,HW,Hours worked,H_Y_PS,Hours per year per person,_Z,Not applicable,_Z,Not applicable,EMP,Employment,A,Annual,ACTUAL,Actual,_T,Total,_Z,Not applicable,MEAN,Mean,_Z,Not applicable,_T,Total,2017,,1656.938,,A,Normal value,,,0,Zero
DATAFLOW,OECD.ELS.SAE:DSD_HW@DF_AVG_ANN_HRS_WKD(1.0),Average annual hours actually worked per worker,I,LTU,Lithuania,HW,Hours worked,H_Y_PS,Hours per year per person,_Z,Not applicable,_Z,Not applicable,EMP,Employment,A,Annual,ACTUAL,Actual,_T,Total,_Z,Not applicable,MEAN,Mean,_Z,Not applicable,_T,Total,2019,,1665.675,,A,Normal value,,,0,Zero
DATAFLOW,OECD.ELS.SAE:DSD_HW@DF_AVG_ANN_HRS_WKD(1.0),Average annual hours actually worked per worker,I,LTU,Lithuania,HW,Hours worked,H_Y_PS,Hours per year per person,_Z,Not applicable,_Z,Not applicable,EMP,Employment,A,Annual,ACTUAL,Actual,_T,Total,_Z,Not applicable,MEAN,Mean,_Z,Not applicable,_T,Total,2021,,1619.277,,A,Normal value,,,0,Zero
DATAFLOW,OECD.ELS.SAE:DSD_HW@DF_AVG_ANN_HRS_WKD(1.0),Average annual hours actually worked per worker,I,LTU,Lithuania,HW,Hours worked,H_Y_PS,Hours per year per person,_Z,Not applicable,_Z,Not applicable,EMP,Employment,A,Annual,ACTUAL,Actual,_T,Total,_Z,Not applicable,MEAN,Mean,_Z,Not applicable,_T,Total,2022,,1624.957,,A,Normal value,,,0,Zero
DATAFLOW,OECD.ELS.SAE:DSD_HW@DF_AVG_ANN_HRS_WKD(1.0),Average annual hours actually worked per worker,I,LTU,Lithuania,HW,Hours worked,H_Y_PS,Hours per year per person,_Z,Not applicable,_Z,Not applicable,EMP,Employment,A,Annual,ACTUAL,Actual,_T,Total,_Z,Not applicable,MEAN,Mean,_Z,Not applicable,_T,Total,2023,,1640.362,,A,Normal value,,,0,Zero
DATAFLOW,OECD.ELS.SAE:DSD_HW@DF_AVG_ANN_HRS_WKD(1.0),Average annual hours actually worked per worker,I,LUX,Luxembourg,HW,Hours worked,H_Y_PS,Hours per year per person,_Z,Not applicable,_Z,Not applicable,EMP,Employment,A,Annual,ACTUAL,Actual,_T,Total,_Z,Not applicable,MEAN,Mean,_Z,Not applicable,_T,Total,2023,,1467,,A,Normal value,,,0,Zero
DATAFLOW,OECD.ELS.SAE:DSD_HW@DF_AVG_ANN_HRS_WKD(1.0),Average annual hours actually worked per worker,I,MEX,Mexico,HW,Hours worked,H_Y_PS,Hours per year per person,_Z,Not applicable,_Z,Not applicable,EMP,Employment,A,Annual,ACTUAL,Actual,_T,Total,_Z,Not applicable,MEAN,Mean,_Z,Not applicable,_T,Total,2014,,2242.2,,A,Normal value,,,0,Zero
DATAFLOW,OECD.ELS.SAE:DSD_HW@DF_AVG_ANN_HRS_WKD(1.0),Average annual hours actually worked per worker,I,MEX,Mexico,HW,Hours worked,H_Y_PS,Hours per year per person,_Z,Not applicable,_Z,Not applicable,EMP,Employment,A,Annual,ACTUAL,Actual,_T,Total,_Z,Not applicable,MEAN,Mean,_Z,Not applicable,_T,Total,2015,,2248.3,,A,Normal value,,,0,Zero
DATAFLOW,OECD.ELS.SAE:DSD_HW@DF_AVG_ANN_HRS_WKD(1.0),Average annual hours actually worked per worker,I,MEX,Mexico,HW,Hours worked,H_Y_PS,Hours per year per person,_Z,Not applicable,_Z,Not applicable,EMP,Employment,A,Annual,ACTUAL,Actual,_T,Total,_Z,Not applicable,MEAN,Mean,_Z,Not applicable,_T,Total,2016,,2254.6,,A,Normal value,,,0,Zero
DATAFLOW,OECD.ELS.SAE:DSD_HW@DF_AVG_ANN_HRS_WKD(1.0),Average annual hours actually worked per worker,I,MEX,Mexico,HW,Hours worked,H_Y_PS,Hours per year per person,_Z,Not applicable,_Z,Not applicable,EMP,Employment,A,Annual,ACTUAL,Actual,_T,Total,_Z,Not applicable,MEAN,Mean,_Z,Not applicable,_T,Total,2017,,2257.4,,A,Normal value,,,0,Zero
DATAFLOW,OECD.ELS.SAE:DSD_HW@DF_AVG_ANN_HRS_WKD(1.0),Average annual hours actually worked per worker,I,MEX,Mexico,HW,Hours worked,H_Y_PS,Hours per year per person,_Z,Not applicable,_Z,Not applicable,EMP,Employment,A,Annual,ACTUAL,Actual,_T,Total,_Z,Not applicable,MEAN,Mean,_Z,Not applicable,_T,Total,2018,,2258.3,,A,Normal value,,,0,Zero
DATAFLOW,OECD.ELS.SAE:DSD_HW@DF_AVG_ANN_HRS_WKD(1.0),Average annual hours actually worked per worker,I,MEX,Mexico,HW,Hours worked,H_Y_PS,Hours per year per person,_Z,Not applicable,_Z,Not applicable,EMP,Employment,A,Annual,ACTUAL,Actual,_T,Total,_Z,Not applicable,MEAN,Mean,_Z,Not applicable,_T,Total,2019,,2247.3,,A,Normal value,,,0,Zero
DATAFLOW,OECD.ELS.SAE:DSD_HW@DF_AVG_ANN_HRS_WKD(1.0),Average annual hours actually worked per worker,I,MEX,Mexico,HW,Hours worked,H_Y_PS,Hours per year per person,_Z,Not applicable,_Z,Not applicable,EMP,Employment,A,Annual,ACTUAL,Actual,_T,Total,_Z,Not applicable,MEAN,Mean,_Z,Not applicable,_T,Total,2020,,2231.1,,A,Normal value,,,0,Zero
DATAFLOW,OECD.ELS.SAE:DSD_HW@DF_AVG_ANN_HRS_WKD(1.0),Average annual hours actually worked per worker,I,MEX,Mexico,HW,Hours worked,H_Y_PS,Hours per year per person,_Z,Not applicable,_Z,Not applicable,EMP,Employment,A,Annual,ACTUAL,Actual,_T,Total,_Z,Not applicable,MEAN,Mean,_Z,Not applicable,_T,Total,2021,,2235.1,,A,Normal value,,,0,Zero
DATAFLOW,OECD.ELS.SAE:DSD_HW@DF_AVG_ANN_HRS_WKD(1.0),Average annual hours actually worked per worker,I,MEX,Mexico,HW,Hours worked,H_Y_PS,Hours per year per person,_Z,Not applicable,_Z,Not applicable,EMP,Employment,A,Annual,ACTUAL,Actual,_T,Total,_Z,Not applicable,MEAN,Mean,_Z,Not applicable,_T,Total,2022,,2246.2,,A,Normal value,,,0,Zero
DATAFLOW,OECD.ELS.SAE:DSD_HW@DF_AVG_ANN_HRS_WKD(1.0),Average annual hours actually worked per worker,I,MEX,Mexico,HW,Hours worked,H_Y_PS,Hours per year per person,_Z,Not applicable,_Z,Not applicable,EMP,Employment,A,Annual,ACTUAL,Actual,_T,Total,_Z,Not applicable,MEAN,Mean,_Z,Not applicable,_T,Total,2023,,2228.3,,A,Normal value,,,0,Zero
DATAFLOW,OECD.ELS.SAE:DSD_HW@DF_AVG_ANN_HRS_WKD(1.0),Average annual hours actually worked per worker,I,NLD,Netherlands,HW,Hours worked,H_Y_PS,Hours per year per person,_Z,Not applicable,_Z,Not applicable,EMP,Employment,A,Annual,ACTUAL,Actual,_T,Total,_Z,Not applicable,MEAN,Mean,_Z,Not applicable,_T,Total,2014,,1438.524,,A,Normal value,,,0,Zero
DATAFLOW,OECD.ELS.SAE:DSD_HW@DF_AVG_ANN_HRS_WKD(1.0),Average annual hours actually worked per worker,I,NLD,Netherlands,HW,Hours worked,H_Y_PS,Hours per year per person,_Z,Not applicable,_Z,Not applicable,EMP,Employment,A,Annual,ACTUAL,Actual,_T,Total,_Z,Not applicable,MEAN,Mean,_Z,Not applicable,_T,Total,2015,,1438.415,,A,Normal value,,,0,Zero
DATAFLOW,OECD.ELS.SAE:DSD_HW@DF_AVG_ANN_HRS_WKD(1.0),Average annual hours actually worked per worker,I,NLD,Netherlands,HW,Hours worked,H_Y_PS,Hours per year per person,_Z,Not applicable,_Z,Not applicable,EMP,Employment,A,Annual,ACTUAL,Actual,_T,Total,_Z,Not applicable,MEAN,Mean,_Z,Not applicable,_T,Total,2016,,1451.09,,A,Normal value,,,0,Zero
DATAFLOW,OECD.ELS.SAE:DSD_HW@DF_AVG_ANN_HRS_WKD(1.0),Average annual hours actually worked per worker,I,NLD,Netherlands,HW,Hours worked,H_Y_PS,Hours per year per person,_Z,Not applicable,_Z,Not applicable,EMP,Employment,A,Annual,ACTUAL,Actual,_T,Total,_Z,Not applicable,MEAN,Mean,_Z,Not applicable,_T,Total,2017,,1451.099,,A,Normal value,,,0,Zero
DATAFLOW,OECD.ELS.SAE:DSD_HW@DF_AVG_ANN_HRS_WKD(1.0),Average annual hours actually worked per worker,I,NLD,Netherlands,HW,Hours worked,H_Y_PS,Hours per year per person,_Z,Not applicable,_Z,Not applicable,EMP,Employment,A,Annual,ACTUAL,Actual,_T,Total,_Z,Not applicable,MEAN,Mean,_Z,Not applicable,_T,Total,2018,,1451.037,,A,Normal value,,,0,Zero
DATAFLOW,OECD.ELS.SAE:DSD_HW@DF_AVG_ANN_HRS_WKD(1.0),Average annual hours actually worked per worker,I,NLD,Netherlands,HW,Hours worked,H_Y_PS,Hours per year per person,_Z,Not applicable,_Z,Not applicable,EMP,Employment,A,Annual,ACTUAL,Actual,_T,Total,_Z,Not applicable,MEAN,Mean,_Z,Not applicable,_T,Total,2019,,1456.549,,A,Normal value,,,0,Zero
DATAFLOW,OECD.ELS.SAE:DSD_HW@DF_AVG_ANN_HRS_WKD(1.0),Average annual hours actually worked per worker,I,NLD,Netherlands,HW,Hours worked,H_Y_PS,Hours per year per person,_Z,Not applicable,_Z,Not applicable,EMP,Employment,A,Annual,ACTUAL,Actual,_T,Total,_Z,Not applicable,MEAN,Mean,_Z,Not applicable,_T,Total,2020,,1402.138,,A,Normal value,,,0,Zero
DATAFLOW,OECD.ELS.SAE:DSD_HW@DF_AVG_ANN_HRS_WKD(1.0),Average annual hours actually worked per worker,I,NLD,Netherlands,HW,Hours worked,H_Y_PS,Hours per year per person,_Z,Not applicable,_Z,Not applicable,EMP,Employment,A,Annual,ACTUAL,Actual,_T,Total,_Z,Not applicable,MEAN,Mean,_Z,Not applicable,_T,Total,2021,,1442.164,,A,Normal value,,,0,Zero
DATAFLOW,OECD.ELS.SAE:DSD_HW@DF_AVG_ANN_HRS_WKD(1.0),Average annual hours actually worked per worker,I,NLD,Netherlands,HW,Hours worked,H_Y_PS,Hours per year per person,_Z,Not applicable,_Z,Not applicable,EMP,Employment,A,Annual,ACTUAL,Actual,_T,Total,_Z,Not applicable,MEAN,Mean,_Z,Not applicable,_T,Total,2022,,1451.119,,A,Normal value,,,0,Zero
DATAFLOW,OECD.ELS.SAE:DSD_HW@DF_AVG_ANN_HRS_WKD(1.0),Average annual hours actually worked per worker,I,NLD,Netherlands,HW,Hours worked,H_Y_PS,Hours per year per person,_Z,Not applicable,_Z,Not applicable,EMP,Employment,A,Annual,ACTUAL,Actual,_T,Total,_Z,Not applicable,MEAN,Mean,_Z,Not applicable,_T,Total,2023,,1447.011,,A,Normal value,,,0,Zero
DATAFLOW,OECD.ELS.SAE:DSD_HW@DF_AVG_ANN_HRS_WKD(1.0),Average annual hours actually worked per worker,I,NOR,Norway,HW,Hours worked,H_Y_PS,Hours per year per person,_Z,Not applicable,_Z,Not applicable,EMP,Employment,A,Annual,ACTUAL,Actual,_T,Total,_Z,Not applicable,MEAN,Mean,_Z,Not applicable,_T,Total,2014,,1409.697,,A,Normal value,,,0,Zero
DATAFLOW,OECD.ELS.SAE:DSD_HW@DF_AVG_ANN_HRS_WKD(1.0),Average annual hours actually worked per worker,I,NOR,Norway,HW,Hours worked,H_Y_PS,Hours per year per person,_Z,Not applicable,_Z,Not applicable,EMP,Employment,A,Annual,ACTUAL,Actual,_T,Total,_Z,Not applicable,MEAN,Mean,_Z,Not applicable,_T,Total,2015,,1411.504,,A,Normal value,,,0,Zero
DATAFLOW,OECD.ELS.SAE:DSD_HW@DF_AVG_ANN_HRS_WKD(1.0),Average annual hours actually worked per worker,I,NOR,Norway,HW,Hours worked,H_Y_PS,Hours per year per person,_Z,Not applicable,_Z,Not applicable,EMP,Employment,A,Annual,ACTUAL,Actual,_T,Total,_Z,Not applicable,MEAN,Mean,_Z,Not applicable,_T,Total,2016,,1413.971,,A,Normal value,,,0,Zero
DATAFLOW,OECD.ELS.SAE:DSD_HW@DF_AVG_ANN_HRS_WKD(1.0),Average annual hours actually worked per worker,I,NOR,Norway,HW,Hours worked,H_Y_PS,Hours per year per person,_Z,Not applicable,_Z,Not applicable,EMP,Employment,A,Annual,ACTUAL,Actual,_T,Total,_Z,Not applicable,MEAN,Mean,_Z,Not applicable,_T,Total,2017,,1402.763,,A,Normal value,,,0,Zero
DATAFLOW,OECD.ELS.SAE:DSD_HW@DF_AVG_ANN_HRS_WKD(1.0),Average annual hours actually worked per worker,I,NOR,Norway,HW,Hours worked,H_Y_PS,Hours per year per person,_Z,Not applicable,_Z,Not applicable,EMP,Employment,A,Annual,ACTUAL,Actual,_T,Total,_Z,Not applicable,MEAN,Mean,_Z,Not applicable,_T,Total,2018,,1400.787,,A,Normal value,,,0,Zero
DATAFLOW,OECD.ELS.SAE:DSD_HW@DF_AVG_ANN_HRS_WKD(1.0),Average annual hours actually worked per worker,I,NOR,Norway,HW,Hours worked,H_Y_PS,Hours per year per person,_Z,Not applicable,_Z,Not applicable,EMP,Employment,A,Annual,ACTUAL,Actual,_T,Total,_Z,Not applicable,MEAN,Mean,_Z,Not applicable,_T,Total,2019,,1399.155,,A,Normal value,,,0,Zero
DATAFLOW,OECD.ELS.SAE:DSD_HW@DF_AVG_ANN_HRS_WKD(1.0),Average annual hours actually worked per worker,I,NOR,Norway,HW,Hours worked,H_Y_PS,Hours per year per person,_Z,Not applicable,_Z,Not applicable,EMP,Employment,A,Annual,ACTUAL,Actual,_T,Total,_Z,Not applicable,MEAN,Mean,_Z,Not applicable,_T,Total,2020,,1390.139,,A,Normal value,,,0,Zero
DATAFLOW,OECD.ELS.SAE:DSD_HW@DF_AVG_ANN_HRS_WKD(1.0),Average annual hours actually worked per worker,I,NOR,Norway,HW,Hours worked,H_Y_PS,Hours per year per person,_Z,Not applicable,_Z,Not applicable,EMP,Employment,A,Annual,ACTUAL,Actual,_T,Total,_Z,Not applicable,MEAN,Mean,_Z,Not applicable,_T,Total,2021,,1407.211,,A,Normal value,,,0,Zero
DATAFLOW,OECD.ELS.SAE:DSD_HW@DF_AVG_ANN_HRS_WKD(1.0),Average annual hours actually worked per worker,I,NOR,Norway,HW,Hours worked,H_Y_PS,Hours per year per person,_Z,Not applicable,_Z,Not applicable,EMP,Employment,A,Annual,ACTUAL,Actual,_T,Total,_Z,Not applicable,MEAN,Mean,_Z,Not applicable,_T,Total,2022,,1402.995,,A,Normal value,,,0,Zero
DATAFLOW,OECD.ELS.SAE:DSD_HW@DF_AVG_ANN_HRS_WKD(1.0),Average annual hours actually worked per worker,I,NOR,Norway,HW,Hours worked,H_Y_PS,Hours per year per person,_Z,Not applicable,_Z,Not applicable,EMP,Employment,A,Annual,ACTUAL,Actual,_T,Total,_Z,Not applicable,MEAN,Mean,_Z,Not applicable,_T,Total,2023,,1391.187,,A,Normal value,,,0,Zero
DATAFLOW,OECD.ELS.SAE:DSD_HW@DF_AVG_ANN_HRS_WKD(1.0),Average annual hours actually worked per worker,I,PRT,Portugal,HW,Hours worked,H_Y_PS,Hours per year per person,_Z,Not applicable,_Z,Not applicable,EMP,Employment,A,Annual,ACTUAL,Actual,_T,Total,_Z,Not applicable,MEAN,Mean,_Z,Not applicable,_T,Total,2015,,1731.76,,A,Normal value,,,0,Zero
DATAFLOW,OECD.ELS.SAE:DSD_HW@DF_AVG_ANN_HRS_WKD(1.0),Average annual hours actually worked per worker,I,PRT,Portugal,HW,Hours worked,H_Y_PS,Hours per year per person,_Z,Not applicable,_Z,Not applicable,EMP,Employment,A,Annual,ACTUAL,Actual,_T,Total,_Z,Not applicable,MEAN,Mean,_Z,Not applicable,_T,Total,2017,,1727.049,,A,Normal value,,,0,Zero
DATAFLOW,OECD.ELS.SAE:DSD_HW@DF_AVG_ANN_HRS_WKD(1.0),Average annual hours actually worked per worker,I,PRT,Portugal,HW,Hours worked,H_Y_PS,Hours per year per person,_Z,Not applicable,_Z,Not applicable,EMP,Employment,A,Annual,ACTUAL,Actual,_T,Total,_Z,Not applicable,MEAN,Mean,_Z,Not applicable,_T,Total,2018,,1736.838,,A,Normal value,,,0,Zero
DATAFLOW,OECD.ELS.SAE:DSD_HW@DF_AVG_ANN_HRS_WKD(1.0),Average annual hours actually worked per worker,I,PRT,Portugal,HW,Hours worked,H_Y_PS,Hours per year per person,_Z,Not applicable,_Z,Not applicable,EMP,Employment,A,Annual,ACTUAL,Actual,_T,Total,_Z,Not applicable,MEAN,Mean,_Z,Not applicable,_T,Total,2022,,1720.242,,A,Normal value,,,0,Zero
DATAFLOW,OECD.ELS.SAE:DSD_HW@DF_AVG_ANN_HRS_WKD(1.0),Average annual hours actually worked per worker,I,PRT,Portugal,HW,Hours worked,H_Y_PS,Hours per year per person,_Z,Not applicable,_Z,Not applicable,EMP,Employment,A,Annual,ACTUAL,Actual,_T,Total,_Z,Not applicable,MEAN,Mean,_Z,Not applicable,_T,Total,2023,,1769.125,,A,Normal value,,,0,Zero
DATAFLOW,OECD.ELS.SAE:DSD_HW@DF_AVG_ANN_HRS_WKD(1.0),Average annual hours actually worked per worker,I,SVK,Slovak Republic,HW,Hours worked,H_Y_PS,Hours per year per person,_Z,Not applicable,_Z,Not applicable,EMP,Employment,A,Annual,ACTUAL,Actual,_T,Total,_Z,Not applicable,MEAN,Mean,_Z,Not applicable,_T,Total,2014,,1759.614,,A,Normal value,,,0,Zero
DATAFLOW,OECD.ELS.SAE:DSD_HW@DF_AVG_ANN_HRS_WKD(1.0),Average annual hours actually worked per worker,I,SVK,Slovak Republic,HW,Hours worked,H_Y_PS,Hours per year per person,_Z,Not applicable,_Z,Not applicable,EMP,Employment,A,Annual,ACTUAL,Actual,_T,Total,_Z,Not applicable,MEAN,Mean,_Z,Not applicable,_T,Total,2015,,1754.089,,A,Normal value,,,0,Zero
DATAFLOW,OECD.ELS.SAE:DSD_HW@DF_AVG_ANN_HRS_WKD(1.0),Average annual hours actually worked per worker,I,SVK,Slovak Republic,HW,Hours worked,H_Y_PS,Hours per year per person,_Z,Not applicable,_Z,Not applicable,EMP,Employment,A,Annual,ACTUAL,Actual,_T,Total,_Z,Not applicable,MEAN,Mean,_Z,Not applicable,_T,Total,2016,,1740.012,,A,Normal value,,,0,Zero
DATAFLOW,OECD.ELS.SAE:DSD_HW@DF_AVG_ANN_HRS_WKD(1.0),Average annual hours actually worked per worker,I,SVK,Slovak Republic,HW,Hours worked,H_Y_PS,Hours per year per person,_Z,Not applicable,_Z,Not applicable,EMP,Employment,A,Annual,ACTUAL,Actual,_T,Total,_Z,Not applicable,MEAN,Mean,_Z,Not applicable,_T,Total,2017,,1713.784,,A,Normal value,,,0,Zero
DATAFLOW,OECD.ELS.SAE:DSD_HW@DF_AVG_ANN_HRS_WKD(1.0),Average annual hours actually worked per worker,I,SVK,Slovak Republic,HW,Hours worked,H_Y_PS,Hours per year per person,_Z,Not applicable,_Z,Not applicable,EMP,Employment,A,Annual,ACTUAL,Actual,_T,Total,_Z,Not applicable,MEAN,Mean,_Z,Not applicable,_T,Total,2018,,1703.924,,A,Normal value,,,0,Zero
DATAFLOW,OECD.ELS.SAE:DSD_HW@DF_AVG_ANN_HRS_WKD(1.0),Average annual hours actually worked per worker,I,SVK,Slovak Republic,HW,Hours worked,H_Y_PS,Hours per year per person,_Z,Not applicable,_Z,Not applicable,EMP,Employment,A,Annual,ACTUAL,Actual,_T,Total,_Z,Not applicable,MEAN,Mean,_Z,Not applicable,_T,Total,2019,,1691.986,,A,Normal value,,,0,Zero
DATAFLOW,OECD.ELS.SAE:DSD_HW@DF_AVG_ANN_HRS_WKD(1.0),Average annual hours actually worked per worker,I,SVK,Slovak Republic,HW,Hours worked,H_Y_PS,Hours per year per person,_Z,Not applicable,_Z,Not applicable,EMP,Employment,A,Annual,ACTUAL,Actual,_T,Total,_Z,Not applicable,MEAN,Mean,_Z,Not applicable,_T,Total,2020,,1571.98,,A,Normal value,,,0,Zero
DATAFLOW,OECD.ELS.SAE:DSD_HW@DF_AVG_ANN_HRS_WKD(1.0),Average annual hours actually worked per worker,I,SVK,Slovak Republic,HW,Hours worked,H_Y_PS,Hours per year per person,_Z,Not applicable,_Z,Not applicable,EMP,Employment,A,Annual,ACTUAL,Actual,_T,Total,_Z,Not applicable,MEAN,Mean,_Z,Not applicable,_T,Total,2021,,1581.5,,A,Normal value,,,0,Zero
DATAFLOW,OECD.ELS.SAE:DSD_HW@DF_AVG_ANN_HRS_WKD(1.0),Average annual hours actually worked per worker,I,SVK,Slovak Republic,HW,Hours worked,H_Y_PS,Hours per year per person,_Z,Not applicable,_Z,Not applicable,EMP,Employment,A,Annual,ACTUAL,Actual,_T,Total,_Z,Not applicable,MEAN,Mean,_Z,Not applicable,_T,Total,2022,,1610.066,,A,Normal value,,,0,Zero
DATAFLOW,OECD.ELS.SAE:DSD_HW@DF_AVG_ANN_HRS_WKD(1.0),Average annual hours actually worked per worker,I,SVK,Slovak Republic,HW,Hours worked,H_Y_PS,Hours per year per person,_Z,Not applicable,_Z,Not applicable,EMP,Employment,A,Annual,ACTUAL,Actual,_T,Total,_Z,Not applicable,MEAN,Mean,_Z,Not applicable,_T,Total,2023,,1624.434,,A,Normal value,,,0,Zero
DATAFLOW,OECD.ELS.SAE:DSD_HW@DF_AVG_ANN_HRS_WKD(1.0),Average annual hours actually worked per worker,I,SVN,Slovenia,HW,Hours worked,H_Y_PS,Hours per year per person,_Z,Not applicable,_Z,Not applicable,EMP,Employment,A,Annual,ACTUAL,Actual,_T,Total,_Z,Not applicable,MEAN,Mean,_Z,Not applicable,_T,Total,2014,,1681.787,,A,Normal value,,,0,Zero
DATAFLOW,OECD.ELS.SAE:DSD_HW@DF_AVG_ANN_HRS_WKD(1.0),Average annual hours actually worked per worker,I,SVN,Slovenia,HW,Hours worked,H_Y_PS,Hours per year per person,_Z,Not applicable,_Z,Not applicable,EMP,Employment,A,Annual,ACTUAL,Actual,_T,Total,_Z,Not applicable,MEAN,Mean,_Z,Not applicable,_T,Total,2015,,1687.333,,A,Normal value,,,0,Zero
DATAFLOW,OECD.ELS.SAE:DSD_HW@DF_AVG_ANN_HRS_WKD(1.0),Average annual hours actually worked per worker,I,SVN,Slovenia,HW,Hours worked,H_Y_PS,Hours per year per person,_Z,Not applicable,_Z,Not applicable,EMP,Employment,A,Annual,ACTUAL,Actual,_T,Total,_Z,Not applicable,MEAN,Mean,_Z,Not applicable,_T,Total,2016,,1652.406,,A,Normal value,,,0,Zero
DATAFLOW,OECD.ELS.SAE:DSD_HW@DF_AVG_ANN_HRS_WKD(1.0),Average annual hours actually worked per worker,I,SVN,Slovenia,HW,Hours worked,H_Y_PS,Hours per year per person,_Z,Not applicable,_Z,Not applicable,EMP,Employment,A,Annual,ACTUAL,Actual,_T,Total,_Z,Not applicable,MEAN,Mean,_Z,Not applicable,_T,Total,2017,,1621.508,,A,Normal value,,,0,Zero
DATAFLOW,OECD.ELS.SAE:DSD_HW@DF_AVG_ANN_HRS_WKD(1.0),Average annual hours actually worked per worker,I,SVN,Slovenia,HW,Hours worked,H_Y_PS,Hours per year per person,_Z,Not applicable,_Z,Not applicable,EMP,Employment,A,Annual,ACTUAL,Actual,_T,Total,_Z,Not applicable,MEAN,Mean,_Z,Not applicable,_T,Total,2018,,1602.945,,A,Normal value,,,0,Zero
DATAFLOW,OECD.ELS.SAE:DSD_HW@DF_AVG_ANN_HRS_WKD(1.0),Average annual hours actually worked per worker,I,SVN,Slovenia,HW,Hours worked,H_Y_PS,Hours per year per person,_Z,Not applicable,_Z,Not applicable,EMP,Employment,A,Annual,ACTUAL,Actual,_T,Total,_Z,Not applicable,MEAN,Mean,_Z,Not applicable,_T,Total,2019,,1601.426,,A,Normal value,,,0,Zero
DATAFLOW,OECD.ELS.SAE:DSD_HW@DF_AVG_ANN_HRS_WKD(1.0),Average annual hours actually worked per worker,I,SVN,Slovenia,HW,Hours worked,H_Y_PS,Hours per year per person,_Z,Not applicable,_Z,Not applicable,EMP,Employment,A,Annual,ACTUAL,Actual,_T,Total,_Z,Not applicable,MEAN,Mean,_Z,Not applicable,_T,Total,2020,,1532.848,,A,Normal value,,,0,Zero
DATAFLOW,OECD.ELS.SAE:DSD_HW@DF_AVG_ANN_HRS_WKD(1.0),Average annual hours actually worked per worker,I,SVN,Slovenia,HW,Hours worked,H_Y_PS,Hours per year per person,_Z,Not applicable,_Z,Not applicable,EMP,Employment,A,Annual,ACTUAL,Actual,_T,Total,_Z,Not applicable,MEAN,Mean,_Z,Not applicable,_T,Total,2021,,1593.546,,A,Normal value,,,0,Zero
DATAFLOW,OECD.ELS.SAE:DSD_HW@DF_AVG_ANN_HRS_WKD(1.0),Average annual hours actually worked per worker,I,SVN,Slovenia,HW,Hours worked,H_Y_PS,Hours per year per person,_Z,Not applicable,_Z,Not applicable,EMP,Employment,A,Annual,ACTUAL,Actual,_T,Total,_Z,Not applicable,MEAN,Mean,_Z,Not applicable,_T,Total,2022,,1610.228,,A,Normal value,,,0,Zero
DATAFLOW,OECD.ELS.SAE:DSD_HW@DF_AVG_ANN_HRS_WKD(1.0),Average annual hours actually worked per worker,I,SVN,Slovenia,HW,Hours worked,H_Y_PS,Hours per year per person,_Z,Not applicable,_Z,Not applicable,EMP,Employment,A,Annual,ACTUAL,Actual,_T,Total,_Z,Not applicable,MEAN,Mean,_Z,Not applicable,_T,Total,2023,,1587.453,,A,Normal value,,,0,Zero
DATAFLOW,OECD.ELS.SAE:DSD_HW@DF_AVG_ANN_HRS_WKD(1.0),Average annual hours actually worked per worker,I,ESP,Spain,HW,Hours worked,H_Y_PS,Hours per year per person,_Z,Not applicable,_Z,Not applicable,EMP,Employment,A,Annual,ACTUAL,Actual,_T,Total,_Z,Not applicable,MEAN,Mean,_Z,Not applicable,_T,Total,2014,,1688.1,,A,Normal value,,,0,Zero
DATAFLOW,OECD.ELS.SAE:DSD_HW@DF_AVG_ANN_HRS_WKD(1.0),Average annual hours actually worked per worker,I,ESP,Spain,HW,Hours worked,H_Y_PS,Hours per year per person,_Z,Not applicable,_Z,Not applicable,EMP,Employment,A,Annual,ACTUAL,Actual,_T,Total,_Z,Not applicable,MEAN,Mean,_Z,Not applicable,_T,Total,2015,,1690,,A,Normal value,,,0,Zero
DATAFLOW,OECD.ELS.SAE:DSD_HW@DF_AVG_ANN_HRS_WKD(1.0),Average annual hours actually worked per worker,I,ESP,Spain,HW,Hours worked,H_Y_PS,Hours per year per person,_Z,Not applicable,_Z,Not applicable,EMP,Employment,A,Annual,ACTUAL,Actual,_T,Total,_Z,Not applicable,MEAN,Mean,_Z,Not applicable,_T,Total,2016,,1696.8,,A,Normal value,,,0,Zero
DATAFLOW,OECD.ELS.SAE:DSD_HW@DF_AVG_ANN_HRS_WKD(1.0),Average annual hours actually worked per worker,I,ESP,Spain,HW,Hours worked,H_Y_PS,Hours per year per person,_Z,Not applicable,_Z,Not applicable,EMP,Employment,A,Annual,ACTUAL,Actual,_T,Total,_Z,Not applicable,MEAN,Mean,_Z,Not applicable,_T,Total,2017,,1688.8,,A,Normal value,,,0,Zero
DATAFLOW,OECD.ELS.SAE:DSD_HW@DF_AVG_ANN_HRS_WKD(1.0),Average annual hours actually worked per worker,I,ESP,Spain,HW,Hours worked,H_Y_PS,Hours per year per person,_Z,Not applicable,_Z,Not applicable,EMP,Employment,A,Annual,ACTUAL,Actual,_T,Total,_Z,Not applicable,MEAN,Mean,_Z,Not applicable,_T,Total,2018,,1693.5,,A,Normal value,,,0,Zero
DATAFLOW,OECD.ELS.SAE:DSD_HW@DF_AVG_ANN_HRS_WKD(1.0),Average annual hours actually worked per worker,I,ESP,Spain,HW,Hours worked,H_Y_PS,Hours per year per person,_Z,Not applicable,_Z,Not applicable,EMP,Employment,A,Annual,ACTUAL,Actual,_T,Total,_Z,Not applicable,MEAN,Mean,_Z,Not applicable,_T,Total,2019,,1678.2,,A,Normal value,,,0,Zero
DATAFLOW,OECD.ELS.SAE:DSD_HW@DF_AVG_ANN_HRS_WKD(1.0),Average annual hours actually worked per worker,I,ESP,Spain,HW,Hours worked,H_Y_PS,Hours per year per person,_Z,Not applicable,_Z,Not applicable,EMP,Employment,A,Annual,ACTUAL,Actual,_T,Total,_Z,Not applicable,MEAN,Mean,_Z,Not applicable,_T,Total,2020,,1562.7,,A,Normal value,,,0,Zero
DATAFLOW,OECD.ELS.SAE:DSD_HW@DF_AVG_ANN_HRS_WKD(1.0),Average annual hours actually worked per worker,I,ESP,Spain,HW,Hours worked,H_Y_PS,Hours per year per person,_Z,Not applicable,_Z,Not applicable,EMP,Employment,A,Annual,ACTUAL,Actual,_T,Total,_Z,Not applicable,MEAN,Mean,_Z,Not applicable,_T,Total,2021,,1633.5,,A,Normal value,,,0,Zero
DATAFLOW,OECD.ELS.SAE:DSD_HW@DF_AVG_ANN_HRS_WKD(1.0),Average annual hours actually worked per worker,I,ESP,Spain,HW,Hours worked,H_Y_PS,Hours per year per person,_Z,Not applicable,_Z,Not applicable,EMP,Employment,A,Annual,ACTUAL,Actual,_T,Total,_Z,Not applicable,MEAN,Mean,_Z,Not applicable,_T,Total,2022,,1654,,A,Normal value,,,0,Zero
DATAFLOW,OECD.ELS.SAE:DSD_HW@DF_AVG_ANN_HRS_WKD(1.0),Average annual hours actually worked per worker,I,ESP,Spain,HW,Hours worked,H_Y_PS,Hours per year per person,_Z,Not applicable,_Z,Not applicable,EMP,Employment,A,Annual,ACTUAL,Actual,_T,Total,_Z,Not applicable,MEAN,Mean,_Z,Not applicable,_T,Total,2023,,1644.6,,A,Normal value,,,0,Zero
DATAFLOW,OECD.ELS.SAE:DSD_HW@DF_AVG_ANN_HRS_WKD(1.0),Average annual hours actually worked per worker,I,SWE,Sweden,HW,Hours worked,H_Y_PS,Hours per year per person,_Z,Not applicable,_Z,Not applicable,EMP,Employment,A,Annual,ACTUAL,Actual,_T,Total,_Z,Not applicable,MEAN,Mean,_Z,Not applicable,_T,Total,2014,,1465.66,,A,Normal value,,,0,Zero
DATAFLOW,OECD.ELS.SAE:DSD_HW@DF_AVG_ANN_HRS_WKD(1.0),Average annual hours actually worked per worker,I,SWE,Sweden,HW,Hours worked,H_Y_PS,Hours per year per person,_Z,Not applicable,_Z,Not applicable,EMP,Employment,A,Annual,ACTUAL,Actual,_T,Total,_Z,Not applicable,MEAN,Mean,_Z,Not applicable,_T,Total,2015,,1467.16,,A,Normal value,,,0,Zero
DATAFLOW,OECD.ELS.SAE:DSD_HW@DF_AVG_ANN_HRS_WKD(1.0),Average annual hours actually worked per worker,I,SWE,Sweden,HW,Hours worked,H_Y_PS,Hours per year per person,_Z,Not applicable,_Z,Not applicable,EMP,Employment,A,Annual,ACTUAL,Actual,_T,Total,_Z,Not applicable,MEAN,Mean,_Z,Not applicable,_T,Total,2017,,1465.922,,A,Normal value,,,0,Zero
DATAFLOW,OECD.ELS.SAE:DSD_HW@DF_AVG_ANN_HRS_WKD(1.0),Average annual hours actually worked per worker,I,SWE,Sweden,HW,Hours worked,H_Y_PS,Hours per year per person,_Z,Not applicable,_Z,Not applicable,EMP,Employment,A,Annual,ACTUAL,Actual,_T,Total,_Z,Not applicable,MEAN,Mean,_Z,Not applicable,_T,Total,2018,,1464.909,,A,Normal value,,,0,Zero
DATAFLOW,OECD.ELS.SAE:DSD_HW@DF_AVG_ANN_HRS_WKD(1.0),Average annual hours actually worked per worker,I,SWE,Sweden,HW,Hours worked,H_Y_PS,Hours per year per person,_Z,Not applicable,_Z,Not applicable,EMP,Employment,A,Annual,ACTUAL,Actual,_T,Total,_Z,Not applicable,MEAN,Mean,_Z,Not applicable,_T,Total,2019,,1451.353,,A,Normal value,,,0,Zero
DATAFLOW,OECD.ELS.SAE:DSD_HW@DF_AVG_ANN_HRS_WKD(1.0),Average annual hours actually worked per worker,I,SWE,Sweden,HW,Hours worked,H_Y_PS,Hours per year per person,_Z,Not applicable,_Z,Not applicable,EMP,Employment,A,Annual,ACTUAL,Actual,_T,Total,_Z,Not applicable,MEAN,Mean,_Z,Not applicable,_T,Total,2020,,1422.559,,A,Normal value,,,0,Zero
DATAFLOW,OECD.ELS.SAE:DSD_HW@DF_AVG_ANN_HRS_WKD(1.0),Average annual hours actually worked per worker,I,SWE,Sweden,HW,Hours worked,H_Y_PS,Hours per year per person,_Z,Not applicable,_Z,Not applicable,EMP,Employment,A,Annual,ACTUAL,Actual,_T,Total,_Z,Not applicable,MEAN,Mean,_Z,Not applicable,_T,Total,2021,,1441.341,,A,Normal value,,,0,Zero
DATAFLOW,OECD.ELS.SAE:DSD_HW@DF_AVG_ANN_HRS_WKD(1.0),Average annual hours actually worked per worker,I,SWE,Sweden,HW,Hours worked,H_Y_PS,Hours per year per person,_Z,Not applicable,_Z,Not applicable,EMP,Employment,A,Annual,ACTUAL,Actual,_T,Total,_Z,Not applicable,MEAN,Mean,_Z,Not applicable,_T,Total,2022,,1436.052,,A,Normal value,,,0,Zero
DATAFLOW,OECD.ELS.SAE:DSD_HW@DF_AVG_ANN_HRS_WKD(1.0),Average annual hours actually worked per worker,I,SWE,Sweden,HW,Hours worked,H_Y_PS,Hours per year per person,_Z,Not applicable,_Z,Not applicable,EMP,Employment,A,Annual,ACTUAL,Actual,_T,Total,_Z,Not applicable,MEAN,Mean,_Z,Not applicable,_T,Total,2023,,1433.71,,A,Normal value,,,0,Zero
DATAFLOW,OECD.ELS.SAE:DSD_HW@DF_AVG_ANN_HRS_WKD(1.0),Average annual hours actually worked per worker,I,CHE,Switzerland,HW,Hours worked,H_Y_PS,Hours per year per person,_Z,Not applicable,_Z,Not applicable,EMP,Employment,A,Annual,ACTUAL,Actual,_T,Total,_Z,Not applicable,MEAN,Mean,_Z,Not applicable,_T,Total,2022,,1536.145,,A,Normal value,,,0,Zero
DATAFLOW,OECD.ELS.SAE:DSD_HW@DF_AVG_ANN_HRS_WKD(1.0),Average annual hours actually worked per worker,I,CHE,Switzerland,HW,Hours worked,H_Y_PS,Hours per year per person,_Z,Not applicable,_Z,Not applicable,EMP,Employment,A,Annual,ACTUAL,Actual,_T,Total,_Z,Not applicable,MEAN,Mean,_Z,Not applicable,_T,Total,2023,,1528.337,,A,Normal value,,,0,Zero
DATAFLOW,OECD.ELS.SAE:DSD_HW@DF_AVG_ANN_HRS_WKD(1.0),Average annual hours actually worked per worker,I,GBR,United Kingdom,HW,Hours worked,H_Y_PS,Hours per year per person,_Z,Not applicable,_Z,Not applicable,EMP,Employment,A,Annual,ACTUAL,Actual,_T,Total,_Z,Not applicable,MEAN,Mean,_Z,Not applicable,_T,Total,2014,,1542.219,,A,Normal value,,,0,Zero
DATAFLOW,OECD.ELS.SAE:DSD_HW@DF_AVG_ANN_HRS_WKD(1.0),Average annual hours actually worked per worker,I,GBR,United Kingdom,HW,Hours worked,H_Y_PS,Hours per year per person,_Z,Not applicable,_Z,Not applicable,EMP,Employment,A,Annual,ACTUAL,Actual,_T,Total,_Z,Not applicable,MEAN,Mean,_Z,Not applicable,_T,Total,2015,,1525.127,,A,Normal value,,,0,Zero
DATAFLOW,OECD.ELS.SAE:DSD_HW@DF_AVG_ANN_HRS_WKD(1.0),Average annual hours actually worked per worker,I,GBR,United Kingdom,HW,Hours worked,H_Y_PS,Hours per year per person,_Z,Not applicable,_Z,Not applicable,EMP,Employment,A,Annual,ACTUAL,Actual,_T,Total,_Z,Not applicable,MEAN,Mean,_Z,Not applicable,_T,Total,2017,,1535.68,,A,Normal value,,,0,Zero
DATAFLOW,OECD.ELS.SAE:DSD_HW@DF_AVG_ANN_HRS_WKD(1.0),Average annual hours actually worked per worker,I,GBR,United Kingdom,HW,Hours worked,H_Y_PS,Hours per year per person,_Z,Not applicable,_Z,Not applicable,EMP,Employment,A,Annual,ACTUAL,Actual,_T,Total,_Z,Not applicable,MEAN,Mean,_Z,Not applicable,_T,Total,2018,,1536.176,,A,Normal value,,,0,Zero
DATAFLOW,OECD.ELS.SAE:DSD_HW@DF_AVG_ANN_HRS_WKD(1.0),Average annual hours actually worked per worker,I,GBR,United Kingdom,HW,Hours worked,H_Y_PS,Hours per year per person,_Z,Not applicable,_Z,Not applicable,EMP,Employment,A,Annual,ACTUAL,Actual,_T,Total,_Z,Not applicable,MEAN,Mean,_Z,Not applicable,_T,Total,2019,,1537.043,,A,Normal value,,,0,Zero
DATAFLOW,OECD.ELS.SAE:DSD_HW@DF_AVG_ANN_HRS_WKD(1.0),Average annual hours actually worked per worker,I,GBR,United Kingdom,HW,Hours worked,H_Y_PS,Hours per year per person,_Z,Not applicable,_Z,Not applicable,EMP,Employment,A,Annual,ACTUAL,Actual,_T,Total,_Z,Not applicable,MEAN,Mean,_Z,Not applicable,_T,Total,2020,,1364.383,,A,Normal value,,,0,Zero
DATAFLOW,OECD.ELS.SAE:DSD_HW@DF_AVG_ANN_HRS_WKD(1.0),Average annual hours actually worked per worker,I,GBR,United Kingdom,HW,Hours worked,H_Y_PS,Hours per year per person,_Z,Not applicable,_Z,Not applicable,EMP,Employment,A,Annual,ACTUAL,Actual,_T,Total,_Z,Not applicable,MEAN,Mean,_Z,Not applicable,_T,Total,2021,,1498.087,,A,Normal value,,,0,Zero
DATAFLOW,OECD.ELS.SAE:DSD_HW@DF_AVG_ANN_HRS_WKD(1.0),Average annual hours actually worked per worker,I,GBR,United Kingdom,HW,Hours worked,H_Y_PS,Hours per year per person,_Z,Not applicable,_Z,Not applicable,EMP,Employment,A,Annual,ACTUAL,Actual,_T,Total,_Z,Not applicable,MEAN,Mean,_Z,Not applicable,_T,Total,2022,,1531.715,,A,Normal value,,,0,Zero
DATAFLOW,OECD.ELS.SAE:DSD_HW@DF_AVG_ANN_HRS_WKD(1.0),Average annual hours actually worked per worker,I,GBR,United Kingdom,HW,Hours worked,H_Y_PS,Hours per year per person,_Z,Not applicable,_Z,Not applicable,EMP,Employment,A,Annual,ACTUAL,Actual,_T,Total,_Z,Not applicable,MEAN,Mean,_Z,Not applicable,_T,Total,2023,,1524.404,,A,Normal value,,,0,Zero
DATAFLOW,OECD.ELS.SAE:DSD_HW@DF_AVG_ANN_HRS_WKD(1.0),Average annual hours actually worked per worker,I,USA,United States,HW,Hours worked,H_Y_PS,Hours per year per person,_Z,Not applicable,_Z,Not applicable,EMP,Employment,A,Annual,ACTUAL,Actual,_T,Total,_Z,Not applicable,MEAN,Mean,_Z,Not applicable,_T,Total,2021,,1818.849,,A,Normal value,,,0,Zero
DATAFLOW,OECD.ELS.SAE:DSD_HW@DF_AVG_ANN_HRS_WKD(1.0),Average annual hours actually worked per worker,I,USA,United States,HW,Hours worked,H_Y_PS,Hours per year per person,_Z,Not applicable,_Z,Not applicable,EMP,Employment,A,Annual,ACTUAL,Actual,_T,Total,_Z,Not applicable,MEAN,Mean,_Z,Not applicable,_T,Total,2022,,1809.896,,A,Normal value,,,0,Zero
DATAFLOW,OECD.ELS.SAE:DSD_HW@DF_AVG_ANN_HRS_WKD(1.0),Average annual hours actually worked per worker,I,OECD,OECD,HW,Hours worked,H_Y_PS,Hours per year per person,_Z,Not applicable,_Z,Not applicable,EMP,Employment,A,Annual,ACTUAL,Actual,_T,Total,_Z,Not applicable,MEAN,Mean,_Z,Not applicable,_T,Total,2014,,1790.784,,A,Normal value,,,0,Zero
DATAFLOW,OECD.ELS.SAE:DSD_HW@DF_AVG_ANN_HRS_WKD(1.0),Average annual hours actually worked per worker,I,OECD,OECD,HW,Hours worked,H_Y_PS,Hours per year per person,_Z,Not applicable,_Z,Not applicable,EMP,Employment,A,Annual,ACTUAL,Actual,_T,Total,_Z,Not applicable,MEAN,Mean,_Z,Not applicable,_T,Total,2015,,1789.607,,A,Normal value,,,0,Zero
DATAFLOW,OECD.ELS.SAE:DSD_HW@DF_AVG_ANN_HRS_WKD(1.0),Average annual hours actually worked per worker,I,OECD,OECD,HW,Hours worked,H_Y_PS,Hours per year per person,_Z,Not applicable,_Z,Not applicable,EMP,Employment,A,Annual,ACTUAL,Actual,_T,Total,_Z,Not applicable,MEAN,Mean,_Z,Not applicable,_T,Total,2016,,1787.069,,A,Normal value,,,0,Zero
DATAFLOW,OECD.ELS.SAE:DSD_HW@DF_AVG_ANN_HRS_WKD(1.0),Average annual hours actually worked per worker,I,OECD,OECD,HW,Hours worked,H_Y_PS,Hours per year per person,_Z,Not applicable,_Z,Not applicable,EMP,Employment,A,Annual,ACTUAL,Actual,_T,Total,_Z,Not applicable,MEAN,Mean,_Z,Not applicable,_T,Total,2017,,1779.478,,A,Normal value,,,0,Zero
DATAFLOW,OECD.ELS.SAE:DSD_HW@DF_AVG_ANN_HRS_WKD(1.0),Average annual hours actually worked per worker,I,OECD,OECD,HW,Hours worked,H_Y_PS,Hours per year per person,_Z,Not applicable,_Z,Not applicable,EMP,Employment,A,Annual,ACTUAL,Actual,_T,Total,_Z,Not applicable,MEAN,Mean,_Z,Not applicable,_T,Total,2018,,1774.946,,A,Normal value,,,0,Zero
DATAFLOW,OECD.ELS.SAE:DSD_HW@DF_AVG_ANN_HRS_WKD(1.0),Average annual hours actually worked per worker,I,OECD,OECD,HW,Hours worked,H_Y_PS,Hours per year per person,_Z,Not applicable,_Z,Not applicable,EMP,Employment,A,Annual,ACTUAL,Actual,_T,Total,_Z,Not applicable,MEAN,Mean,_Z,Not applicable,_T,Total,2019,,1765.794,,A,Normal value,,,0,Zero
DATAFLOW,OECD.ELS.SAE:DSD_HW@DF_AVG_ANN_HRS_WKD(1.0),Average annual hours actually worked per worker,I,OECD,OECD,HW,Hours worked,H_Y_PS,Hours per year per person,_Z,Not applicable,_Z,Not applicable,EMP,Employment,A,Annual,ACTUAL,Actual,_T,Total,_Z,Not applicable,MEAN,Mean,_Z,Not applicable,_T,Total,2020,,1686.561,,A,Normal value,,,0,Zero
DATAFLOW,OECD.ELS.SAE:DSD_HW@DF_AVG_ANN_HRS_WKD(1.0),Average annual hours actually worked per worker,I,OECD,OECD,HW,Hours worked,H_Y_PS,Hours per year per person,_Z,Not applicable,_Z,Not applicable,EMP,Employment,A,Annual,ACTUAL,Actual,_T,Total,_Z,Not applicable,MEAN,Mean,_Z,Not applicable,_T,Total,2021,,1740.558,,A,Normal value,,,0,Zero
DATAFLOW,OECD.ELS.SAE:DSD_HW@DF_AVG_ANN_HRS_WKD(1.0),Average annual hours actually worked per worker,I,OECD,OECD,HW,Hours worked,H_Y_PS,Hours per year per person,_Z,Not applicable,_Z,Not applicable,EMP,Employment,A,Annual,ACTUAL,Actual,_T,Total,_Z,Not applicable,MEAN,Mean,_Z,Not applicable,_T,Total,2022,,1748.95,,A,Normal value,,,0,Zero
DATAFLOW,OECD.ELS.SAE:DSD_HW@DF_AVG_ANN_HRS_WKD(1.0),Average annual hours actually worked per worker,I,OECD,OECD,HW,Hours worked,H_Y_PS,Hours per year per person,_Z,Not applicable,_Z,Not applicable,EMP,Employment,A,Annual,ACTUAL,Actual,_T,Total,_Z,Not applicable,MEAN,Mean,_Z,Not applicable,_T,Total,2023,,1745.031,,A,Normal value,,,0,Zero
DATAFLOW,OECD.ELS.SAE:DSD_HW@DF_AVG_ANN_HRS_WKD(1.0),Average annual hours actually worked per worker,I,BGR,Bulgaria,HW,Hours worked,H_Y_PS,Hours per year per person,_Z,Not applicable,_Z,Not applicable,EMP,Employment,A,Annual,ACTUAL,Actual,_T,Total,_Z,Not applicable,MEAN,Mean,_Z,Not applicable,_T,Total,2014,,1644.061,,A,Normal value,,,0,Zero
DATAFLOW,OECD.ELS.SAE:DSD_HW@DF_AVG_ANN_HRS_WKD(1.0),Average annual hours actually worked per worker,I,BGR,Bulgaria,HW,Hours worked,H_Y_PS,Hours per year per person,_Z,Not applicable,_Z,Not applicable,EMP,Employment,A,Annual,ACTUAL,Actual,_T,Total,_Z,Not applicable,MEAN,Mean,_Z,Not applicable,_T,Total,2015,,1644.383,,A,Normal value,,,0,Zero
DATAFLOW,OECD.ELS.SAE:DSD_HW@DF_AVG_ANN_HRS_WKD(1.0),Average annual hours actually worked per worker,I,BGR,Bulgaria,HW,Hours worked,H_Y_PS,Hours per year per person,_Z,Not applicable,_Z,Not applicable,EMP,Employment,A,Annual,ACTUAL,Actual,_T,Total,_Z,Not applicable,MEAN,Mean,_Z,Not applicable,_T,Total,2016,,1643.549,,A,Normal value,,,0,Zero
DATAFLOW,OECD.ELS.SAE:DSD_HW@DF_AVG_ANN_HRS_WKD(1.0),Average annual hours actually worked per worker,I,BGR,Bulgaria,HW,Hours worked,H_Y_PS,Hours per year per person,_Z,Not applicable,_Z,Not applicable,EMP,Employment,A,Annual,ACTUAL,Actual,_T,Total,_Z,Not applicable,MEAN,Mean,_Z,Not applicable,_T,Total,2017,,1643.257,,A,Normal value,,,0,Zero
DATAFLOW,OECD.ELS.SAE:DSD_HW@DF_AVG_ANN_HRS_WKD(1.0),Average annual hours actually worked per worker,I,BGR,Bulgaria,HW,Hours worked,H_Y_PS,Hours per year per person,_Z,Not applicable,_Z,Not applicable,EMP,Employment,A,Annual,ACTUAL,Actual,_T,Total,_Z,Not applicable,MEAN,Mean,_Z,Not applicable,_T,Total,2019,,1647.281,,A,Normal value,,,0,Zero
DATAFLOW,OECD.ELS.SAE:DSD_HW@DF_AVG_ANN_HRS_WKD(1.0),Average annual hours actually worked per worker,I,BGR,Bulgaria,HW,Hours worked,H_Y_PS,Hours per year per person,_Z,Not applicable,_Z,Not applicable,EMP,Employment,A,Annual,ACTUAL,Actual,_T,Total,_Z,Not applicable,MEAN,Mean,_Z,Not applicable,_T,Total,2020,,1609.079,,A,Normal value,,,0,Zero
DATAFLOW,OECD.ELS.SAE:DSD_HW@DF_AVG_ANN_HRS_WKD(1.0),Average annual hours actually worked per worker,I,BGR,Bulgaria,HW,Hours worked,H_Y_PS,Hours per year per person,_Z,Not applicable,_Z,Not applicable,EMP,Employment,A,Annual,ACTUAL,Actual,_T,Total,_Z,Not applicable,MEAN,Mean,_Z,Not applicable,_T,Total,2021,,1620.663,,A,Normal value,,,0,Zero
DATAFLOW,OECD.ELS.SAE:DSD_HW@DF_AVG_ANN_HRS_WKD(1.0),Average annual hours actually worked per worker,I,BGR,Bulgaria,HW,Hours worked,H_Y_PS,Hours per year per person,_Z,Not applicable,_Z,Not applicable,EMP,Employment,A,Annual,ACTUAL,Actual,_T,Total,_Z,Not applicable,MEAN,Mean,_Z,Not applicable,_T,Total,2022,,1618.985,,A,Normal value,,,0,Zero
DATAFLOW,OECD.ELS.SAE:DSD_HW@DF_AVG_ANN_HRS_WKD(1.0),Average annual hours actually worked per worker,I,BGR,Bulgaria,HW,Hours worked,H_Y_PS,Hours per year per person,_Z,Not applicable,_Z,Not applicable,EMP,Employment,A,Annual,ACTUAL,Actual,_T,Total,_Z,Not applicable,MEAN,Mean,_Z,Not applicable,_T,Total,2023,,1659.328,,A,Normal value,,,0,Zero
DATAFLOW,OECD.ELS.SAE:DSD_HW@DF_AVG_ANN_HRS_WKD(1.0),Average annual hours actually worked per worker,I,HRV,Croatia,HW,Hours worked,H_Y_PS,Hours per year per person,_Z,Not applicable,_Z,Not applicable,EMP,Employment,A,Annual,ACTUAL,Actual,_T,Total,_Z,Not applicable,MEAN,Mean,_Z,Not applicable,_T,Total,2014,,2015.224,,A,Normal value,,,0,Zero
DATAFLOW,OECD.ELS.SAE:DSD_HW@DF_AVG_ANN_HRS_WKD(1.0),Average annual hours actually worked per worker,I,HRV,Croatia,HW,Hours worked,H_Y_PS,Hours per year per person,_Z,Not applicable,_Z,Not applicable,EMP,Employment,A,Annual,ACTUAL,Actual,_T,Total,_Z,Not applicable,MEAN,Mean,_Z,Not applicable,_T,Total,2015,,1974.419,,A,Normal value,,,0,Zero
DATAFLOW,OECD.ELS.SAE:DSD_HW@DF_AVG_ANN_HRS_WKD(1.0),Average annual hours actually worked per worker,I,HRV,Croatia,HW,Hours worked,H_Y_PS,Hours per year per person,_Z,Not applicable,_Z,Not applicable,EMP,Employment,A,Annual,ACTUAL,Actual,_T,Total,_Z,Not applicable,MEAN,Mean,_Z,Not applicable,_T,Total,2016,,1990.095,,A,Normal value,,,0,Zero
DATAFLOW,OECD.ELS.SAE:DSD_HW@DF_AVG_ANN_HRS_WKD(1.0),Average annual hours actually worked per worker,I,HRV,Croatia,HW,Hours worked,H_Y_PS,Hours per year per person,_Z,Not applicable,_Z,Not applicable,EMP,Employment,A,Annual,ACTUAL,Actual,_T,Total,_Z,Not applicable,MEAN,Mean,_Z,Not applicable,_T,Total,2017,,2012.388,,A,Normal value,,,0,Zero
DATAFLOW,OECD.ELS.SAE:DSD_HW@DF_AVG_ANN_HRS_WKD(1.0),Average annual hours actually worked per worker,I,HRV,Croatia,HW,Hours worked,H_Y_PS,Hours per year per person,_Z,Not applicable,_Z,Not applicable,EMP,Employment,A,Annual,ACTUAL,Actual,_T,Total,_Z,Not applicable,MEAN,Mean,_Z,Not applicable,_T,Total,2018,,1999.43,,A,Normal value,,,0,Zero
DATAFLOW,OECD.ELS.SAE:DSD_HW@DF_AVG_ANN_HRS_WKD(1.0),Average annual hours actually worked per worker,I,HRV,Croatia,HW,Hours worked,H_Y_PS,Hours per year per person,_Z,Not applicable,_Z,Not applicable,EMP,Employment,A,Annual,ACTUAL,Actual,_T,Total,_Z,Not applicable,MEAN,Mean,_Z,Not applicable,_T,Total,2019,,1994.105,,A,Normal value,,,0,Zero
DATAFLOW,OECD.ELS.SAE:DSD_HW@DF_AVG_ANN_HRS_WKD(1.0),Average annual hours actually worked per worker,I,HRV,Croatia,HW,Hours worked,H_Y_PS,Hours per year per person,_Z,Not applicable,_Z,Not applicable,EMP,Employment,A,Annual,ACTUAL,Actual,_T,Total,_Z,Not applicable,MEAN,Mean,_Z,Not applicable,_T,Total,2020,,1976.685,,A,Normal value,,,0,Zero
DATAFLOW,OECD.ELS.SAE:DSD_HW@DF_AVG_ANN_HRS_WKD(1.0),Average annual hours actually worked per worker,I,HRV,Croatia,HW,Hours worked,H_Y_PS,Hours per year per person,_Z,Not applicable,_Z,Not applicable,EMP,Employment,A,Annual,ACTUAL,Actual,_T,Total,_Z,Not applicable,MEAN,Mean,_Z,Not applicable,_T,Total,2021,,1973.478,,A,Normal value,,,0,Zero
DATAFLOW,OECD.ELS.SAE:DSD_HW@DF_AVG_ANN_HRS_WKD(1.0),Average annual hours actually worked per worker,I,HRV,Croatia,HW,Hours worked,H_Y_PS,Hours per year per person,_Z,Not applicable,_Z,Not applicable,EMP,Employment,A,Annual,ACTUAL,Actual,_T,Total,_Z,Not applicable,MEAN,Mean,_Z,Not applicable,_T,Total,2022,,1961.738,,A,Normal value,,,0,Zero
DATAFLOW,OECD.ELS.SAE:DSD_HW@DF_AVG_ANN_HRS_WKD(1.0),Average annual hours actually worked per worker,I,HRV,Croatia,HW,Hours worked,H_Y_PS,Hours per year per person,_Z,Not applicable,_Z,Not applicable,EMP,Employment,A,Annual,ACTUAL,Actual,_T,Total,_Z,Not applicable,MEAN,Mean,_Z,Not applicable,_T,Total,2023,,1973.275,,A,Normal value,,,0,Zero
DATAFLOW,OECD.ELS.SAE:DSD_HW@DF_AVG_ANN_HRS_WKD(1.0),Average annual hours actually worked per worker,I,CYP,Cyprus,HW,Hours worked,H_Y_PS,Hours per year per person,_Z,Not applicable,_Z,Not applicable,EMP,Employment,A,Annual,ACTUAL,Actual,_T,Total,_Z,Not applicable,MEAN,Mean,_Z,Not applicable,_T,Total,2014,,1815.439,,A,Normal value,,,0,Zero
DATAFLOW,OECD.ELS.SAE:DSD_HW@DF_AVG_ANN_HRS_WKD(1.0),Average annual hours actually worked per worker,I,CYP,Cyprus,HW,Hours worked,H_Y_PS,Hours per year per person,_Z,Not applicable,_Z,Not applicable,EMP,Employment,A,Annual,ACTUAL,Actual,_T,Total,_Z,Not applicable,MEAN,Mean,_Z,Not applicable,_T,Total,2015,,1824.346,,A,Normal value,,,0,Zero
DATAFLOW,OECD.ELS.SAE:DSD_HW@DF_AVG_ANN_HRS_WKD(1.0),Average annual hours actually worked per worker,I,CYP,Cyprus,HW,Hours worked,H_Y_PS,Hours per year per person,_Z,Not applicable,_Z,Not applicable,EMP,Employment,A,Annual,ACTUAL,Actual,_T,Total,_Z,Not applicable,MEAN,Mean,_Z,Not applicable,_T,Total,2016,,1839.685,,A,Normal value,,,0,Zero
DATAFLOW,OECD.ELS.SAE:DSD_HW@DF_AVG_ANN_HRS_WKD(1.0),Average annual hours actually worked per worker,I,CYP,Cyprus,HW,Hours worked,H_Y_PS,Hours per year per person,_Z,Not applicable,_Z,Not applicable,EMP,Employment,A,Annual,ACTUAL,Actual,_T,Total,_Z,Not applicable,MEAN,Mean,_Z,Not applicable,_T,Total,2017,,1821.477,,A,Normal value,,,0,Zero
DATAFLOW,OECD.ELS.SAE:DSD_HW@DF_AVG_ANN_HRS_WKD(1.0),Average annual hours actually worked per worker,I,CYP,Cyprus,HW,Hours worked,H_Y_PS,Hours per year per person,_Z,Not applicable,_Z,Not applicable,EMP,Employment,A,Annual,ACTUAL,Actual,_T,Total,_Z,Not applicable,MEAN,Mean,_Z,Not applicable,_T,Total,2018,,1806.568,,A,Normal value,,,0,Zero
DATAFLOW,OECD.ELS.SAE:DSD_HW@DF_AVG_ANN_HRS_WKD(1.0),Average annual hours actually worked per worker,I,CYP,Cyprus,HW,Hours worked,H_Y_PS,Hours per year per person,_Z,Not applicable,_Z,Not applicable,EMP,Employment,A,Annual,ACTUAL,Actual,_T,Total,_Z,Not applicable,MEAN,Mean,_Z,Not applicable,_T,Total,2019,,1812.635,,A,Normal value,,,0,Zero
DATAFLOW,OECD.ELS.SAE:DSD_HW@DF_AVG_ANN_HRS_WKD(1.0),Average annual hours actually worked per worker,I,CYP,Cyprus,HW,Hours worked,H_Y_PS,Hours per year per person,_Z,Not applicable,_Z,Not applicable,EMP,Employment,A,Annual,ACTUAL,Actual,_T,Total,_Z,Not applicable,MEAN,Mean,_Z,Not applicable,_T,Total,2020,,1725.334,,A,Normal value,,,0,Zero
DATAFLOW,OECD.ELS.SAE:DSD_HW@DF_AVG_ANN_HRS_WKD(1.0),Average annual hours actually worked per worker,I,CYP,Cyprus,HW,Hours worked,H_Y_PS,Hours per year per person,_Z,Not applicable,_Z,Not applicable,EMP,Employment,A,Annual,ACTUAL,Actual,_T,Total,_Z,Not applicable,MEAN,Mean,_Z,Not applicable,_T,Total,2021,,1817.587,,A,Normal value,,,0,Zero
DATAFLOW,OECD.ELS.SAE:DSD_HW@DF_AVG_ANN_HRS_WKD(1.0),Average annual hours actually worked per worker,I,CYP,Cyprus,HW,Hours worked,H_Y_PS,Hours per year per person,_Z,Not applicable,_Z,Not applicable,EMP,Employment,A,Annual,ACTUAL,Actual,_T,Total,_Z,Not applicable,MEAN,Mean,_Z,Not applicable,_T,Total,2022,,1836.256,,A,Normal value,,,0,Zero
DATAFLOW,OECD.ELS.SAE:DSD_HW@DF_AVG_ANN_HRS_WKD(1.0),Average annual hours actually worked per worker,I,CYP,Cyprus,HW,Hours worked,H_Y_PS,Hours per year per person,_Z,Not applicable,_Z,Not applicable,EMP,Employment,A,Annual,ACTUAL,Actual,_T,Total,_Z,Not applicable,MEAN,Mean,_Z,Not applicable,_T,Total,2023,,1835.392,,A,Normal value,,,0,Zero
DATAFLOW,OECD.ELS.SAE:DSD_HW@DF_AVG_ANN_HRS_WKD(1.0),Average annual hours actually worked per worker,I,MLT,Malta,HW,Hours worked,H_Y_PS,Hours per year per person,_Z,Not applicable,_Z,Not applicable,EMP,Employment,A,Annual,ACTUAL,Actual,_T,Total,_Z,Not applicable,MEAN,Mean,_Z,Not applicable,_T,Total,2014,,1869.868,,A,Normal value,,,0,Zero
DATAFLOW,OECD.ELS.SAE:DSD_HW@DF_AVG_ANN_HRS_WKD(1.0),Average annual hours actually worked per worker,I,MLT,Malta,HW,Hours worked,H_Y_PS,Hours per year per person,_Z,Not applicable,_Z,Not applicable,EMP,Employment,A,Annual,ACTUAL,Actual,_T,Total,_Z,Not applicable,MEAN,Mean,_Z,Not applicable,_T,Total,2016,,1915.801,,A,Normal value,,,0,Zero
DATAFLOW,OECD.ELS.SAE:DSD_HW@DF_AVG_ANN_HRS_WKD(1.0),Average annual hours actually worked per worker,I,MLT,Malta,HW,Hours worked,H_Y_PS,Hours per year per person,_Z,Not applicable,_Z,Not applicable,EMP,Employment,A,Annual,ACTUAL,Actual,_T,Total,_Z,Not applicable,MEAN,Mean,_Z,Not applicable,_T,Total,2017,,1902.386,,A,Normal value,,,0,Zero
DATAFLOW,OECD.ELS.SAE:DSD_HW@DF_AVG_ANN_HRS_WKD(1.0),Average annual hours actually worked per worker,I,MLT,Malta,HW,Hours worked,H_Y_PS,Hours per year per person,_Z,Not applicable,_Z,Not applicable,EMP,Employment,A,Annual,ACTUAL,Actual,_T,Total,_Z,Not applicable,MEAN,Mean,_Z,Not applicable,_T,Total,2018,,1928.947,,A,Normal value,,,0,Zero
DATAFLOW,OECD.ELS.SAE:DSD_HW@DF_AVG_ANN_HRS_WKD(1.0),Average annual hours actually worked per worker,I,MLT,Malta,HW,Hours worked,H_Y_PS,Hours per year per person,_Z,Not applicable,_Z,Not applicable,EMP,Employment,A,Annual,ACTUAL,Actual,_T,Total,_Z,Not applicable,MEAN,Mean,_Z,Not applicable,_T,Total,2019,,1988.437,,A,Normal value,,,0,Zero
DATAFLOW,OECD.ELS.SAE:DSD_HW@DF_AVG_ANN_HRS_WKD(1.0),Average annual hours actually worked per worker,I,MLT,Malta,HW,Hours worked,H_Y_PS,Hours per year per person,_Z,Not applicable,_Z,Not applicable,EMP,Employment,A,Annual,ACTUAL,Actual,_T,Total,_Z,Not applicable,MEAN,Mean,_Z,Not applicable,_T,Total,2020,,1833.983,,A,Normal value,,,0,Zero
DATAFLOW,OECD.ELS.SAE:DSD_HW@DF_AVG_ANN_HRS_WKD(1.0),Average annual hours actually worked per worker,I,MLT,Malta,HW,Hours worked,H_Y_PS,Hours per year per person,_Z,Not applicable,_Z,Not applicable,EMP,Employment,A,Annual,ACTUAL,Actual,_T,Total,_Z,Not applicable,MEAN,Mean,_Z,Not applicable,_T,Total,2021,,1840.887,,A,Normal value,,,0,Zero
DATAFLOW,OECD.ELS.SAE:DSD_HW@DF_AVG_ANN_HRS_WKD(1.0),Average annual hours actually worked per worker,I,MLT,Malta,HW,Hours worked,H_Y_PS,Hours per year per person,_Z,Not applicable,_Z,Not applicable,EMP,Employment,A,Annual,ACTUAL,Actual,_T,Total,_Z,Not applicable,MEAN,Mean,_Z,Not applicable,_T,Total,2022,,1846.268,,A,Normal value,,,0,Zero
DATAFLOW,OECD.ELS.SAE:DSD_HW@DF_AVG_ANN_HRS_WKD(1.0),Average annual hours actually worked per worker,I,MLT,Malta,HW,Hours worked,H_Y_PS,Hours per year per person,_Z,Not applicable,_Z,Not applicable,EMP,Employment,A,Annual,ACTUAL,Actual,_T,Total,_Z,Not applicable,MEAN,Mean,_Z,Not applicable,_T,Total,2023,,1849.156,,A,Normal value,,,0,Zero
DATAFLOW,OECD.ELS.SAE:DSD_HW@DF_AVG_ANN_HRS_WKD(1.0),Average annual hours actually worked per worker,I,ROU,Romania,HW,Hours worked,H_Y_PS,Hours per year per person,_Z,Not applicable,_Z,Not applicable,EMP,Employment,A,Annual,ACTUAL,Actual,_T,Total,_Z,Not applicable,MEAN,Mean,_Z,Not applicable,_T,Total,2014,,1792.534,,A,Normal value,,,0,Zero
DATAFLOW,OECD.ELS.SAE:DSD_HW@DF_AVG_ANN_HRS_WKD(1.0),Average annual hours actually worked per worker,I,ROU,Romania,HW,Hours worked,H_Y_PS,Hours per year per person,_Z,Not applicable,_Z,Not applicable,EMP,Employment,A,Annual,ACTUAL,Actual,_T,Total,_Z,Not applicable,MEAN,Mean,_Z,Not applicable,_T,Total,2015,,1785.671,,A,Normal value,,,0,Zero
DATAFLOW,OECD.ELS.SAE:DSD_HW@DF_AVG_ANN_HRS_WKD(1.0),Average annual hours actually worked per worker,I,ROU,Romania,HW,Hours worked,H_Y_PS,Hours per year per person,_Z,Not applicable,_Z,Not applicable,EMP,Employment,A,Annual,ACTUAL,Actual,_T,Total,_Z,Not applicable,MEAN,Mean,_Z,Not applicable,_T,Total,2016,,1809.028,,A,Normal value,,,0,Zero
DATAFLOW,OECD.ELS.SAE:DSD_HW@DF_AVG_ANN_HRS_WKD(1.0),Average annual hours actually worked per worker,I,ROU,Romania,HW,Hours worked,H_Y_PS,Hours per year per person,_Z,Not applicable,_Z,Not applicable,EMP,Employment,A,Annual,ACTUAL,Actual,_T,Total,_Z,Not applicable,MEAN,Mean,_Z,Not applicable,_T,Total,2017,,1785.838,,A,Normal value,,,0,Zero
DATAFLOW,OECD.ELS.SAE:DSD_HW@DF_AVG_ANN_HRS_WKD(1.0),Average annual hours actually worked per worker,I,ROU,Romania,HW,Hours worked,H_Y_PS,Hours per year per person,_Z,Not applicable,_Z,Not applicable,EMP,Employment,A,Annual,ACTUAL,Actual,_T,Total,_Z,Not applicable,MEAN,Mean,_Z,Not applicable,_T,Total,2018,,1786.983,,A,Normal value,,,0,Zero
DATAFLOW,OECD.ELS.SAE:DSD_HW@DF_AVG_ANN_HRS_WKD(1.0),Average annual hours actually worked per worker,I,ROU,Romania,HW,Hours worked,H_Y_PS,Hours per year per person,_Z,Not applicable,_Z,Not applicable,EMP,Employment,A,Annual,ACTUAL,Actual,_T,Total,_Z,Not applicable,MEAN,Mean,_Z,Not applicable,_T,Total,2019,,1803.112,,A,Normal value,,,0,Zero
DATAFLOW,OECD.ELS.SAE:DSD_HW@DF_AVG_ANN_HRS_WKD(1.0),Average annual hours actually worked per worker,I,ROU,Romania,HW,Hours worked,H_Y_PS,Hours per year per person,_Z,Not applicable,_Z,Not applicable,EMP,Employment,A,Annual,ACTUAL,Actual,_T,Total,_Z,Not applicable,MEAN,Mean,_Z,Not applicable,_T,Total,2020,,1756.283,,A,Normal value,,,0,Zero
DATAFLOW,OECD.ELS.SAE:DSD_HW@DF_AVG_ANN_HRS_WKD(1.0),Average annual hours actually worked per worker,I,ROU,Romania,HW,Hours worked,H_Y_PS,Hours per year per person,_Z,Not applicable,_Z,Not applicable,EMP,Employment,A,Annual,ACTUAL,Actual,_T,Total,_Z,Not applicable,MEAN,Mean,_Z,Not applicable,_T,Total,2021,,1823.534,,A,Normal value,,,0,Zero
DATAFLOW,OECD.ELS.SAE:DSD_HW@DF_AVG_ANN_HRS_WKD(1.0),Average annual hours actually worked per worker,I,ROU,Romania,HW,Hours worked,H_Y_PS,Hours per year per person,_Z,Not applicable,_Z,Not applicable,EMP,Employment,A,Annual,ACTUAL,Actual,_T,Total,_Z,Not applicable,MEAN,Mean,_Z,Not applicable,_T,Total,2022,,1802.461,,A,Normal value,,,0,Zero
DATAFLOW,OECD.ELS.SAE:DSD_HW@DF_AVG_ANN_HRS_WKD(1.0),Average annual hours actually worked per worker,I,ROU,Romania,HW,Hours worked,H_Y_PS,Hours per year per person,_Z,Not applicable,_Z,Not applicable,EMP,Employment,A,Annual,ACTUAL,Actual,_T,Total,_Z,Not applicable,MEAN,Mean,_Z,Not applicable,_T,Total,2023,,1787.44,,A,Normal value,,,0,Zero
DATAFLOW,OECD.ELS.SAE:DSD_HW@DF_AVG_ANN_HRS_WKD(1.0),Average annual hours actually worked per worker,I,AUS,Australia,HW,Hours worked,H_Y_PS,Hours per year per person,_Z,Not applicable,_Z,Not applicable,EMP,Employment,A,Annual,ACTUAL,Actual,ICSE93_1,Employees,_Z,Not applicable,MEAN,Mean,_Z,Not applicable,_T,Total,2014,,1693.936,,A,Normal value,,,0,Zero
DATAFLOW,OECD.ELS.SAE:DSD_HW@DF_AVG_ANN_HRS_WKD(1.0),Average annual hours actually worked per worker,I,AUS,Australia,HW,Hours worked,H_Y_PS,Hours per year per person,_Z,Not applicable,_Z,Not applicable,EMP,Employment,A,Annual,ACTUAL,Actual,ICSE93_1,Employees,_Z,Not applicable,MEAN,Mean,_Z,Not applicable,_T,Total,2015,,1677.088,,A,Normal value,,,0,Zero
DATAFLOW,OECD.ELS.SAE:DSD_HW@DF_AVG_ANN_HRS_WKD(1.0),Average annual hours actually worked per worker,I,AUS,Australia,HW,Hours worked,H_Y_PS,Hours per year per person,_Z,Not applicable,_Z,Not applicable,EMP,Employment,A,Annual,ACTUAL,Actual,ICSE93_1,Employees,_Z,Not applicable,MEAN,Mean,_Z,Not applicable,_T,Total,2016,,1691.191,,A,Normal value,,,0,Zero
DATAFLOW,OECD.ELS.SAE:DSD_HW@DF_AVG_ANN_HRS_WKD(1.0),Average annual hours actually worked per worker,I,AUS,Australia,HW,Hours worked,H_Y_PS,Hours per year per person,_Z,Not applicable,_Z,Not applicable,EMP,Employment,A,Annual,ACTUAL,Actual,ICSE93_1,Employees,_Z,Not applicable,MEAN,Mean,_Z,Not applicable,_T,Total,2017,,1668.447,,A,Normal value,,,0,Zero
DATAFLOW,OECD.ELS.SAE:DSD_HW@DF_AVG_ANN_HRS_WKD(1.0),Average annual hours actually worked per worker,I,AUS,Australia,HW,Hours worked,H_Y_PS,Hours per year per person,_Z,Not applicable,_Z,Not applicable,EMP,Employment,A,Annual,ACTUAL,Actual,ICSE93_1,Employees,_Z,Not applicable,MEAN,Mean,_Z,Not applicable,_T,Total,2018,,1655.439,,A,Normal value,,,0,Zero
DATAFLOW,OECD.ELS.SAE:DSD_HW@DF_AVG_ANN_HRS_WKD(1.0),Average annual hours actually worked per worker,I,AUS,Australia,HW,Hours worked,H_Y_PS,Hours per year per person,_Z,Not applicable,_Z,Not applicable,EMP,Employment,A,Annual,ACTUAL,Actual,ICSE93_1,Employees,_Z,Not applicable,MEAN,Mean,_Z,Not applicable,_T,Total,2019,,1687.738,,A,Normal value,,,0,Zero
DATAFLOW,OECD.ELS.SAE:DSD_HW@DF_AVG_ANN_HRS_WKD(1.0),Average annual hours actually worked per worker,I,AUS,Australia,HW,Hours worked,H_Y_PS,Hours per year per person,_Z,Not applicable,_Z,Not applicable,EMP,Employment,A,Annual,ACTUAL,Actual,ICSE93_1,Employees,_Z,Not applicable,MEAN,Mean,_Z,Not applicable,_T,Total,2020,,1652.914,,A,Normal value,,,0,Zero
DATAFLOW,OECD.ELS.SAE:DSD_HW@DF_AVG_ANN_HRS_WKD(1.0),Average annual hours actually worked per worker,I,AUS,Australia,HW,Hours worked,H_Y_PS,Hours per year per person,_Z,Not applicable,_Z,Not applicable,EMP,Employment,A,Annual,ACTUAL,Actual,ICSE93_1,Employees,_Z,Not applicable,MEAN,Mean,_Z,Not applicable,_T,Total,2021,,1646.31,,A,Normal value,,,0,Zero
DATAFLOW,OECD.ELS.SAE:DSD_HW@DF_AVG_ANN_HRS_WKD(1.0),Average annual hours actually worked per worker,I,AUS,Australia,HW,Hours worked,H_Y_PS,Hours per year per person,_Z,Not applicable,_Z,Not applicable,EMP,Employment,A,Annual,ACTUAL,Actual,ICSE93_1,Employees,_Z,Not applicable,MEAN,Mean,_Z,Not applicable,_T,Total,2022,,1647.254,,A,Normal value,,,0,Zero
DATAFLOW,OECD.ELS.SAE:DSD_HW@DF_AVG_ANN_HRS_WKD(1.0),Average annual hours actually worked per worker,I,AUS,Australia,HW,Hours worked,H_Y_PS,Hours per year per person,_Z,Not applicable,_Z,Not applicable,EMP,Employment,A,Annual,ACTUAL,Actual,ICSE93_1,Employees,_Z,Not applicable,MEAN,Mean,_Z,Not applicable,_T,Total,2023,,1645.607,,A,Normal value,,,0,Zero
DATAFLOW,OECD.ELS.SAE:DSD_HW@DF_AVG_ANN_HRS_WKD(1.0),Average annual hours actually worked per worker,I,AUT,Austria,HW,Hours worked,H_Y_PS,Hours per year per person,_Z,Not applicable,_Z,Not applicable,EMP,Employment,A,Annual,ACTUAL,Actual,ICSE93_1,Employees,_Z,Not applicable,MEAN,Mean,_Z,Not applicable,_T,Total,2014,,1442.516,,A,Normal value,,,0,Zero
DATAFLOW,OECD.ELS.SAE:DSD_HW@DF_AVG_ANN_HRS_WKD(1.0),Average annual hours actually worked per worker,I,AUT,Austria,HW,Hours worked,H_Y_PS,Hours per year per person,_Z,Not applicable,_Z,Not applicable,EMP,Employment,A,Annual,ACTUAL,Actual,ICSE93_1,Employees,_Z,Not applicable,MEAN,Mean,_Z,Not applicable,_T,Total,2015,,1418.91,,A,Normal value,,,0,Zero
DATAFLOW,OECD.ELS.SAE:DSD_HW@DF_AVG_ANN_HRS_WKD(1.0),Average annual hours actually worked per worker,I,AUT,Austria,HW,Hours worked,H_Y_PS,Hours per year per person,_Z,Not applicable,_Z,Not applicable,EMP,Employment,A,Annual,ACTUAL,Actual,ICSE93_1,Employees,_Z,Not applicable,MEAN,Mean,_Z,Not applicable,_T,Total,2017,,1420.116,,A,Normal value,,,0,Zero
DATAFLOW,OECD.ELS.SAE:DSD_HW@DF_AVG_ANN_HRS_WKD(1.0),Average annual hours actually worked per worker,I,AUT,Austria,HW,Hours worked,H_Y_PS,Hours per year per person,_Z,Not applicable,_Z,Not applicable,EMP,Employment,A,Annual,ACTUAL,Actual,ICSE93_1,Employees,_Z,Not applicable,MEAN,Mean,_Z,Not applicable,_T,Total,2021,,1368.038,,A,Normal value,,,0,Zero
DATAFLOW,OECD.ELS.SAE:DSD_HW@DF_AVG_ANN_HRS_WKD(1.0),Average annual hours actually worked per worker,I,AUT,Austria,HW,Hours worked,H_Y_PS,Hours per year per person,_Z,Not applicable,_Z,Not applicable,EMP,Employment,A,Annual,ACTUAL,Actual,ICSE93_1,Employees,_Z,Not applicable,MEAN,Mean,_Z,Not applicable,_T,Total,2022,,1366.142,,A,Normal value,,,0,Zero
DATAFLOW,OECD.ELS.SAE:DSD_HW@DF_AVG_ANN_HRS_WKD(1.0),Average annual hours actually worked per worker,I,AUT,Austria,HW,Hours worked,H_Y_PS,Hours per year per person,_Z,Not applicable,_Z,Not applicable,EMP,Employment,A,Annual,ACTUAL,Actual,ICSE93_1,Employees,_Z,Not applicable,MEAN,Mean,_Z,Not applicable,_T,Total,2023,,1364.99,,A,Normal value,,,0,Zero
DATAFLOW,OECD.ELS.SAE:DSD_HW@DF_AVG_ANN_HRS_WKD(1.0),Average annual hours actually worked per worker,I,BEL,Belgium,HW,Hours worked,H_Y_PS,Hours per year per person,_Z,Not applicable,_Z,Not applicable,EMP,Employment,A,Annual,ACTUAL,Actual,ICSE93_1,Employees,_Z,Not applicable,MEAN,Mean,_Z,Not applicable,_T,Total,2014,,1431,,A,Normal value,,,0,Zero
DATAFLOW,OECD.ELS.SAE:DSD_HW@DF_AVG_ANN_HRS_WKD(1.0),Average annual hours actually worked per worker,I,BEL,Belgium,HW,Hours worked,H_Y_PS,Hours per year per person,_Z,Not applicable,_Z,Not applicable,EMP,Employment,A,Annual,ACTUAL,Actual,ICSE93_1,Employees,_Z,Not applicable,MEAN,Mean,_Z,Not applicable,_T,Total,2015,,1428,,A,Normal value,,,0,Zero
DATAFLOW,OECD.ELS.SAE:DSD_HW@DF_AVG_ANN_HRS_WKD(1.0),Average annual hours actually worked per worker,I,BEL,Belgium,HW,Hours worked,H_Y_PS,Hours per year per person,_Z,Not applicable,_Z,Not applicable,EMP,Employment,A,Annual,ACTUAL,Actual,ICSE93_1,Employees,_Z,Not applicable,MEAN,Mean,_Z,Not applicable,_T,Total,2016,,1434,,A,Normal value,,,0,Zero
DATAFLOW,OECD.ELS.SAE:DSD_HW@DF_AVG_ANN_HRS_WKD(1.0),Average annual hours actually worked per worker,I,BEL,Belgium,HW,Hours worked,H_Y_PS,Hours per year per person,_Z,Not applicable,_Z,Not applicable,EMP,Employment,A,Annual,ACTUAL,Actual,ICSE93_1,Employees,_Z,Not applicable,MEAN,Mean,_Z,Not applicable,_T,Total,2017,,1437,,A,Normal value,,,0,Zero
DATAFLOW,OECD.ELS.SAE:DSD_HW@DF_AVG_ANN_HRS_WKD(1.0),Average annual hours actually worked per worker,I,BEL,Belgium,HW,Hours worked,H_Y_PS,Hours per year per person,_Z,Not applicable,_Z,Not applicable,EMP,Employment,A,Annual,ACTUAL,Actual,ICSE93_1,Employees,_Z,Not applicable,MEAN,Mean,_Z,Not applicable,_T,Total,2018,,1442,,A,Normal value,,,0,Zero
DATAFLOW,OECD.ELS.SAE:DSD_HW@DF_AVG_ANN_HRS_WKD(1.0),Average annual hours actually worked per worker,I,BEL,Belgium,HW,Hours worked,H_Y_PS,Hours per year per person,_Z,Not applicable,_Z,Not applicable,EMP,Employment,A,Annual,ACTUAL,Actual,ICSE93_1,Employees,_Z,Not applicable,MEAN,Mean,_Z,Not applicable,_T,Total,2019,,1441,,A,Normal value,,,0,Zero
DATAFLOW,OECD.ELS.SAE:DSD_HW@DF_AVG_ANN_HRS_WKD(1.0),Average annual hours actually worked per worker,I,BEL,Belgium,HW,Hours worked,H_Y_PS,Hours per year per person,_Z,Not applicable,_Z,Not applicable,EMP,Employment,A,Annual,ACTUAL,Actual,ICSE93_1,Employees,_Z,Not applicable,MEAN,Mean,_Z,Not applicable,_T,Total,2020,,1352,,A,Normal value,,,0,Zero
DATAFLOW,OECD.ELS.SAE:DSD_HW@DF_AVG_ANN_HRS_WKD(1.0),Average annual hours actually worked per worker,I,BEL,Belgium,HW,Hours worked,H_Y_PS,Hours per year per person,_Z,Not applicable,_Z,Not applicable,EMP,Employment,A,Annual,ACTUAL,Actual,ICSE93_1,Employees,_Z,Not applicable,MEAN,Mean,_Z,Not applicable,_T,Total,2021,,1412,,A,Normal value,,,0,Zero
DATAFLOW,OECD.ELS.SAE:DSD_HW@DF_AVG_ANN_HRS_WKD(1.0),Average annual hours actually worked per worker,I,BEL,Belgium,HW,Hours worked,H_Y_PS,Hours per year per person,_Z,Not applicable,_Z,Not applicable,EMP,Employment,A,Annual,ACTUAL,Actual,ICSE93_1,Employees,_Z,Not applicable,MEAN,Mean,_Z,Not applicable,_T,Total,2022,,1446,,A,Normal value,,,0,Zero
DATAFLOW,OECD.ELS.SAE:DSD_HW@DF_AVG_ANN_HRS_WKD(1.0),Average annual hours actually worked per worker,I,BEL,Belgium,HW,Hours worked,H_Y_PS,Hours per year per person,_Z,Not applicable,_Z,Not applicable,EMP,Employment,A,Annual,ACTUAL,Actual,ICSE93_1,Employees,_Z,Not applicable,MEAN,Mean,_Z,Not applicable,_T,Total,2023,,1447,,A,Normal value,,,0,Zero
DATAFLOW,OECD.ELS.SAE:DSD_HW@DF_AVG_ANN_HRS_WKD(1.0),Average annual hours actually worked per worker,I,COL,Colombia,HW,Hours worked,H_Y_PS,Hours per year per person,_Z,Not applicable,_Z,Not applicable,EMP,Employment,A,Annual,ACTUAL,Actual,ICSE93_1,Employees,_Z,Not applicable,MEAN,Mean,_Z,Not applicable,_T,Total,2014,,2434,,A,Normal value,,,0,Zero
DATAFLOW,OECD.ELS.SAE:DSD_HW@DF_AVG_ANN_HRS_WKD(1.0),Average annual hours actually worked per worker,I,COL,Colombia,HW,Hours worked,H_Y_PS,Hours per year per person,_Z,Not applicable,_Z,Not applicable,EMP,Employment,A,Annual,ACTUAL,Actual,ICSE93_1,Employees,_Z,Not applicable,MEAN,Mean,_Z,Not applicable,_T,Total,2015,,2419,,A,Normal value,,,0,Zero
DATAFLOW,OECD.ELS.SAE:DSD_HW@DF_AVG_ANN_HRS_WKD(1.0),Average annual hours actually worked per worker,I,COL,Colombia,HW,Hours worked,H_Y_PS,Hours per year per person,_Z,Not applicable,_Z,Not applicable,EMP,Employment,A,Annual,ACTUAL,Actual,ICSE93_1,Employees,_Z,Not applicable,MEAN,Mean,_Z,Not applicable,_T,Total,2016,,2420,,A,Normal value,,,0,Zero
DATAFLOW,OECD.ELS.SAE:DSD_HW@DF_AVG_ANN_HRS_WKD(1.0),Average annual hours actually worked per worker,I,COL,Colombia,HW,Hours worked,H_Y_PS,Hours per year per person,_Z,Not applicable,_Z,Not applicable,EMP,Employment,A,Annual,ACTUAL,Actual,ICSE93_1,Employees,_Z,Not applicable,MEAN,Mean,_Z,Not applicable,_T,Total,2017,,2413,,A,Normal value,,,0,Zero
DATAFLOW,OECD.ELS.SAE:DSD_HW@DF_AVG_ANN_HRS_WKD(1.0),Average annual hours actually worked per worker,I,COL,Colombia,HW,Hours worked,H_Y_PS,Hours per year per person,_Z,Not applicable,_Z,Not applicable,EMP,Employment,A,Annual,ACTUAL,Actual,ICSE93_1,Employees,_Z,Not applicable,MEAN,Mean,_Z,Not applicable,_T,Total,2018,,2438,,A,Normal value,,,0,Zero
DATAFLOW,OECD.ELS.SAE:DSD_HW@DF_AVG_ANN_HRS_WKD(1.0),Average annual hours actually worked per worker,I,COL,Colombia,HW,Hours worked,H_Y_PS,Hours per year per person,_Z,Not applicable,_Z,Not applicable,EMP,Employment,A,Annual,ACTUAL,Actual,ICSE93_1,Employees,_Z,Not applicable,MEAN,Mean,_Z,Not applicable,_T,Total,2019,,2435,,A,Normal value,,,0,Zero
DATAFLOW,OECD.ELS.SAE:DSD_HW@DF_AVG_ANN_HRS_WKD(1.0),Average annual hours actually worked per worker,I,COL,Colombia,HW,Hours worked,H_Y_PS,Hours per year per person,_Z,Not applicable,_Z,Not applicable,EMP,Employment,A,Annual,ACTUAL,Actual,ICSE93_1,Employees,_Z,Not applicable,MEAN,Mean,_Z,Not applicable,_T,Total,2020,,2311,,A,Normal value,,,0,Zero
DATAFLOW,OECD.ELS.SAE:DSD_HW@DF_AVG_ANN_HRS_WKD(1.0),Average annual hours actually worked per worker,I,COL,Colombia,HW,Hours worked,H_Y_PS,Hours per year per person,_Z,Not applicable,_Z,Not applicable,EMP,Employment,A,Annual,ACTUAL,Actual,ICSE93_1,Employees,_Z,Not applicable,MEAN,Mean,_Z,Not applicable,_T,Total,2021,,2287,,A,Normal value,,,0,Zero
DATAFLOW,OECD.ELS.SAE:DSD_HW@DF_AVG_ANN_HRS_WKD(1.0),Average annual hours actually worked per worker,I,COL,Colombia,HW,Hours worked,H_Y_PS,Hours per year per person,_Z,Not applicable,_Z,Not applicable,EMP,Employment,A,Annual,ACTUAL,Actual,ICSE93_1,Employees,_Z,Not applicable,MEAN,Mean,_Z,Not applicable,_T,Total,2022,,2267,,A,Normal value,,,0,Zero
DATAFLOW,OECD.ELS.SAE:DSD_HW@DF_AVG_ANN_HRS_WKD(1.0),Average annual hours actually worked per worker,I,COL,Colombia,HW,Hours worked,H_Y_PS,Hours per year per person,_Z,Not applicable,_Z,Not applicable,EMP,Employment,A,Annual,ACTUAL,Actual,ICSE93_1,Employees,_Z,Not applicable,MEAN,Mean,_Z,Not applicable,_T,Total,2023,,2228,,A,Normal value,,,0,Zero
DATAFLOW,OECD.ELS.SAE:DSD_HW@DF_AVG_ANN_HRS_WKD(1.0),Average annual hours actually worked per worker,I,CRI,Costa Rica,HW,Hours worked,H_Y_PS,Hours per year per person,_Z,Not applicable,_Z,Not applicable,EMP,Employment,A,Annual,ACTUAL,Actual,ICSE93_1,Employees,_Z,Not applicable,MEAN,Mean,_Z,Not applicable,_T,Total,2015,,2216,,A,Normal value,,,0,Zero
DATAFLOW,OECD.ELS.SAE:DSD_HW@DF_AVG_ANN_HRS_WKD(1.0),Average annual hours actually worked per worker,I,CRI,Costa Rica,HW,Hours worked,H_Y_PS,Hours per year per person,_Z,Not applicable,_Z,Not applicable,EMP,Employment,A,Annual,ACTUAL,Actual,ICSE93_1,Employees,_Z,Not applicable,MEAN,Mean,_Z,Not applicable,_T,Total,2016,,2244,,A,Normal value,,,0,Zero
DATAFLOW,OECD.ELS.SAE:DSD_HW@DF_AVG_ANN_HRS_WKD(1.0),Average annual hours actually worked per worker,I,CRI,Costa Rica,HW,Hours worked,H_Y_PS,Hours per year per person,_Z,Not applicable,_Z,Not applicable,EMP,Employment,A,Annual,ACTUAL,Actual,ICSE93_1,Employees,_Z,Not applicable,MEAN,Mean,_Z,Not applicable,_T,Total,2017,,2246,,A,Normal value,,,0,Zero
DATAFLOW,OECD.ELS.SAE:DSD_HW@DF_AVG_ANN_HRS_WKD(1.0),Average annual hours actually worked per worker,I,CRI,Costa Rica,HW,Hours worked,H_Y_PS,Hours per year per person,_Z,Not applicable,_Z,Not applicable,EMP,Employment,A,Annual,ACTUAL,Actual,ICSE93_1,Employees,_Z,Not applicable,MEAN,Mean,_Z,Not applicable,_T,Total,2018,,2209,,A,Normal value,,,0,Zero
DATAFLOW,OECD.ELS.SAE:DSD_HW@DF_AVG_ANN_HRS_WKD(1.0),Average annual hours actually worked per worker,I,CRI,Costa Rica,HW,Hours worked,H_Y_PS,Hours per year per person,_Z,Not applicable,_Z,Not applicable,EMP,Employment,A,Annual,ACTUAL,Actual,ICSE93_1,Employees,_Z,Not applicable,MEAN,Mean,_Z,Not applicable,_T,Total,2019,,2156,,A,Normal value,,,0,Zero
DATAFLOW,OECD.ELS.SAE:DSD_HW@DF_AVG_ANN_HRS_WKD(1.0),Average annual hours actually worked per worker,I,CRI,Costa Rica,HW,Hours worked,H_Y_PS,Hours per year per person,_Z,Not applicable,_Z,Not applicable,EMP,Employment,A,Annual,ACTUAL,Actual,ICSE93_1,Employees,_Z,Not applicable,MEAN,Mean,_Z,Not applicable,_T,Total,2020,,2044,,A,Normal value,,,0,Zero
DATAFLOW,OECD.ELS.SAE:DSD_HW@DF_AVG_ANN_HRS_WKD(1.0),Average annual hours actually worked per worker,I,CRI,Costa Rica,HW,Hours worked,H_Y_PS,Hours per year per person,_Z,Not applicable,_Z,Not applicable,EMP,Employment,A,Annual,ACTUAL,Actual,ICSE93_1,Employees,_Z,Not applicable,MEAN,Mean,_Z,Not applicable,_T,Total,2021,,2187,,A,Normal value,,,0,Zero
DATAFLOW,OECD.ELS.SAE:DSD_HW@DF_AVG_ANN_HRS_WKD(1.0),Average annual hours actually worked per worker,I,CRI,Costa Rica,HW,Hours worked,H_Y_PS,Hours per year per person,_Z,Not applicable,_Z,Not applicable,EMP,Employment,A,Annual,ACTUAL,Actual,ICSE93_1,Employees,_Z,Not applicable,MEAN,Mean,_Z,Not applicable,_T,Total,2022,,2242,,A,Normal value,,,0,Zero
DATAFLOW,OECD.ELS.SAE:DSD_HW@DF_AVG_ANN_HRS_WKD(1.0),Average annual hours actually worked per worker,I,CRI,Costa Rica,HW,Hours worked,H_Y_PS,Hours per year per person,_Z,Not applicable,_Z,Not applicable,EMP,Employment,A,Annual,ACTUAL,Actual,ICSE93_1,Employees,_Z,Not applicable,MEAN,Mean,_Z,Not applicable,_T,Total,2023,,2245,,A,Normal value,,,0,Zero
DATAFLOW,OECD.ELS.SAE:DSD_HW@DF_AVG_ANN_HRS_WKD(1.0),Average annual hours actually worked per worker,I,CZE,Czechia,HW,Hours worked,H_Y_PS,Hours per year per person,_Z,Not applicable,_Z,Not applicable,EMP,Employment,A,Annual,ACTUAL,Actual,ICSE93_1,Employees,_Z,Not applicable,MEAN,Mean,_Z,Not applicable,_T,Total,2023,,1734.22,,A,Normal value,,,0,Zero
DATAFLOW,OECD.ELS.SAE:DSD_HW@DF_AVG_ANN_HRS_WKD(1.0),Average annual hours actually worked per worker,I,DNK,Denmark,HW,Hours worked,H_Y_PS,Hours per year per person,_Z,Not applicable,_Z,Not applicable,EMP,Employment,A,Annual,ACTUAL,Actual,ICSE93_1,Employees,_Z,Not applicable,MEAN,Mean,_Z,Not applicable,_T,Total,2021,,1370.617,,A,Normal value,,,0,Zero
DATAFLOW,OECD.ELS.SAE:DSD_HW@DF_AVG_ANN_HRS_WKD(1.0),Average annual hours actually worked per worker,I,DNK,Denmark,HW,Hours worked,H_Y_PS,Hours per year per person,_Z,Not applicable,_Z,Not applicable,EMP,Employment,A,Annual,ACTUAL,Actual,ICSE93_1,Employees,_Z,Not applicable,MEAN,Mean,_Z,Not applicable,_T,Total,2022,,1368.06,,A,Normal value,,,0,Zero
DATAFLOW,OECD.ELS.SAE:DSD_HW@DF_AVG_ANN_HRS_WKD(1.0),Average annual hours actually worked per worker,I,DNK,Denmark,HW,Hours worked,H_Y_PS,Hours per year per person,_Z,Not applicable,_Z,Not applicable,EMP,Employment,A,Annual,ACTUAL,Actual,ICSE93_1,Employees,_Z,Not applicable,MEAN,Mean,_Z,Not applicable,_T,Total,2023,,1361.579,,A,Normal value,,,0,Zero
DATAFLOW,OECD.ELS.SAE:DSD_HW@DF_AVG_ANN_HRS_WKD(1.0),Average annual hours actually worked per worker,I,EST,Estonia,HW,Hours worked,H_Y_PS,Hours per year per person,_Z,Not applicable,_Z,Not applicable,EMP,Employment,A,Annual,ACTUAL,Actual,ICSE93_1,Employees,_Z,Not applicable,MEAN,Mean,_Z,Not applicable,_T,Total,2018,,1688.1,,A,Normal value,,,0,Zero
DATAFLOW,OECD.ELS.SAE:DSD_HW@DF_AVG_ANN_HRS_WKD(1.0),Average annual hours actually worked per worker,I,EST,Estonia,HW,Hours worked,H_Y_PS,Hours per year per person,_Z,Not applicable,_Z,Not applicable,EMP,Employment,A,Annual,ACTUAL,Actual,ICSE93_1,Employees,_Z,Not applicable,MEAN,Mean,_Z,Not applicable,_T,Total,2019,,1675.617,,A,Normal value,,,0,Zero
DATAFLOW,OECD.ELS.SAE:DSD_HW@DF_AVG_ANN_HRS_WKD(1.0),Average annual hours actually worked per worker,I,EST,Estonia,HW,Hours worked,H_Y_PS,Hours per year per person,_Z,Not applicable,_Z,Not applicable,EMP,Employment,A,Annual,ACTUAL,Actual,ICSE93_1,Employees,_Z,Not applicable,MEAN,Mean,_Z,Not applicable,_T,Total,2020,,1623.52,,A,Normal value,,,0,Zero
DATAFLOW,OECD.ELS.SAE:DSD_HW@DF_AVG_ANN_HRS_WKD(1.0),Average annual hours actually worked per worker,I,EST,Estonia,HW,Hours worked,H_Y_PS,Hours per year per person,_Z,Not applicable,_Z,Not applicable,EMP,Employment,A,Annual,ACTUAL,Actual,ICSE93_1,Employees,_Z,Not applicable,MEAN,Mean,_Z,Not applicable,_T,Total,2021,,1610.471,,A,Normal value,,,0,Zero
DATAFLOW,OECD.ELS.SAE:DSD_HW@DF_AVG_ANN_HRS_WKD(1.0),Average annual hours actually worked per worker,I,EST,Estonia,HW,Hours worked,H_Y_PS,Hours per year per person,_Z,Not applicable,_Z,Not applicable,EMP,Employment,A,Annual,ACTUAL,Actual,ICSE93_1,Employees,_Z,Not applicable,MEAN,Mean,_Z,Not applicable,_T,Total,2023,,1598.667,,A,Normal value,,,0,Zero
DATAFLOW,OECD.ELS.SAE:DSD_HW@DF_AVG_ANN_HRS_WKD(1.0),Average annual hours actually worked per worker,I,FIN,Finland,HW,Hours worked,H_Y_PS,Hours per year per person,_Z,Not applicable,_Z,Not applicable,EMP,Employment,A,Annual,ACTUAL,Actual,ICSE93_1,Employees,_Z,Not applicable,MEAN,Mean,_Z,Not applicable,_T,Total,2023,,1463.647,,A,Normal value,,,0,Zero
DATAFLOW,OECD.ELS.SAE:DSD_HW@DF_AVG_ANN_HRS_WKD(1.0),Average annual hours actually worked per worker,I,FRA,France,HW,Hours worked,H_Y_PS,Hours per year per person,_Z,Not applicable,_Z,Not applicable,EMP,Employment,A,Annual,ACTUAL,Actual,ICSE93_1,Employees,_Z,Not applicable,MEAN,Mean,_Z,Not applicable,_T,Total,2022,,1392.112,,A,Normal value,,,0,Zero
DATAFLOW,OECD.ELS.SAE:DSD_HW@DF_AVG_ANN_HRS_WKD(1.0),Average annual hours actually worked per worker,I,FRA,France,HW,Hours worked,H_Y_PS,Hours per year per person,_Z,Not applicable,_Z,Not applicable,EMP,Employment,A,Annual,ACTUAL,Actual,ICSE93_1,Employees,_Z,Not applicable,MEAN,Mean,_Z,Not applicable,_T,Total,2023,,1396.996,,A,Normal value,,,0,Zero
DATAFLOW,OECD.ELS.SAE:DSD_HW@DF_AVG_ANN_HRS_WKD(1.0),Average annual hours actually worked per worker,I,DEU,Germany,HW,Hours worked,H_Y_PS,Hours per year per person,_Z,Not applicable,_Z,Not applicable,EMP,Employment,A,Annual,ACTUAL,Actual,ICSE93_1,Employees,_Z,Not applicable,MEAN,Mean,_Z,Not applicable,_T,Total,2021,,1298.8,,A,Normal value,,,0,Zero
DATAFLOW,OECD.ELS.SAE:DSD_HW@DF_AVG_ANN_HRS_WKD(1.0),Average annual hours actually worked per worker,I,DEU,Germany,HW,Hours worked,H_Y_PS,Hours per year per person,_Z,Not applicable,_Z,Not applicable,EMP,Employment,A,Annual,ACTUAL,Actual,ICSE93_1,Employees,_Z,Not applicable,MEAN,Mean,_Z,Not applicable,_T,Total,2022,,1301,,A,Normal value,,,0,Zero
DATAFLOW,OECD.ELS.SAE:DSD_HW@DF_AVG_ANN_HRS_WKD(1.0),Average annual hours actually worked per worker,I,DEU,Germany,HW,Hours worked,H_Y_PS,Hours per year per person,_Z,Not applicable,_Z,Not applicable,EMP,Employment,A,Annual,ACTUAL,Actual,ICSE93_1,Employees,_Z,Not applicable,MEAN,Mean,_Z,Not applicable,_T,Total,2023,,1299.8,,A,Normal value,,,0,Zero
DATAFLOW,OECD.ELS.SAE:DSD_HW@DF_AVG_ANN_HRS_WKD(1.0),Average annual hours actually worked per worker,I,GRC,Greece,HW,Hours worked,H_Y_PS,Hours per year per person,_Z,Not applicable,_Z,Not applicable,EMP,Employment,A,Annual,ACTUAL,Actual,ICSE93_1,Employees,_Z,Not applicable,MEAN,Mean,_Z,Not applicable,_T,Total,2014,,1707.269,,A,Normal value,,,0,Zero
DATAFLOW,OECD.ELS.SAE:DSD_HW@DF_AVG_ANN_HRS_WKD(1.0),Average annual hours actually worked per worker,I,GRC,Greece,HW,Hours worked,H_Y_PS,Hours per year per person,_Z,Not applicable,_Z,Not applicable,EMP,Employment,A,Annual,ACTUAL,Actual,ICSE93_1,Employees,_Z,Not applicable,MEAN,Mean,_Z,Not applicable,_T,Total,2015,,1706.061,,A,Normal value,,,0,Zero
DATAFLOW,OECD.ELS.SAE:DSD_HW@DF_AVG_ANN_HRS_WKD(1.0),Average annual hours actually worked per worker,I,GRC,Greece,HW,Hours worked,H_Y_PS,Hours per year per person,_Z,Not applicable,_Z,Not applicable,EMP,Employment,A,Annual,ACTUAL,Actual,ICSE93_1,Employees,_Z,Not applicable,MEAN,Mean,_Z,Not applicable,_T,Total,2017,,1714.92,,A,Normal value,,,0,Zero
DATAFLOW,OECD.ELS.SAE:DSD_HW@DF_AVG_ANN_HRS_WKD(1.0),Average annual hours actually worked per worker,I,GRC,Greece,HW,Hours worked,H_Y_PS,Hours per year per person,_Z,Not applicable,_Z,Not applicable,EMP,Employment,A,Annual,ACTUAL,Actual,ICSE93_1,Employees,_Z,Not applicable,MEAN,Mean,_Z,Not applicable,_T,Total,2018,,1734.151,,A,Normal value,,,0,Zero
DATAFLOW,OECD.ELS.SAE:DSD_HW@DF_AVG_ANN_HRS_WKD(1.0),Average annual hours actually worked per worker,I,GRC,Greece,HW,Hours worked,H_Y_PS,Hours per year per person,_Z,Not applicable,_Z,Not applicable,EMP,Employment,A,Annual,ACTUAL,Actual,ICSE93_1,Employees,_Z,Not applicable,MEAN,Mean,_Z,Not applicable,_T,Total,2019,,1708.049,,A,Normal value,,,0,Zero
DATAFLOW,OECD.ELS.SAE:DSD_HW@DF_AVG_ANN_HRS_WKD(1.0),Average annual hours actually worked per worker,I,GRC,Greece,HW,Hours worked,H_Y_PS,Hours per year per person,_Z,Not applicable,_Z,Not applicable,EMP,Employment,A,Annual,ACTUAL,Actual,ICSE93_1,Employees,_Z,Not applicable,MEAN,Mean,_Z,Not applicable,_T,Total,2020,,1540.507,,A,Normal value,,,0,Zero
DATAFLOW,OECD.ELS.SAE:DSD_HW@DF_AVG_ANN_HRS_WKD(1.0),Average annual hours actually worked per worker,I,GRC,Greece,HW,Hours worked,H_Y_PS,Hours per year per person,_Z,Not applicable,_Z,Not applicable,EMP,Employment,A,Annual,ACTUAL,Actual,ICSE93_1,Employees,_Z,Not applicable,MEAN,Mean,_Z,Not applicable,_T,Total,2022,,1680.273,,A,Normal value,,,0,Zero
DATAFLOW,OECD.ELS.SAE:DSD_HW@DF_AVG_ANN_HRS_WKD(1.0),Average annual hours actually worked per worker,I,GRC,Greece,HW,Hours worked,H_Y_PS,Hours per year per person,_Z,Not applicable,_Z,Not applicable,EMP,Employment,A,Annual,ACTUAL,Actual,ICSE93_1,Employees,_Z,Not applicable,MEAN,Mean,_Z,Not applicable,_T,Total,2023,,1700.28,,A,Normal value,,,0,Zero
DATAFLOW,OECD.ELS.SAE:DSD_HW@DF_AVG_ANN_HRS_WKD(1.0),Average annual hours actually worked per worker,I,HUN,Hungary,HW,Hours worked,H_Y_PS,Hours per year per person,_Z,Not applicable,_Z,Not applicable,EMP,Employment,A,Annual,ACTUAL,Actual,ICSE93_1,Employees,_Z,Not applicable,MEAN,Mean,_Z,Not applicable,_T,Total,2018,,1682.113,,A,Normal value,,,0,Zero
DATAFLOW,OECD.ELS.SAE:DSD_HW@DF_AVG_ANN_HRS_WKD(1.0),Average annual hours actually worked per worker,I,HUN,Hungary,HW,Hours worked,H_Y_PS,Hours per year per person,_Z,Not applicable,_Z,Not applicable,EMP,Employment,A,Annual,ACTUAL,Actual,ICSE93_1,Employees,_Z,Not applicable,MEAN,Mean,_Z,Not applicable,_T,Total,2019,,1680.936,,A,Normal value,,,0,Zero
DATAFLOW,OECD.ELS.SAE:DSD_HW@DF_AVG_ANN_HRS_WKD(1.0),Average annual hours actually worked per worker,I,HUN,Hungary,HW,Hours worked,H_Y_PS,Hours per year per person,_Z,Not applicable,_Z,Not applicable,EMP,Employment,A,Annual,ACTUAL,Actual,ICSE93_1,Employees,_Z,Not applicable,MEAN,Mean,_Z,Not applicable,_T,Total,2020,,1625.716,,A,Normal value,,,0,Zero
DATAFLOW,OECD.ELS.SAE:DSD_HW@DF_AVG_ANN_HRS_WKD(1.0),Average annual hours actually worked per worker,I,HUN,Hungary,HW,Hours worked,H_Y_PS,Hours per year per person,_Z,Not applicable,_Z,Not applicable,EMP,Employment,A,Annual,ACTUAL,Actual,ICSE93_1,Employees,_Z,Not applicable,MEAN,Mean,_Z,Not applicable,_T,Total,2021,,1654.172,,A,Normal value,,,0,Zero
DATAFLOW,OECD.ELS.SAE:DSD_HW@DF_AVG_ANN_HRS_WKD(1.0),Average annual hours actually worked per worker,I,HUN,Hungary,HW,Hours worked,H_Y_PS,Hours per year per person,_Z,Not applicable,_Z,Not applicable,EMP,Employment,A,Annual,ACTUAL,Actual,ICSE93_1,Employees,_Z,Not applicable,MEAN,Mean,_Z,Not applicable,_T,Total,2022,,1660.962,,A,Normal value,,,0,Zero
DATAFLOW,OECD.ELS.SAE:DSD_HW@DF_AVG_ANN_HRS_WKD(1.0),Average annual hours actually worked per worker,I,HUN,Hungary,HW,Hours worked,H_Y_PS,Hours per year per person,_Z,Not applicable,_Z,Not applicable,EMP,Employment,A,Annual,ACTUAL,Actual,ICSE93_1,Employees,_Z,Not applicable,MEAN,Mean,_Z,Not applicable,_T,Total,2023,,1637.813,,A,Normal value,,,0,Zero
DATAFLOW,OECD.ELS.SAE:DSD_HW@DF_AVG_ANN_HRS_WKD(1.0),Average annual hours actually worked per worker,I,ISL,Iceland,HW,Hours worked,H_Y_PS,Hours per year per person,_Z,Not applicable,_Z,Not applicable,EMP,Employment,A,Annual,ACTUAL,Actual,ICSE93_1,Employees,_Z,Not applicable,MEAN,Mean,_Z,Not applicable,_T,Total,2023,,1464.791,,A,Normal value,,,0,Zero
DATAFLOW,OECD.ELS.SAE:DSD_HW@DF_AVG_ANN_HRS_WKD(1.0),Average annual hours actually worked per worker,I,ISR,Israel,HW,Hours worked,H_Y_PS,Hours per year per person,_Z,Not applicable,_Z,Not applicable,EMP,Employment,A,Annual,ACTUAL,Actual,ICSE93_1,Employees,_Z,Not applicable,MEAN,Mean,_Z,Not applicable,_T,Total,2023,,1902.265,,A,Normal value,,,0,Zero
DATAFLOW,OECD.ELS.SAE:DSD_HW@DF_AVG_ANN_HRS_WKD(1.0),Average annual hours actually worked per worker,I,ITA,Italy,HW,Hours worked,H_Y_PS,Hours per year per person,_Z,Not applicable,_Z,Not applicable,EMP,Employment,A,Annual,ACTUAL,Actual,ICSE93_1,Employees,_Z,Not applicable,MEAN,Mean,_Z,Not applicable,_T,Total,2023,,1619.8,,A,Normal value,,,0,Zero
DATAFLOW,OECD.ELS.SAE:DSD_HW@DF_AVG_ANN_HRS_WKD(1.0),Average annual hours actually worked per worker,I,JPN,Japan,HW,Hours worked,H_Y_PS,Hours per year per person,_Z,Not applicable,_Z,Not applicable,EMP,Employment,A,Annual,ACTUAL,Actual,ICSE93_1,Employees,_Z,Not applicable,MEAN,Mean,_Z,Not applicable,_T,Total,2014,,1738.265,,A,Normal value,,,0,Zero
DATAFLOW,OECD.ELS.SAE:DSD_HW@DF_AVG_ANN_HRS_WKD(1.0),Average annual hours actually worked per worker,I,JPN,Japan,HW,Hours worked,H_Y_PS,Hours per year per person,_Z,Not applicable,_Z,Not applicable,EMP,Employment,A,Annual,ACTUAL,Actual,ICSE93_1,Employees,_Z,Not applicable,MEAN,Mean,_Z,Not applicable,_T,Total,2015,,1730.398,,A,Normal value,,,0,Zero
DATAFLOW,OECD.ELS.SAE:DSD_HW@DF_AVG_ANN_HRS_WKD(1.0),Average annual hours actually worked per worker,I,JPN,Japan,HW,Hours worked,H_Y_PS,Hours per year per person,_Z,Not applicable,_Z,Not applicable,EMP,Employment,A,Annual,ACTUAL,Actual,ICSE93_1,Employees,_Z,Not applicable,MEAN,Mean,_Z,Not applicable,_T,Total,2016,,1723.032,,A,Normal value,,,0,Zero
DATAFLOW,OECD.ELS.SAE:DSD_HW@DF_AVG_ANN_HRS_WKD(1.0),Average annual hours actually worked per worker,I,JPN,Japan,HW,Hours worked,H_Y_PS,Hours per year per person,_Z,Not applicable,_Z,Not applicable,EMP,Employment,A,Annual,ACTUAL,Actual,ICSE93_1,Employees,_Z,Not applicable,MEAN,Mean,_Z,Not applicable,_T,Total,2017,,1719.067,,A,Normal value,,,0,Zero
DATAFLOW,OECD.ELS.SAE:DSD_HW@DF_AVG_ANN_HRS_WKD(1.0),Average annual hours actually worked per worker,I,JPN,Japan,HW,Hours worked,H_Y_PS,Hours per year per person,_Z,Not applicable,_Z,Not applicable,EMP,Employment,A,Annual,ACTUAL,Actual,ICSE93_1,Employees,_Z,Not applicable,MEAN,Mean,_Z,Not applicable,_T,Total,2018,,1697.921,,A,Normal value,,,0,Zero
DATAFLOW,OECD.ELS.SAE:DSD_HW@DF_AVG_ANN_HRS_WKD(1.0),Average annual hours actually worked per worker,I,JPN,Japan,HW,Hours worked,H_Y_PS,Hours per year per person,_Z,Not applicable,_Z,Not applicable,EMP,Employment,A,Annual,ACTUAL,Actual,ICSE93_1,Employees,_Z,Not applicable,MEAN,Mean,_Z,Not applicable,_T,Total,2019,,1662.09,,A,Normal value,,,0,Zero
DATAFLOW,OECD.ELS.SAE:DSD_HW@DF_AVG_ANN_HRS_WKD(1.0),Average annual hours actually worked per worker,I,JPN,Japan,HW,Hours worked,H_Y_PS,Hours per year per person,_Z,Not applicable,_Z,Not applicable,EMP,Employment,A,Annual,ACTUAL,Actual,ICSE93_1,Employees,_Z,Not applicable,MEAN,Mean,_Z,Not applicable,_T,Total,2020,,1616.876,,A,Normal value,,,0,Zero
DATAFLOW,OECD.ELS.SAE:DSD_HW@DF_AVG_ANN_HRS_WKD(1.0),Average annual hours actually worked per worker,I,JPN,Japan,HW,Hours worked,H_Y_PS,Hours per year per person,_Z,Not applicable,_Z,Not applicable,EMP,Employment,A,Annual,ACTUAL,Actual,ICSE93_1,Employees,_Z,Not applicable,MEAN,Mean,_Z,Not applicable,_T,Total,2021,,1626.745,,A,Normal value,,,0,Zero
DATAFLOW,OECD.ELS.SAE:DSD_HW@DF_AVG_ANN_HRS_WKD(1.0),Average annual hours actually worked per worker,I,JPN,Japan,HW,Hours worked,H_Y_PS,Hours per year per person,_Z,Not applicable,_Z,Not applicable,EMP,Employment,A,Annual,ACTUAL,Actual,ICSE93_1,Employees,_Z,Not applicable,MEAN,Mean,_Z,Not applicable,_T,Total,2022,,1625.536,,A,Normal value,,,0,Zero
DATAFLOW,OECD.ELS.SAE:DSD_HW@DF_AVG_ANN_HRS_WKD(1.0),Average annual hours actually worked per worker,I,JPN,Japan,HW,Hours worked,H_Y_PS,Hours per year per person,_Z,Not applicable,_Z,Not applicable,EMP,Employment,A,Annual,ACTUAL,Actual,ICSE93_1,Employees,_Z,Not applicable,MEAN,Mean,_Z,Not applicable,_T,Total,2023,,1629.514,,A,Normal value,,,0,Zero
DATAFLOW,OECD.ELS.SAE:DSD_HW@DF_AVG_ANN_HRS_WKD(1.0),Average annual hours actually worked per worker,I,LVA,Latvia,HW,Hours worked,H_Y_PS,Hours per year per person,_Z,Not applicable,_Z,Not applicable,EMP,Employment,A,Annual,ACTUAL,Actual,ICSE93_1,Employees,_Z,Not applicable,MEAN,Mean,_Z,Not applicable,_T,Total,2014,,1670.078,,A,Normal value,,,0,Zero
DATAFLOW,OECD.ELS.SAE:DSD_HW@DF_AVG_ANN_HRS_WKD(1.0),Average annual hours actually worked per worker,I,LVA,Latvia,HW,Hours worked,H_Y_PS,Hours per year per person,_Z,Not applicable,_Z,Not applicable,EMP,Employment,A,Annual,ACTUAL,Actual,ICSE93_1,Employees,_Z,Not applicable,MEAN,Mean,_Z,Not applicable,_T,Total,2015,,1633.271,,A,Normal value,,,0,Zero
DATAFLOW,OECD.ELS.SAE:DSD_HW@DF_AVG_ANN_HRS_WKD(1.0),Average annual hours actually worked per worker,I,LVA,Latvia,HW,Hours worked,H_Y_PS,Hours per year per person,_Z,Not applicable,_Z,Not applicable,EMP,Employment,A,Annual,ACTUAL,Actual,ICSE93_1,Employees,_Z,Not applicable,MEAN,Mean,_Z,Not applicable,_T,Total,2017,,1618.343,,A,Normal value,,,0,Zero
DATAFLOW,OECD.ELS.SAE:DSD_HW@DF_AVG_ANN_HRS_WKD(1.0),Average annual hours actually worked per worker,I,LVA,Latvia,HW,Hours worked,H_Y_PS,Hours per year per person,_Z,Not applicable,_Z,Not applicable,EMP,Employment,A,Annual,ACTUAL,Actual,ICSE93_1,Employees,_Z,Not applicable,MEAN,Mean,_Z,Not applicable,_T,Total,2018,,1637.69,,A,Normal value,,,0,Zero
DATAFLOW,OECD.ELS.SAE:DSD_HW@DF_AVG_ANN_HRS_WKD(1.0),Average annual hours actually worked per worker,I,LVA,Latvia,HW,Hours worked,H_Y_PS,Hours per year per person,_Z,Not applicable,_Z,Not applicable,EMP,Employment,A,Annual,ACTUAL,Actual,ICSE93_1,Employees,_Z,Not applicable,MEAN,Mean,_Z,Not applicable,_T,Total,2019,,1636.523,,A,Normal value,,,0,Zero
DATAFLOW,OECD.ELS.SAE:DSD_HW@DF_AVG_ANN_HRS_WKD(1.0),Average annual hours actually worked per worker,I,LVA,Latvia,HW,Hours worked,H_Y_PS,Hours per year per person,_Z,Not applicable,_Z,Not applicable,EMP,Employment,A,Annual,ACTUAL,Actual,ICSE93_1,Employees,_Z,Not applicable,MEAN,Mean,_Z,Not applicable,_T,Total,2020,,1556.763,,A,Normal value,,,0,Zero
DATAFLOW,OECD.ELS.SAE:DSD_HW@DF_AVG_ANN_HRS_WKD(1.0),Average annual hours actually worked per worker,I,LVA,Latvia,HW,Hours worked,H_Y_PS,Hours per year per person,_Z,Not applicable,_Z,Not applicable,EMP,Employment,A,Annual,ACTUAL,Actual,ICSE93_1,Employees,_Z,Not applicable,MEAN,Mean,_Z,Not applicable,_T,Total,2021,,1584.372,,A,Normal value,,,0,Zero
DATAFLOW,OECD.ELS.SAE:DSD_HW@DF_AVG_ANN_HRS_WKD(1.0),Average annual hours actually worked per worker,I,LVA,Latvia,HW,Hours worked,H_Y_PS,Hours per year per person,_Z,Not applicable,_Z,Not applicable,EMP,Employment,A,Annual,ACTUAL,Actual,ICSE93_1,Employees,_Z,Not applicable,MEAN,Mean,_Z,Not applicable,_T,Total,2022,,1615.706,,A,Normal value,,,0,Zero
DATAFLOW,OECD.ELS.SAE:DSD_HW@DF_AVG_ANN_HRS_WKD(1.0),Average annual hours actually worked per worker,I,LVA,Latvia,HW,Hours worked,H_Y_PS,Hours per year per person,_Z,Not applicable,_Z,Not applicable,EMP,Employment,A,Annual,ACTUAL,Actual,ICSE93_1,Employees,_Z,Not applicable,MEAN,Mean,_Z,Not applicable,_T,Total,2023,,1579.479,,A,Normal value,,,0,Zero
DATAFLOW,OECD.ELS.SAE:DSD_HW@DF_AVG_ANN_HRS_WKD(1.0),Average annual hours actually worked per worker,I,LTU,Lithuania,HW,Hours worked,H_Y_PS,Hours per year per person,_Z,Not applicable,_Z,Not applicable,EMP,Employment,A,Annual,ACTUAL,Actual,ICSE93_1,Employees,_Z,Not applicable,MEAN,Mean,_Z,Not applicable,_T,Total,2014,,1611.902,,A,Normal value,,,0,Zero
DATAFLOW,OECD.ELS.SAE:DSD_HW@DF_AVG_ANN_HRS_WKD(1.0),Average annual hours actually worked per worker,I,LTU,Lithuania,HW,Hours worked,H_Y_PS,Hours per year per person,_Z,Not applicable,_Z,Not applicable,EMP,Employment,A,Annual,ACTUAL,Actual,ICSE93_1,Employees,_Z,Not applicable,MEAN,Mean,_Z,Not applicable,_T,Total,2015,,1632.088,,A,Normal value,,,0,Zero
DATAFLOW,OECD.ELS.SAE:DSD_HW@DF_AVG_ANN_HRS_WKD(1.0),Average annual hours actually worked per worker,I,LTU,Lithuania,HW,Hours worked,H_Y_PS,Hours per year per person,_Z,Not applicable,_Z,Not applicable,EMP,Employment,A,Annual,ACTUAL,Actual,ICSE93_1,Employees,_Z,Not applicable,MEAN,Mean,_Z,Not applicable,_T,Total,2017,,1620.934,,A,Normal value,,,0,Zero
DATAFLOW,OECD.ELS.SAE:DSD_HW@DF_AVG_ANN_HRS_WKD(1.0),Average annual hours actually worked per worker,I,LTU,Lithuania,HW,Hours worked,H_Y_PS,Hours per year per person,_Z,Not applicable,_Z,Not applicable,EMP,Employment,A,Annual,ACTUAL,Actual,ICSE93_1,Employees,_Z,Not applicable,MEAN,Mean,_Z,Not applicable,_T,Total,2018,,1628.096,,A,Normal value,,,0,Zero
DATAFLOW,OECD.ELS.SAE:DSD_HW@DF_AVG_ANN_HRS_WKD(1.0),Average annual hours actually worked per worker,I,LTU,Lithuania,HW,Hours worked,H_Y_PS,Hours per year per person,_Z,Not applicable,_Z,Not applicable,EMP,Employment,A,Annual,ACTUAL,Actual,ICSE93_1,Employees,_Z,Not applicable,MEAN,Mean,_Z,Not applicable,_T,Total,2019,,1630.791,,A,Normal value,,,0,Zero
DATAFLOW,OECD.ELS.SAE:DSD_HW@DF_AVG_ANN_HRS_WKD(1.0),Average annual hours actually worked per worker,I,LTU,Lithuania,HW,Hours worked,H_Y_PS,Hours per year per person,_Z,Not applicable,_Z,Not applicable,EMP,Employment,A,Annual,ACTUAL,Actual,ICSE93_1,Employees,_Z,Not applicable,MEAN,Mean,_Z,Not applicable,_T,Total,2020,,1573.848,,A,Normal value,,,0,Zero
DATAFLOW,OECD.ELS.SAE:DSD_HW@DF_AVG_ANN_HRS_WKD(1.0),Average annual hours actually worked per worker,I,LTU,Lithuania,HW,Hours worked,H_Y_PS,Hours per year per person,_Z,Not applicable,_Z,Not applicable,EMP,Employment,A,Annual,ACTUAL,Actual,ICSE93_1,Employees,_Z,Not applicable,MEAN,Mean,_Z,Not applicable,_T,Total,2021,,1598.784,,A,Normal value,,,0,Zero
DATAFLOW,OECD.ELS.SAE:DSD_HW@DF_AVG_ANN_HRS_WKD(1.0),Average annual hours actually worked per worker,I,LUX,Luxembourg,HW,Hours worked,H_Y_PS,Hours per year per person,_Z,Not applicable,_Z,Not applicable,EMP,Employment,A,Annual,ACTUAL,Actual,ICSE93_1,Employees,_Z,Not applicable,MEAN,Mean,_Z,Not applicable,_T,Total,2015,,1516.317,,A,Normal value,,,0,Zero
DATAFLOW,OECD.ELS.SAE:DSD_HW@DF_AVG_ANN_HRS_WKD(1.0),Average annual hours actually worked per worker,I,LUX,Luxembourg,HW,Hours worked,H_Y_PS,Hours per year per person,_Z,Not applicable,_Z,Not applicable,EMP,Employment,A,Annual,ACTUAL,Actual,ICSE93_1,Employees,_Z,Not applicable,MEAN,Mean,_Z,Not applicable,_T,Total,2016,,1514.442,,A,Normal value,,,0,Zero
DATAFLOW,OECD.ELS.SAE:DSD_HW@DF_AVG_ANN_HRS_WKD(1.0),Average annual hours actually worked per worker,I,LUX,Luxembourg,HW,Hours worked,H_Y_PS,Hours per year per person,_Z,Not applicable,_Z,Not applicable,EMP,Employment,A,Annual,ACTUAL,Actual,ICSE93_1,Employees,_Z,Not applicable,MEAN,Mean,_Z,Not applicable,_T,Total,2017,,1506.162,,A,Normal value,,,0,Zero
DATAFLOW,OECD.ELS.SAE:DSD_HW@DF_AVG_ANN_HRS_WKD(1.0),Average annual hours actually worked per worker,I,LUX,Luxembourg,HW,Hours worked,H_Y_PS,Hours per year per person,_Z,Not applicable,_Z,Not applicable,EMP,Employment,A,Annual,ACTUAL,Actual,ICSE93_1,Employees,_Z,Not applicable,MEAN,Mean,_Z,Not applicable,_T,Total,2018,,1507.327,,A,Normal value,,,0,Zero
DATAFLOW,OECD.ELS.SAE:DSD_HW@DF_AVG_ANN_HRS_WKD(1.0),Average annual hours actually worked per worker,I,LUX,Luxembourg,HW,Hours worked,H_Y_PS,Hours per year per person,_Z,Not applicable,_Z,Not applicable,EMP,Employment,A,Annual,ACTUAL,Actual,ICSE93_1,Employees,_Z,Not applicable,MEAN,Mean,_Z,Not applicable,_T,Total,2019,,1501.194,,A,Normal value,,,0,Zero
DATAFLOW,OECD.ELS.SAE:DSD_HW@DF_AVG_ANN_HRS_WKD(1.0),Average annual hours actually worked per worker,I,LUX,Luxembourg,HW,Hours worked,H_Y_PS,Hours per year per person,_Z,Not applicable,_Z,Not applicable,EMP,Employment,A,Annual,ACTUAL,Actual,ICSE93_1,Employees,_Z,Not applicable,MEAN,Mean,_Z,Not applicable,_T,Total,2020,,1398.31,,A,Normal value,,,0,Zero
DATAFLOW,OECD.ELS.SAE:DSD_HW@DF_AVG_ANN_HRS_WKD(1.0),Average annual hours actually worked per worker,I,LUX,Luxembourg,HW,Hours worked,H_Y_PS,Hours per year per person,_Z,Not applicable,_Z,Not applicable,EMP,Employment,A,Annual,ACTUAL,Actual,ICSE93_1,Employees,_Z,Not applicable,MEAN,Mean,_Z,Not applicable,_T,Total,2021,,1484.66,,A,Normal value,,,0,Zero
DATAFLOW,OECD.ELS.SAE:DSD_HW@DF_AVG_ANN_HRS_WKD(1.0),Average annual hours actually worked per worker,I,LUX,Luxembourg,HW,Hours worked,H_Y_PS,Hours per year per person,_Z,Not applicable,_Z,Not applicable,EMP,Employment,A,Annual,ACTUAL,Actual,ICSE93_1,Employees,_Z,Not applicable,MEAN,Mean,_Z,Not applicable,_T,Total,2022,,1481.239,,A,Normal value,,,0,Zero
DATAFLOW,OECD.ELS.SAE:DSD_HW@DF_AVG_ANN_HRS_WKD(1.0),Average annual hours actually worked per worker,I,LUX,Luxembourg,HW,Hours worked,H_Y_PS,Hours per year per person,_Z,Not applicable,_Z,Not applicable,EMP,Employment,A,Annual,ACTUAL,Actual,ICSE93_1,Employees,_Z,Not applicable,MEAN,Mean,_Z,Not applicable,_T,Total,2023,,1477.806,,A,Normal value,,,0,Zero
DATAFLOW,OECD.ELS.SAE:DSD_HW@DF_AVG_ANN_HRS_WKD(1.0),Average annual hours actually worked per worker,I,MEX,Mexico,HW,Hours worked,H_Y_PS,Hours per year per person,_Z,Not applicable,_Z,Not applicable,EMP,Employment,A,Annual,ACTUAL,Actual,ICSE93_1,Employees,_Z,Not applicable,MEAN,Mean,_Z,Not applicable,_T,Total,2014,,2337.341,,A,Normal value,,,0,Zero
DATAFLOW,OECD.ELS.SAE:DSD_HW@DF_AVG_ANN_HRS_WKD(1.0),Average annual hours actually worked per worker,I,MEX,Mexico,HW,Hours worked,H_Y_PS,Hours per year per person,_Z,Not applicable,_Z,Not applicable,EMP,Employment,A,Annual,ACTUAL,Actual,ICSE93_1,Employees,_Z,Not applicable,MEAN,Mean,_Z,Not applicable,_T,Total,2015,,2347.527,,A,Normal value,,,0,Zero
DATAFLOW,OECD.ELS.SAE:DSD_HW@DF_AVG_ANN_HRS_WKD(1.0),Average annual hours actually worked per worker,I,MEX,Mexico,HW,Hours worked,H_Y_PS,Hours per year per person,_Z,Not applicable,_Z,Not applicable,EMP,Employment,A,Annual,ACTUAL,Actual,ICSE93_1,Employees,_Z,Not applicable,MEAN,Mean,_Z,Not applicable,_T,Total,2016,,2347.821,,A,Normal value,,,0,Zero
DATAFLOW,OECD.ELS.SAE:DSD_HW@DF_AVG_ANN_HRS_WKD(1.0),Average annual hours actually worked per worker,I,MEX,Mexico,HW,Hours worked,H_Y_PS,Hours per year per person,_Z,Not applicable,_Z,Not applicable,EMP,Employment,A,Annual,ACTUAL,Actual,ICSE93_1,Employees,_Z,Not applicable,MEAN,Mean,_Z,Not applicable,_T,Total,2017,,2348.254,,A,Normal value,,,0,Zero
DATAFLOW,OECD.ELS.SAE:DSD_HW@DF_AVG_ANN_HRS_WKD(1.0),Average annual hours actually worked per worker,I,MEX,Mexico,HW,Hours worked,H_Y_PS,Hours per year per person,_Z,Not applicable,_Z,Not applicable,EMP,Employment,A,Annual,ACTUAL,Actual,ICSE93_1,Employees,_Z,Not applicable,MEAN,Mean,_Z,Not applicable,_T,Total,2018,,2346.622,,A,Normal value,,,0,Zero
DATAFLOW,OECD.ELS.SAE:DSD_HW@DF_AVG_ANN_HRS_WKD(1.0),Average annual hours actually worked per worker,I,MEX,Mexico,HW,Hours worked,H_Y_PS,Hours per year per person,_Z,Not applicable,_Z,Not applicable,EMP,Employment,A,Annual,ACTUAL,Actual,ICSE93_1,Employees,_Z,Not applicable,MEAN,Mean,_Z,Not applicable,_T,Total,2019,,2335.845,,A,Normal value,,,0,Zero
DATAFLOW,OECD.ELS.SAE:DSD_HW@DF_AVG_ANN_HRS_WKD(1.0),Average annual hours actually worked per worker,I,MEX,Mexico,HW,Hours worked,H_Y_PS,Hours per year per person,_Z,Not applicable,_Z,Not applicable,EMP,Employment,A,Annual,ACTUAL,Actual,ICSE93_1,Employees,_Z,Not applicable,MEAN,Mean,_Z,Not applicable,_T,Total,2020,,1744.531,,A,Normal value,,,0,Zero
DATAFLOW,OECD.ELS.SAE:DSD_HW@DF_AVG_ANN_HRS_WKD(1.0),Average annual hours actually worked per worker,I,MEX,Mexico,HW,Hours worked,H_Y_PS,Hours per year per person,_Z,Not applicable,_Z,Not applicable,EMP,Employment,A,Annual,ACTUAL,Actual,ICSE93_1,Employees,_Z,Not applicable,MEAN,Mean,_Z,Not applicable,_T,Total,2021,,2328.28,,A,Normal value,,,0,Zero
DATAFLOW,OECD.ELS.SAE:DSD_HW@DF_AVG_ANN_HRS_WKD(1.0),Average annual hours actually worked per worker,I,MEX,Mexico,HW,Hours worked,H_Y_PS,Hours per year per person,_Z,Not applicable,_Z,Not applicable,EMP,Employment,A,Annual,ACTUAL,Actual,ICSE93_1,Employees,_Z,Not applicable,MEAN,Mean,_Z,Not applicable,_T,Total,2022,,2334.975,,A,Normal value,,,0,Zero
DATAFLOW,OECD.ELS.SAE:DSD_HW@DF_AVG_ANN_HRS_WKD(1.0),Average annual hours actually worked per worker,I,MEX,Mexico,HW,Hours worked,H_Y_PS,Hours per year per person,_Z,Not applicable,_Z,Not applicable,EMP,Employment,A,Annual,ACTUAL,Actual,ICSE93_1,Employees,_Z,Not applicable,MEAN,Mean,_Z,Not applicable,_T,Total,2023,,2323.012,,A,Normal value,,,0,Zero
DATAFLOW,OECD.ELS.SAE:DSD_HW@DF_AVG_ANN_HRS_WKD(1.0),Average annual hours actually worked per worker,I,NLD,Netherlands,HW,Hours worked,H_Y_PS,Hours per year per person,_Z,Not applicable,_Z,Not applicable,EMP,Employment,A,Annual,ACTUAL,Actual,ICSE93_1,Employees,_Z,Not applicable,MEAN,Mean,_Z,Not applicable,_T,Total,2015,,1356.35,,A,Normal value,,,0,Zero
DATAFLOW,OECD.ELS.SAE:DSD_HW@DF_AVG_ANN_HRS_WKD(1.0),Average annual hours actually worked per worker,I,NLD,Netherlands,HW,Hours worked,H_Y_PS,Hours per year per person,_Z,Not applicable,_Z,Not applicable,EMP,Employment,A,Annual,ACTUAL,Actual,ICSE93_1,Employees,_Z,Not applicable,MEAN,Mean,_Z,Not applicable,_T,Total,2016,,1366.383,,A,Normal value,,,0,Zero
DATAFLOW,OECD.ELS.SAE:DSD_HW@DF_AVG_ANN_HRS_WKD(1.0),Average annual hours actually worked per worker,I,NLD,Netherlands,HW,Hours worked,H_Y_PS,Hours per year per person,_Z,Not applicable,_Z,Not applicable,EMP,Employment,A,Annual,ACTUAL,Actual,ICSE93_1,Employees,_Z,Not applicable,MEAN,Mean,_Z,Not applicable,_T,Total,2017,,1364.609,,A,Normal value,,,0,Zero
DATAFLOW,OECD.ELS.SAE:DSD_HW@DF_AVG_ANN_HRS_WKD(1.0),Average annual hours actually worked per worker,I,NLD,Netherlands,HW,Hours worked,H_Y_PS,Hours per year per person,_Z,Not applicable,_Z,Not applicable,EMP,Employment,A,Annual,ACTUAL,Actual,ICSE93_1,Employees,_Z,Not applicable,MEAN,Mean,_Z,Not applicable,_T,Total,2018,,1364.448,,A,Normal value,,,0,Zero
DATAFLOW,OECD.ELS.SAE:DSD_HW@DF_AVG_ANN_HRS_WKD(1.0),Average annual hours actually worked per worker,I,NLD,Netherlands,HW,Hours worked,H_Y_PS,Hours per year per person,_Z,Not applicable,_Z,Not applicable,EMP,Employment,A,Annual,ACTUAL,Actual,ICSE93_1,Employees,_Z,Not applicable,MEAN,Mean,_Z,Not applicable,_T,Total,2019,,1368.445,,A,Normal value,,,0,Zero
DATAFLOW,OECD.ELS.SAE:DSD_HW@DF_AVG_ANN_HRS_WKD(1.0),Average annual hours actually worked per worker,I,NLD,Netherlands,HW,Hours worked,H_Y_PS,Hours per year per person,_Z,Not applicable,_Z,Not applicable,EMP,Employment,A,Annual,ACTUAL,Actual,ICSE93_1,Employees,_Z,Not applicable,MEAN,Mean,_Z,Not applicable,_T,Total,2020,,1328.411,,A,Normal value,,,0,Zero
DATAFLOW,OECD.ELS.SAE:DSD_HW@DF_AVG_ANN_HRS_WKD(1.0),Average annual hours actually worked per worker,I,NLD,Netherlands,HW,Hours worked,H_Y_PS,Hours per year per person,_Z,Not applicable,_Z,Not applicable,EMP,Employment,A,Annual,ACTUAL,Actual,ICSE93_1,Employees,_Z,Not applicable,MEAN,Mean,_Z,Not applicable,_T,Total,2021,,1363.44,,A,Normal value,,,0,Zero
DATAFLOW,OECD.ELS.SAE:DSD_HW@DF_AVG_ANN_HRS_WKD(1.0),Average annual hours actually worked per worker,I,NLD,Netherlands,HW,Hours worked,H_Y_PS,Hours per year per person,_Z,Not applicable,_Z,Not applicable,EMP,Employment,A,Annual,ACTUAL,Actual,ICSE93_1,Employees,_Z,Not applicable,MEAN,Mean,_Z,Not applicable,_T,Total,2022,,1362.349,,A,Normal value,,,0,Zero
DATAFLOW,OECD.ELS.SAE:DSD_HW@DF_AVG_ANN_HRS_WKD(1.0),Average annual hours actually worked per worker,I,NLD,Netherlands,HW,Hours worked,H_Y_PS,Hours per year per person,_Z,Not applicable,_Z,Not applicable,EMP,Employment,A,Annual,ACTUAL,Actual,ICSE93_1,Employees,_Z,Not applicable,MEAN,Mean,_Z,Not applicable,_T,Total,2023,,1358.173,,A,Normal value,,,0,Zero
DATAFLOW,OECD.ELS.SAE:DSD_HW@DF_AVG_ANN_HRS_WKD(1.0),Average annual hours actually worked per worker,I,NOR,Norway,HW,Hours worked,H_Y_PS,Hours per year per person,_Z,Not applicable,_Z,Not applicable,EMP,Employment,A,Annual,ACTUAL,Actual,ICSE93_1,Employees,_Z,Not applicable,MEAN,Mean,_Z,Not applicable,_T,Total,2014,,1382.5,,A,Normal value,,,0,Zero
DATAFLOW,OECD.ELS.SAE:DSD_HW@DF_AVG_ANN_HRS_WKD(1.0),Average annual hours actually worked per worker,I,NOR,Norway,HW,Hours worked,H_Y_PS,Hours per year per person,_Z,Not applicable,_Z,Not applicable,EMP,Employment,A,Annual,ACTUAL,Actual,ICSE93_1,Employees,_Z,Not applicable,MEAN,Mean,_Z,Not applicable,_T,Total,2015,,1383.4,,A,Normal value,,,0,Zero
DATAFLOW,OECD.ELS.SAE:DSD_HW@DF_AVG_ANN_HRS_WKD(1.0),Average annual hours actually worked per worker,I,NOR,Norway,HW,Hours worked,H_Y_PS,Hours per year per person,_Z,Not applicable,_Z,Not applicable,EMP,Employment,A,Annual,ACTUAL,Actual,ICSE93_1,Employees,_Z,Not applicable,MEAN,Mean,_Z,Not applicable,_T,Total,2016,,1386.1,,A,Normal value,,,0,Zero
DATAFLOW,OECD.ELS.SAE:DSD_HW@DF_AVG_ANN_HRS_WKD(1.0),Average annual hours actually worked per worker,I,NOR,Norway,HW,Hours worked,H_Y_PS,Hours per year per person,_Z,Not applicable,_Z,Not applicable,EMP,Employment,A,Annual,ACTUAL,Actual,ICSE93_1,Employees,_Z,Not applicable,MEAN,Mean,_Z,Not applicable,_T,Total,2017,,1375.1,,A,Normal value,,,0,Zero
DATAFLOW,OECD.ELS.SAE:DSD_HW@DF_AVG_ANN_HRS_WKD(1.0),Average annual hours actually worked per worker,I,NOR,Norway,HW,Hours worked,H_Y_PS,Hours per year per person,_Z,Not applicable,_Z,Not applicable,EMP,Employment,A,Annual,ACTUAL,Actual,ICSE93_1,Employees,_Z,Not applicable,MEAN,Mean,_Z,Not applicable,_T,Total,2018,,1374.3,,A,Normal value,,,0,Zero
DATAFLOW,OECD.ELS.SAE:DSD_HW@DF_AVG_ANN_HRS_WKD(1.0),Average annual hours actually worked per worker,I,NOR,Norway,HW,Hours worked,H_Y_PS,Hours per year per person,_Z,Not applicable,_Z,Not applicable,EMP,Employment,A,Annual,ACTUAL,Actual,ICSE93_1,Employees,_Z,Not applicable,MEAN,Mean,_Z,Not applicable,_T,Total,2019,,1373.1,,A,Normal value,,,0,Zero
DATAFLOW,OECD.ELS.SAE:DSD_HW@DF_AVG_ANN_HRS_WKD(1.0),Average annual hours actually worked per worker,I,NOR,Norway,HW,Hours worked,H_Y_PS,Hours per year per person,_Z,Not applicable,_Z,Not applicable,EMP,Employment,A,Annual,ACTUAL,Actual,ICSE93_1,Employees,_Z,Not applicable,MEAN,Mean,_Z,Not applicable,_T,Total,2020,,1364.8,,A,Normal value,,,0,Zero
DATAFLOW,OECD.ELS.SAE:DSD_HW@DF_AVG_ANN_HRS_WKD(1.0),Average annual hours actually worked per worker,I,NOR,Norway,HW,Hours worked,H_Y_PS,Hours per year per person,_Z,Not applicable,_Z,Not applicable,EMP,Employment,A,Annual,ACTUAL,Actual,ICSE93_1,Employees,_Z,Not applicable,MEAN,Mean,_Z,Not applicable,_T,Total,2021,,1380.6,,A,Normal value,,,0,Zero
DATAFLOW,OECD.ELS.SAE:DSD_HW@DF_AVG_ANN_HRS_WKD(1.0),Average annual hours actually worked per worker,I,NOR,Norway,HW,Hours worked,H_Y_PS,Hours per year per person,_Z,Not applicable,_Z,Not applicable,EMP,Employment,A,Annual,ACTUAL,Actual,ICSE93_1,Employees,_Z,Not applicable,MEAN,Mean,_Z,Not applicable,_T,Total,2022,,1376.8,,A,Normal value,,,0,Zero
DATAFLOW,OECD.ELS.SAE:DSD_HW@DF_AVG_ANN_HRS_WKD(1.0),Average annual hours actually worked per worker,I,NOR,Norway,HW,Hours worked,H_Y_PS,Hours per year per person,_Z,Not applicable,_Z,Not applicable,EMP,Employment,A,Annual,ACTUAL,Actual,ICSE93_1,Employees,_Z,Not applicable,MEAN,Mean,_Z,Not applicable,_T,Total,2023,,1365.7,,A,Normal value,,,0,Zero
DATAFLOW,OECD.ELS.SAE:DSD_HW@DF_AVG_ANN_HRS_WKD(1.0),Average annual hours actually worked per worker,I,PRT,Portugal,HW,Hours worked,H_Y_PS,Hours per year per person,_Z,Not applicable,_Z,Not applicable,EMP,Employment,A,Annual,ACTUAL,Actual,ICSE93_1,Employees,_Z,Not applicable,MEAN,Mean,_Z,Not applicable,_T,Total,2014,,1694.871,,A,Normal value,,,0,Zero
DATAFLOW,OECD.ELS.SAE:DSD_HW@DF_AVG_ANN_HRS_WKD(1.0),Average annual hours actually worked per worker,I,PRT,Portugal,HW,Hours worked,H_Y_PS,Hours per year per person,_Z,Not applicable,_Z,Not applicable,EMP,Employment,A,Annual,ACTUAL,Actual,ICSE93_1,Employees,_Z,Not applicable,MEAN,Mean,_Z,Not applicable,_T,Total,2017,,1690.674,,A,Normal value,,,0,Zero
DATAFLOW,OECD.ELS.SAE:DSD_HW@DF_AVG_ANN_HRS_WKD(1.0),Average annual hours actually worked per worker,I,PRT,Portugal,HW,Hours worked,H_Y_PS,Hours per year per person,_Z,Not applicable,_Z,Not applicable,EMP,Employment,A,Annual,ACTUAL,Actual,ICSE93_1,Employees,_Z,Not applicable,MEAN,Mean,_Z,Not applicable,_T,Total,2019,,1705.835,,A,Normal value,,,0,Zero
DATAFLOW,OECD.ELS.SAE:DSD_HW@DF_AVG_ANN_HRS_WKD(1.0),Average annual hours actually worked per worker,I,PRT,Portugal,HW,Hours worked,H_Y_PS,Hours per year per person,_Z,Not applicable,_Z,Not applicable,EMP,Employment,A,Annual,ACTUAL,Actual,ICSE93_1,Employees,_Z,Not applicable,MEAN,Mean,_Z,Not applicable,_T,Total,2020,,1610.283,,A,Normal value,,,0,Zero
DATAFLOW,OECD.ELS.SAE:DSD_HW@DF_AVG_ANN_HRS_WKD(1.0),Average annual hours actually worked per worker,I,PRT,Portugal,HW,Hours worked,H_Y_PS,Hours per year per person,_Z,Not applicable,_Z,Not applicable,EMP,Employment,A,Annual,ACTUAL,Actual,ICSE93_1,Employees,_Z,Not applicable,MEAN,Mean,_Z,Not applicable,_T,Total,2021,,1670.965,,A,Normal value,,,0,Zero
DATAFLOW,OECD.ELS.SAE:DSD_HW@DF_AVG_ANN_HRS_WKD(1.0),Average annual hours actually worked per worker,I,PRT,Portugal,HW,Hours worked,H_Y_PS,Hours per year per person,_Z,Not applicable,_Z,Not applicable,EMP,Employment,A,Annual,ACTUAL,Actual,ICSE93_1,Employees,_Z,Not applicable,MEAN,Mean,_Z,Not applicable,_T,Total,2022,,1707.47,,A,Normal value,,,0,Zero
DATAFLOW,OECD.ELS.SAE:DSD_HW@DF_AVG_ANN_HRS_WKD(1.0),Average annual hours actually worked per worker,I,PRT,Portugal,HW,Hours worked,H_Y_PS,Hours per year per person,_Z,Not applicable,_Z,Not applicable,EMP,Employment,A,Annual,ACTUAL,Actual,ICSE93_1,Employees,_Z,Not applicable,MEAN,Mean,_Z,Not applicable,_T,Total,2023,,1749.055,,A,Normal value,,,0,Zero
DATAFLOW,OECD.ELS.SAE:DSD_HW@DF_AVG_ANN_HRS_WKD(1.0),Average annual hours actually worked per worker,I,SVN,Slovenia,HW,Hours worked,H_Y_PS,Hours per year per person,_Z,Not applicable,_Z,Not applicable,EMP,Employment,A,Annual,ACTUAL,Actual,ICSE93_1,Employees,_Z,Not applicable,MEAN,Mean,_Z,Not applicable,_T,Total,2020,,1496.702,,A,Normal value,,,0,Zero
DATAFLOW,OECD.ELS.SAE:DSD_HW@DF_AVG_ANN_HRS_WKD(1.0),Average annual hours actually worked per worker,I,SVN,Slovenia,HW,Hours worked,H_Y_PS,Hours per year per person,_Z,Not applicable,_Z,Not applicable,EMP,Employment,A,Annual,ACTUAL,Actual,ICSE93_1,Employees,_Z,Not applicable,MEAN,Mean,_Z,Not applicable,_T,Total,2021,,1562.555,,A,Normal value,,,0,Zero
DATAFLOW,OECD.ELS.SAE:DSD_HW@DF_AVG_ANN_HRS_WKD(1.0),Average annual hours actually worked per worker,I,SVN,Slovenia,HW,Hours worked,H_Y_PS,Hours per year per person,_Z,Not applicable,_Z,Not applicable,EMP,Employment,A,Annual,ACTUAL,Actual,ICSE93_1,Employees,_Z,Not applicable,MEAN,Mean,_Z,Not applicable,_T,Total,2022,,1566.607,,A,Normal value,,,0,Zero
DATAFLOW,OECD.ELS.SAE:DSD_HW@DF_AVG_ANN_HRS_WKD(1.0),Average annual hours actually worked per worker,I,SVN,Slovenia,HW,Hours worked,H_Y_PS,Hours per year per person,_Z,Not applicable,_Z,Not applicable,EMP,Employment,A,Annual,ACTUAL,Actual,ICSE93_1,Employees,_Z,Not applicable,MEAN,Mean,_Z,Not applicable,_T,Total,2023,,1556.29,,A,Normal value,,,0,Zero
DATAFLOW,OECD.ELS.SAE:DSD_HW@DF_AVG_ANN_HRS_WKD(1.0),Average annual hours actually worked per worker,I,ESP,Spain,HW,Hours worked,H_Y_PS,Hours per year per person,_Z,Not applicable,_Z,Not applicable,EMP,Employment,A,Annual,ACTUAL,Actual,ICSE93_1,Employees,_Z,Not applicable,MEAN,Mean,_Z,Not applicable,_T,Total,2019,,1598.975,,A,Normal value,,,0,Zero
DATAFLOW,OECD.ELS.SAE:DSD_HW@DF_AVG_ANN_HRS_WKD(1.0),Average annual hours actually worked per worker,I,ESP,Spain,HW,Hours worked,H_Y_PS,Hours per year per person,_Z,Not applicable,_Z,Not applicable,EMP,Employment,A,Annual,ACTUAL,Actual,ICSE93_1,Employees,_Z,Not applicable,MEAN,Mean,_Z,Not applicable,_T,Total,2020,,1512.88,,A,Normal value,,,0,Zero
DATAFLOW,OECD.ELS.SAE:DSD_HW@DF_AVG_ANN_HRS_WKD(1.0),Average annual hours actually worked per worker,I,ESP,Spain,HW,Hours worked,H_Y_PS,Hours per year per person,_Z,Not applicable,_Z,Not applicable,EMP,Employment,A,Annual,ACTUAL,Actual,ICSE93_1,Employees,_Z,Not applicable,MEAN,Mean,_Z,Not applicable,_T,Total,2021,,1566.976,,A,Normal value,,,0,Zero
DATAFLOW,OECD.ELS.SAE:DSD_HW@DF_AVG_ANN_HRS_WKD(1.0),Average annual hours actually worked per worker,I,ESP,Spain,HW,Hours worked,H_Y_PS,Hours per year per person,_Z,Not applicable,_Z,Not applicable,EMP,Employment,A,Annual,ACTUAL,Actual,ICSE93_1,Employees,_Z,Not applicable,MEAN,Mean,_Z,Not applicable,_T,Total,2022,,1592.476,,A,Normal value,,,0,Zero
DATAFLOW,OECD.ELS.SAE:DSD_HW@DF_AVG_ANN_HRS_WKD(1.0),Average annual hours actually worked per worker,I,ESP,Spain,HW,Hours worked,H_Y_PS,Hours per year per person,_Z,Not applicable,_Z,Not applicable,EMP,Employment,A,Annual,ACTUAL,Actual,ICSE93_1,Employees,_Z,Not applicable,MEAN,Mean,_Z,Not applicable,_T,Total,2023,,1585.222,,A,Normal value,,,0,Zero
DATAFLOW,OECD.ELS.SAE:DSD_HW@DF_AVG_ANN_HRS_WKD(1.0),Average annual hours actually worked per worker,I,CHE,Switzerland,HW,Hours worked,H_Y_PS,Hours per year per person,_Z,Not applicable,_Z,Not applicable,EMP,Employment,A,Annual,ACTUAL,Actual,ICSE93_1,Employees,_Z,Not applicable,MEAN,Mean,_Z,Not applicable,_T,Total,2023,,1347.059,,A,Normal value,,,0,Zero
DATAFLOW,OECD.ELS.SAE:DSD_HW@DF_AVG_ANN_HRS_WKD(1.0),Average annual hours actually worked per worker,I,TUR,Türkiye,HW,Hours worked,H_Y_PS,Hours per year per person,_Z,Not applicable,_Z,Not applicable,EMP,Employment,A,Annual,ACTUAL,Actual,ICSE93_1,Employees,_Z,Not applicable,MEAN,Mean,_Z,Not applicable,_T,Total,2014,,1829.543,,A,Normal value,,,0,Zero
DATAFLOW,OECD.ELS.SAE:DSD_HW@DF_AVG_ANN_HRS_WKD(1.0),Average annual hours actually worked per worker,I,TUR,Türkiye,HW,Hours worked,H_Y_PS,Hours per year per person,_Z,Not applicable,_Z,Not applicable,EMP,Employment,A,Annual,ACTUAL,Actual,ICSE93_1,Employees,_Z,Not applicable,MEAN,Mean,_Z,Not applicable,_T,Total,2015,,1810.707,,A,Normal value,,,0,Zero
DATAFLOW,OECD.ELS.SAE:DSD_HW@DF_AVG_ANN_HRS_WKD(1.0),Average annual hours actually worked per worker,I,TUR,Türkiye,HW,Hours worked,H_Y_PS,Hours per year per person,_Z,Not applicable,_Z,Not applicable,EMP,Employment,A,Annual,ACTUAL,Actual,ICSE93_1,Employees,_Z,Not applicable,MEAN,Mean,_Z,Not applicable,_T,Total,2016,,1789.414,,A,Normal value,,,0,Zero
DATAFLOW,OECD.ELS.SAE:DSD_HW@DF_AVG_ANN_HRS_WKD(1.0),Average annual hours actually worked per worker,I,TUR,Türkiye,HW,Hours worked,H_Y_PS,Hours per year per person,_Z,Not applicable,_Z,Not applicable,EMP,Employment,A,Annual,ACTUAL,Actual,ICSE93_1,Employees,_Z,Not applicable,MEAN,Mean,_Z,Not applicable,_T,Total,2017,,1775.492,,A,Normal value,,,0,Zero
DATAFLOW,OECD.ELS.SAE:DSD_HW@DF_AVG_ANN_HRS_WKD(1.0),Average annual hours actually worked per worker,I,TUR,Türkiye,HW,Hours worked,H_Y_PS,Hours per year per person,_Z,Not applicable,_Z,Not applicable,EMP,Employment,A,Annual,ACTUAL,Actual,ICSE93_1,Employees,_Z,Not applicable,MEAN,Mean,_Z,Not applicable,_T,Total,2018,,1745.191,,A,Normal value,,,0,Zero
DATAFLOW,OECD.ELS.SAE:DSD_HW@DF_AVG_ANN_HRS_WKD(1.0),Average annual hours actually worked per worker,I,TUR,Türkiye,HW,Hours worked,H_Y_PS,Hours per year per person,_Z,Not applicable,_Z,Not applicable,EMP,Employment,A,Annual,ACTUAL,Actual,ICSE93_1,Employees,_Z,Not applicable,MEAN,Mean,_Z,Not applicable,_T,Total,2019,,1732.088,,A,Normal value,,,0,Zero
DATAFLOW,OECD.ELS.SAE:DSD_HW@DF_AVG_ANN_HRS_WKD(1.0),Average annual hours actually worked per worker,I,TUR,Türkiye,HW,Hours worked,H_Y_PS,Hours per year per person,_Z,Not applicable,_Z,Not applicable,EMP,Employment,A,Annual,ACTUAL,Actual,ICSE93_1,Employees,_Z,Not applicable,MEAN,Mean,_Z,Not applicable,_T,Total,2020,,1572.392,,A,Normal value,,,0,Zero
DATAFLOW,OECD.ELS.SAE:DSD_HW@DF_AVG_ANN_HRS_WKD(1.0),Average annual hours actually worked per worker,I,TUR,Türkiye,HW,Hours worked,H_Y_PS,Hours per year per person,_Z,Not applicable,_Z,Not applicable,EMP,Employment,A,Annual,ACTUAL,Actual,ICSE93_1,Employees,_Z,Not applicable,MEAN,Mean,_Z,Not applicable,_T,Total,2021,,1732.088,,A,Normal value,,,0,Zero
DATAFLOW,OECD.ELS.SAE:DSD_HW@DF_AVG_ANN_HRS_WKD(1.0),Average annual hours actually worked per worker,I,GBR,United Kingdom,HW,Hours worked,H_Y_PS,Hours per year per person,_Z,Not applicable,_Z,Not applicable,EMP,Employment,A,Annual,ACTUAL,Actual,ICSE93_1,Employees,_Z,Not applicable,MEAN,Mean,_Z,Not applicable,_T,Total,2014,,1511.557,,A,Normal value,,,0,Zero
DATAFLOW,OECD.ELS.SAE:DSD_HW@DF_AVG_ANN_HRS_WKD(1.0),Average annual hours actually worked per worker,I,GBR,United Kingdom,HW,Hours worked,H_Y_PS,Hours per year per person,_Z,Not applicable,_Z,Not applicable,EMP,Employment,A,Annual,ACTUAL,Actual,ICSE93_1,Employees,_Z,Not applicable,MEAN,Mean,_Z,Not applicable,_T,Total,2015,,1496.478,,A,Normal value,,,0,Zero
DATAFLOW,OECD.ELS.SAE:DSD_HW@DF_AVG_ANN_HRS_WKD(1.0),Average annual hours actually worked per worker,I,GBR,United Kingdom,HW,Hours worked,H_Y_PS,Hours per year per person,_Z,Not applicable,_Z,Not applicable,EMP,Employment,A,Annual,ACTUAL,Actual,ICSE93_1,Employees,_Z,Not applicable,MEAN,Mean,_Z,Not applicable,_T,Total,2017,,1508.981,,A,Normal value,,,0,Zero
DATAFLOW,OECD.ELS.SAE:DSD_HW@DF_AVG_ANN_HRS_WKD(1.0),Average annual hours actually worked per worker,I,GBR,United Kingdom,HW,Hours worked,H_Y_PS,Hours per year per person,_Z,Not applicable,_Z,Not applicable,EMP,Employment,A,Annual,ACTUAL,Actual,ICSE93_1,Employees,_Z,Not applicable,MEAN,Mean,_Z,Not applicable,_T,Total,2018,,1510.469,,A,Normal value,,,0,Zero
DATAFLOW,OECD.ELS.SAE:DSD_HW@DF_AVG_ANN_HRS_WKD(1.0),Average annual hours actually worked per worker,I,GBR,United Kingdom,HW,Hours worked,H_Y_PS,Hours per year per person,_Z,Not applicable,_Z,Not applicable,EMP,Employment,A,Annual,ACTUAL,Actual,ICSE93_1,Employees,_Z,Not applicable,MEAN,Mean,_Z,Not applicable,_T,Total,2019,,1513.036,,A,Normal value,,,0,Zero
DATAFLOW,OECD.ELS.SAE:DSD_HW@DF_AVG_ANN_HRS_WKD(1.0),Average annual hours actually worked per worker,I,GBR,United Kingdom,HW,Hours worked,H_Y_PS,Hours per year per person,_Z,Not applicable,_Z,Not applicable,EMP,Employment,A,Annual,ACTUAL,Actual,ICSE93_1,Employees,_Z,Not applicable,MEAN,Mean,_Z,Not applicable,_T,Total,2020,,1365.399,,A,Normal value,,,0,Zero
DATAFLOW,OECD.ELS.SAE:DSD_HW@DF_AVG_ANN_HRS_WKD(1.0),Average annual hours actually worked per worker,I,GBR,United Kingdom,HW,Hours worked,H_Y_PS,Hours per year per person,_Z,Not applicable,_Z,Not applicable,EMP,Employment,A,Annual,ACTUAL,Actual,ICSE93_1,Employees,_Z,Not applicable,MEAN,Mean,_Z,Not applicable,_T,Total,2021,,1487.345,,A,Normal value,,,0,Zero
DATAFLOW,OECD.ELS.SAE:DSD_HW@DF_AVG_ANN_HRS_WKD(1.0),Average annual hours actually worked per worker,I,GBR,United Kingdom,HW,Hours worked,H_Y_PS,Hours per year per person,_Z,Not applicable,_Z,Not applicable,EMP,Employment,A,Annual,ACTUAL,Actual,ICSE93_1,Employees,_Z,Not applicable,MEAN,Mean,_Z,Not applicable,_T,Total,2022,,1516.143,,A,Normal value,,,0,Zero
DATAFLOW,OECD.ELS.SAE:DSD_HW@DF_AVG_ANN_HRS_WKD(1.0),Average annual hours actually worked per worker,I,GBR,United Kingdom,HW,Hours worked,H_Y_PS,Hours per year per person,_Z,Not applicable,_Z,Not applicable,EMP,Employment,A,Annual,ACTUAL,Actual,ICSE93_1,Employees,_Z,Not applicable,MEAN,Mean,_Z,Not applicable,_T,Total,2023,,1508.269,,A,Normal value,,,0,Zero
DATAFLOW,OECD.ELS.SAE:DSD_HW@DF_AVG_ANN_HRS_WKD(1.0),Average annual hours actually worked per worker,I,USA,United States,HW,Hours worked,H_Y_PS,Hours per year per person,_Z,Not applicable,_Z,Not applicable,EMP,Employment,A,Annual,ACTUAL,Actual,ICSE93_1,Employees,_Z,Not applicable,MEAN,Mean,_Z,Not applicable,_T,Total,2022,,1821.424,,A,Normal value,,,0,Zero
DATAFLOW,OECD.ELS.SAE:DSD_HW@DF_AVG_ANN_HRS_WKD(1.0),Average annual hours actually worked per worker,I,OECD,OECD,HW,Hours worked,H_Y_PS,Hours per year per person,_Z,Not applicable,_Z,Not applicable,EMP,Employment,A,Annual,ACTUAL,Actual,ICSE93_1,Employees,_Z,Not applicable,MEAN,Mean,_Z,Not applicable,_T,Total,2014,,1748.601,,A,Normal value,,,0,Zero
DATAFLOW,OECD.ELS.SAE:DSD_HW@DF_AVG_ANN_HRS_WKD(1.0),Average annual hours actually worked per worker,I,OECD,OECD,HW,Hours worked,H_Y_PS,Hours per year per person,_Z,Not applicable,_Z,Not applicable,EMP,Employment,A,Annual,ACTUAL,Actual,ICSE93_1,Employees,_Z,Not applicable,MEAN,Mean,_Z,Not applicable,_T,Total,2015,,1747.772,,A,Normal value,,,0,Zero
DATAFLOW,OECD.ELS.SAE:DSD_HW@DF_AVG_ANN_HRS_WKD(1.0),Average annual hours actually worked per worker,I,OECD,OECD,HW,Hours worked,H_Y_PS,Hours per year per person,_Z,Not applicable,_Z,Not applicable,EMP,Employment,A,Annual,ACTUAL,Actual,ICSE93_1,Employees,_Z,Not applicable,MEAN,Mean,_Z,Not applicable,_T,Total,2016,,1746.408,,A,Normal value,,,0,Zero
DATAFLOW,OECD.ELS.SAE:DSD_HW@DF_AVG_ANN_HRS_WKD(1.0),Average annual hours actually worked per worker,I,OECD,OECD,HW,Hours worked,H_Y_PS,Hours per year per person,_Z,Not applicable,_Z,Not applicable,EMP,Employment,A,Annual,ACTUAL,Actual,ICSE93_1,Employees,_Z,Not applicable,MEAN,Mean,_Z,Not applicable,_T,Total,2017,,1740.26,,A,Normal value,,,0,Zero
DATAFLOW,OECD.ELS.SAE:DSD_HW@DF_AVG_ANN_HRS_WKD(1.0),Average annual hours actually worked per worker,I,OECD,OECD,HW,Hours worked,H_Y_PS,Hours per year per person,_Z,Not applicable,_Z,Not applicable,EMP,Employment,A,Annual,ACTUAL,Actual,ICSE93_1,Employees,_Z,Not applicable,MEAN,Mean,_Z,Not applicable,_T,Total,2018,,1737.833,,A,Normal value,,,0,Zero
DATAFLOW,OECD.ELS.SAE:DSD_HW@DF_AVG_ANN_HRS_WKD(1.0),Average annual hours actually worked per worker,I,OECD,OECD,HW,Hours worked,H_Y_PS,Hours per year per person,_Z,Not applicable,_Z,Not applicable,EMP,Employment,A,Annual,ACTUAL,Actual,ICSE93_1,Employees,_Z,Not applicable,MEAN,Mean,_Z,Not applicable,_T,Total,2019,,1731.068,,A,Normal value,,,0,Zero
DATAFLOW,OECD.ELS.SAE:DSD_HW@DF_AVG_ANN_HRS_WKD(1.0),Average annual hours actually worked per worker,I,OECD,OECD,HW,Hours worked,H_Y_PS,Hours per year per person,_Z,Not applicable,_Z,Not applicable,EMP,Employment,A,Annual,ACTUAL,Actual,ICSE93_1,Employees,_Z,Not applicable,MEAN,Mean,_Z,Not applicable,_T,Total,2020,,1633.65,,A,Normal value,,,0,Zero
DATAFLOW,OECD.ELS.SAE:DSD_HW@DF_AVG_ANN_HRS_WKD(1.0),Average annual hours actually worked per worker,I,OECD,OECD,HW,Hours worked,H_Y_PS,Hours per year per person,_Z,Not applicable,_Z,Not applicable,EMP,Employment,A,Annual,ACTUAL,Actual,ICSE93_1,Employees,_Z,Not applicable,MEAN,Mean,_Z,Not applicable,_T,Total,2021,,1712.156,,A,Normal value,,,0,Zero
DATAFLOW,OECD.ELS.SAE:DSD_HW@DF_AVG_ANN_HRS_WKD(1.0),Average annual hours actually worked per worker,I,OECD,OECD,HW,Hours worked,H_Y_PS,Hours per year per person,_Z,Not applicable,_Z,Not applicable,EMP,Employment,A,Annual,ACTUAL,Actual,ICSE93_1,Employees,_Z,Not applicable,MEAN,Mean,_Z,Not applicable,_T,Total,2022,,1716.638,,A,Normal value,,,0,Zero
DATAFLOW,OECD.ELS.SAE:DSD_HW@DF_AVG_ANN_HRS_WKD(1.0),Average annual hours actually worked per worker,I,OECD,OECD,HW,Hours worked,H_Y_PS,Hours per year per person,_Z,Not applicable,_Z,Not applicable,EMP,Employment,A,Annual,ACTUAL,Actual,ICSE93_1,Employees,_Z,Not applicable,MEAN,Mean,_Z,Not applicable,_T,Total,2023,,1713.629,,A,Normal value,,,0,Zero
DATAFLOW,OECD.ELS.SAE:DSD_HW@DF_AVG_ANN_HRS_WKD(1.0),Average annual hours actually worked per worker,I,HRV,Croatia,HW,Hours worked,H_Y_PS,Hours per year per person,_Z,Not applicable,_Z,Not applicable,EMP,Employment,A,Annual,ACTUAL,Actual,ICSE93_1,Employees,_Z,Not applicable,MEAN,Mean,_Z,Not applicable,_T,Total,2014,,2053.821,,A,Normal value,,,0,Zero
DATAFLOW,OECD.ELS.SAE:DSD_HW@DF_AVG_ANN_HRS_WKD(1.0),Average annual hours actually worked per worker,I,HRV,Croatia,HW,Hours worked,H_Y_PS,Hours per year per person,_Z,Not applicable,_Z,Not applicable,EMP,Employment,A,Annual,ACTUAL,Actual,ICSE93_1,Employees,_Z,Not applicable,MEAN,Mean,_Z,Not applicable,_T,Total,2015,,2006.394,,A,Normal value,,,0,Zero
DATAFLOW,OECD.ELS.SAE:DSD_HW@DF_AVG_ANN_HRS_WKD(1.0),Average annual hours actually worked per worker,I,HRV,Croatia,HW,Hours worked,H_Y_PS,Hours per year per person,_Z,Not applicable,_Z,Not applicable,EMP,Employment,A,Annual,ACTUAL,Actual,ICSE93_1,Employees,_Z,Not applicable,MEAN,Mean,_Z,Not applicable,_T,Total,2016,,2006.676,,A,Normal value,,,0,Zero
DATAFLOW,OECD.ELS.SAE:DSD_HW@DF_AVG_ANN_HRS_WKD(1.0),Average annual hours actually worked per worker,I,HRV,Croatia,HW,Hours worked,H_Y_PS,Hours per year per person,_Z,Not applicable,_Z,Not applicable,EMP,Employment,A,Annual,ACTUAL,Actual,ICSE93_1,Employees,_Z,Not applicable,MEAN,Mean,_Z,Not applicable,_T,Total,2017,,2020.722,,A,Normal value,,,0,Zero
DATAFLOW,OECD.ELS.SAE:DSD_HW@DF_AVG_ANN_HRS_WKD(1.0),Average annual hours actually worked per worker,I,HRV,Croatia,HW,Hours worked,H_Y_PS,Hours per year per person,_Z,Not applicable,_Z,Not applicable,EMP,Employment,A,Annual,ACTUAL,Actual,ICSE93_1,Employees,_Z,Not applicable,MEAN,Mean,_Z,Not applicable,_T,Total,2018,,2002.678,,A,Normal value,,,0,Zero
DATAFLOW,OECD.ELS.SAE:DSD_HW@DF_AVG_ANN_HRS_WKD(1.0),Average annual hours actually worked per worker,I,HRV,Croatia,HW,Hours worked,H_Y_PS,Hours per year per person,_Z,Not applicable,_Z,Not applicable,EMP,Employment,A,Annual,ACTUAL,Actual,ICSE93_1,Employees,_Z,Not applicable,MEAN,Mean,_Z,Not applicable,_T,Total,2019,,1992.164,,A,Normal value,,,0,Zero
DATAFLOW,OECD.ELS.SAE:DSD_HW@DF_AVG_ANN_HRS_WKD(1.0),Average annual hours actually worked per worker,I,HRV,Croatia,HW,Hours worked,H_Y_PS,Hours per year per person,_Z,Not applicable,_Z,Not applicable,EMP,Employment,A,Annual,ACTUAL,Actual,ICSE93_1,Employees,_Z,Not applicable,MEAN,Mean,_Z,Not applicable,_T,Total,2020,,1975.745,,A,Normal value,,,0,Zero
DATAFLOW,OECD.ELS.SAE:DSD_HW@DF_AVG_ANN_HRS_WKD(1.0),Average annual hours actually worked per worker,I,HRV,Croatia,HW,Hours worked,H_Y_PS,Hours per year per person,_Z,Not applicable,_Z,Not applicable,EMP,Employment,A,Annual,ACTUAL,Actual,ICSE93_1,Employees,_Z,Not applicable,MEAN,Mean,_Z,Not applicable,_T,Total,2021,,1977.491,,A,Normal value,,,0,Zero
DATAFLOW,OECD.ELS.SAE:DSD_HW@DF_AVG_ANN_HRS_WKD(1.0),Average annual hours actually worked per worker,I,HRV,Croatia,HW,Hours worked,H_Y_PS,Hours per year per person,_Z,Not applicable,_Z,Not applicable,EMP,Employment,A,Annual,ACTUAL,Actual,ICSE93_1,Employees,_Z,Not applicable,MEAN,Mean,_Z,Not applicable,_T,Total,2022,,1965.09,,A,Normal value,,,0,Zero
DATAFLOW,OECD.ELS.SAE:DSD_HW@DF_AVG_ANN_HRS_WKD(1.0),Average annual hours actually worked per worker,I,HRV,Croatia,HW,Hours worked,H_Y_PS,Hours per year per person,_Z,Not applicable,_Z,Not applicable,EMP,Employment,A,Annual,ACTUAL,Actual,ICSE93_1,Employees,_Z,Not applicable,MEAN,Mean,_Z,Not applicable,_T,Total,2023,,1971.029,,A,Normal value,,,0,Zero
DATAFLOW,OECD.ELS.SAE:DSD_HW@DF_AVG_ANN_HRS_WKD(1.0),Average annual hours actually worked per worker,I,CYP,Cyprus,HW,Hours worked,H_Y_PS,Hours per year per person,_Z,Not applicable,_Z,Not applicable,EMP,Employment,A,Annual,ACTUAL,Actual,ICSE93_1,Employees,_Z,Not applicable,MEAN,Mean,_Z,Not applicable,_T,Total,2023,,1785.21,,A,Normal value,,,0,Zero
DATAFLOW,OECD.ELS.SAE:DSD_HW@DF_AVG_ANN_HRS_WKD(1.0),Average annual hours actually worked per worker,I,MLT,Malta,HW,Hours worked,H_Y_PS,Hours per year per person,_Z,Not applicable,_Z,Not applicable,EMP,Employment,A,Annual,ACTUAL,Actual,ICSE93_1,Employees,_Z,Not applicable,MEAN,Mean,_Z,Not applicable,_T,Total,2020,,1781.867,,A,Normal value,,,0,Zero
DATAFLOW,OECD.ELS.SAE:DSD_HW@DF_AVG_ANN_HRS_WKD(1.0),Average annual hours actually worked per worker,I,MLT,Malta,HW,Hours worked,H_Y_PS,Hours per year per person,_Z,Not applicable,_Z,Not applicable,EMP,Employment,A,Annual,ACTUAL,Actual,ICSE93_1,Employees,_Z,Not applicable,MEAN,Mean,_Z,Not applicable,_T,Total,2021,,1785.147,,A,Normal value,,,0,Zero
DATAFLOW,OECD.ELS.SAE:DSD_HW@DF_AVG_ANN_HRS_WKD(1.0),Average annual hours actually worked per worker,I,MLT,Malta,HW,Hours worked,H_Y_PS,Hours per year per person,_Z,Not applicable,_Z,Not applicable,EMP,Employment,A,Annual,ACTUAL,Actual,ICSE93_1,Employees,_Z,Not applicable,MEAN,Mean,_Z,Not applicable,_T,Total,2022,,1778.803,,A,Normal value,,,0,Zero
DATAFLOW,OECD.ELS.SAE:DSD_HW@DF_AVG_ANN_HRS_WKD(1.0),Average annual hours actually worked per worker,I,MLT,Malta,HW,Hours worked,H_Y_PS,Hours per year per person,_Z,Not applicable,_Z,Not applicable,EMP,Employment,A,Annual,ACTUAL,Actual,ICSE93_1,Employees,_Z,Not applicable,MEAN,Mean,_Z,Not applicable,_T,Total,2023,,1793.126,,A,Normal value,,,0,Zero
DATAFLOW,OECD.ELS.SAE:DSD_HW@DF_AVG_ANN_HRS_WKD(1.0),Average annual hours actually worked per worker,I,ROU,Romania,HW,Hours worked,H_Y_PS,Hours per year per person,_Z,Not applicable,_Z,Not applicable,EMP,Employment,A,Annual,ACTUAL,Actual,ICSE93_1,Employees,_Z,Not applicable,MEAN,Mean,_Z,Not applicable,_T,Total,2023,,1843.853,,A,Normal value,,,0,Zero
DATAFLOW,OECD.ELS.SAE:DSD_HW@DF_AVG_ANN_HRS_WKD(1.0),Average annual hours actually worked per worker,I,AUT,Austria,HW,Hours worked,H_Y_PS,Hours per year per person,_Z,Not applicable,_Z,Not applicable,EMP,Employment,A,Annual,ACTUAL,Actual,ICSE93_1,Employees,_Z,Not applicable,MEAN,Mean,_Z,Not applicable,_T,Total,2016,,1431.37,,A,Normal value,,,0,Zero
DATAFLOW,OECD.ELS.SAE:DSD_HW@DF_AVG_ANN_HRS_WKD(1.0),Average annual hours actually worked per worker,I,AUT,Austria,HW,Hours worked,H_Y_PS,Hours per year per person,_Z,Not applicable,_Z,Not applicable,EMP,Employment,A,Annual,ACTUAL,Actual,ICSE93_1,Employees,_Z,Not applicable,MEAN,Mean,_Z,Not applicable,_T,Total,2018,,1419.937,,A,Normal value,,,0,Zero
DATAFLOW,OECD.ELS.SAE:DSD_HW@DF_AVG_ANN_HRS_WKD(1.0),Average annual hours actually worked per worker,I,AUT,Austria,HW,Hours worked,H_Y_PS,Hours per year per person,_Z,Not applicable,_Z,Not applicable,EMP,Employment,A,Annual,ACTUAL,Actual,ICSE93_1,Employees,_Z,Not applicable,MEAN,Mean,_Z,Not applicable,_T,Total,2019,,1429.045,,A,Normal value,,,0,Zero
DATAFLOW,OECD.ELS.SAE:DSD_HW@DF_AVG_ANN_HRS_WKD(1.0),Average annual hours actually worked per worker,I,AUT,Austria,HW,Hours worked,H_Y_PS,Hours per year per person,_Z,Not applicable,_Z,Not applicable,EMP,Employment,A,Annual,ACTUAL,Actual,ICSE93_1,Employees,_Z,Not applicable,MEAN,Mean,_Z,Not applicable,_T,Total,2020,,1320.384,,A,Normal value,,,0,Zero
DATAFLOW,OECD.ELS.SAE:DSD_HW@DF_AVG_ANN_HRS_WKD(1.0),Average annual hours actually worked per worker,I,CAN,Canada,HW,Hours worked,H_Y_PS,Hours per year per person,_Z,Not applicable,_Z,Not applicable,EMP,Employment,A,Annual,ACTUAL,Actual,ICSE93_1,Employees,_Z,Not applicable,MEAN,Mean,_Z,Not applicable,_T,Total,2014,,1717,,A,Normal value,,,0,Zero
DATAFLOW,OECD.ELS.SAE:DSD_HW@DF_AVG_ANN_HRS_WKD(1.0),Average annual hours actually worked per worker,I,CAN,Canada,HW,Hours worked,H_Y_PS,Hours per year per person,_Z,Not applicable,_Z,Not applicable,EMP,Employment,A,Annual,ACTUAL,Actual,ICSE93_1,Employees,_Z,Not applicable,MEAN,Mean,_Z,Not applicable,_T,Total,2016,,1713,,A,Normal value,,,0,Zero
DATAFLOW,OECD.ELS.SAE:DSD_HW@DF_AVG_ANN_HRS_WKD(1.0),Average annual hours actually worked per worker,I,CAN,Canada,HW,Hours worked,H_Y_PS,Hours per year per person,_Z,Not applicable,_Z,Not applicable,EMP,Employment,A,Annual,ACTUAL,Actual,ICSE93_1,Employees,_Z,Not applicable,MEAN,Mean,_Z,Not applicable,_T,Total,2017,,1704,,A,Normal value,,,0,Zero
DATAFLOW,OECD.ELS.SAE:DSD_HW@DF_AVG_ANN_HRS_WKD(1.0),Average annual hours actually worked per worker,I,CAN,Canada,HW,Hours worked,H_Y_PS,Hours per year per person,_Z,Not applicable,_Z,Not applicable,EMP,Employment,A,Annual,ACTUAL,Actual,ICSE93_1,Employees,_Z,Not applicable,MEAN,Mean,_Z,Not applicable,_T,Total,2018,,1716,,A,Normal value,,,0,Zero
DATAFLOW,OECD.ELS.SAE:DSD_HW@DF_AVG_ANN_HRS_WKD(1.0),Average annual hours actually worked per worker,I,CAN,Canada,HW,Hours worked,H_Y_PS,Hours per year per person,_Z,Not applicable,_Z,Not applicable,EMP,Employment,A,Annual,ACTUAL,Actual,ICSE93_1,Employees,_Z,Not applicable,MEAN,Mean,_Z,Not applicable,_T,Total,2019,,1705,,A,Normal value,,,0,Zero
DATAFLOW,OECD.ELS.SAE:DSD_HW@DF_AVG_ANN_HRS_WKD(1.0),Average annual hours actually worked per worker,I,CAN,Canada,HW,Hours worked,H_Y_PS,Hours per year per person,_Z,Not applicable,_Z,Not applicable,EMP,Employment,A,Annual,ACTUAL,Actual,ICSE93_1,Employees,_Z,Not applicable,MEAN,Mean,_Z,Not applicable,_T,Total,2020,,1681,,A,Normal value,,,0,Zero
DATAFLOW,OECD.ELS.SAE:DSD_HW@DF_AVG_ANN_HRS_WKD(1.0),Average annual hours actually worked per worker,I,CAN,Canada,HW,Hours worked,H_Y_PS,Hours per year per person,_Z,Not applicable,_Z,Not applicable,EMP,Employment,A,Annual,ACTUAL,Actual,ICSE93_1,Employees,_Z,Not applicable,MEAN,Mean,_Z,Not applicable,_T,Total,2021,,1711,,A,Normal value,,,0,Zero
DATAFLOW,OECD.ELS.SAE:DSD_HW@DF_AVG_ANN_HRS_WKD(1.0),Average annual hours actually worked per worker,I,CAN,Canada,HW,Hours worked,H_Y_PS,Hours per year per person,_Z,Not applicable,_Z,Not applicable,EMP,Employment,A,Annual,ACTUAL,Actual,ICSE93_1,Employees,_Z,Not applicable,MEAN,Mean,_Z,Not applicable,_T,Total,2022,,1709,,A,Normal value,,,0,Zero
DATAFLOW,OECD.ELS.SAE:DSD_HW@DF_AVG_ANN_HRS_WKD(1.0),Average annual hours actually worked per worker,I,CAN,Canada,HW,Hours worked,H_Y_PS,Hours per year per person,_Z,Not applicable,_Z,Not applicable,EMP,Employment,A,Annual,ACTUAL,Actual,ICSE93_1,Employees,_Z,Not applicable,MEAN,Mean,_Z,Not applicable,_T,Total,2023,,1711,,A,Normal value,,,0,Zero
DATAFLOW,OECD.ELS.SAE:DSD_HW@DF_AVG_ANN_HRS_WKD(1.0),Average annual hours actually worked per worker,I,CHL,Chile,HW,Hours worked,H_Y_PS,Hours per year per person,_Z,Not applicable,_Z,Not applicable,EMP,Employment,A,Annual,ACTUAL,Actual,ICSE93_1,Employees,_Z,Not applicable,MEAN,Mean,_Z,Not applicable,_T,Total,2019,,2017,,A,Normal value,,,0,Zero
DATAFLOW,OECD.ELS.SAE:DSD_HW@DF_AVG_ANN_HRS_WKD(1.0),Average annual hours actually worked per worker,I,CHL,Chile,HW,Hours worked,H_Y_PS,Hours per year per person,_Z,Not applicable,_Z,Not applicable,EMP,Employment,A,Annual,ACTUAL,Actual,ICSE93_1,Employees,_Z,Not applicable,MEAN,Mean,_Z,Not applicable,_T,Total,2023,,2032,,A,Normal value,,,0,Zero
DATAFLOW,OECD.ELS.SAE:DSD_HW@DF_AVG_ANN_HRS_WKD(1.0),Average annual hours actually worked per worker,I,CRI,Costa Rica,HW,Hours worked,H_Y_PS,Hours per year per person,_Z,Not applicable,_Z,Not applicable,EMP,Employment,A,Annual,ACTUAL,Actual,ICSE93_1,Employees,_Z,Not applicable,MEAN,Mean,_Z,Not applicable,_T,Total,2014,,2189.5,,A,Normal value,,,0,Zero
DATAFLOW,OECD.ELS.SAE:DSD_HW@DF_AVG_ANN_HRS_WKD(1.0),Average annual hours actually worked per worker,I,CZE,Czechia,HW,Hours worked,H_Y_PS,Hours per year per person,_Z,Not applicable,_Z,Not applicable,EMP,Employment,A,Annual,ACTUAL,Actual,ICSE93_1,Employees,_Z,Not applicable,MEAN,Mean,_Z,Not applicable,_T,Total,2014,,1732.925,,A,Normal value,,,0,Zero
DATAFLOW,OECD.ELS.SAE:DSD_HW@DF_AVG_ANN_HRS_WKD(1.0),Average annual hours actually worked per worker,I,CZE,Czechia,HW,Hours worked,H_Y_PS,Hours per year per person,_Z,Not applicable,_Z,Not applicable,EMP,Employment,A,Annual,ACTUAL,Actual,ICSE93_1,Employees,_Z,Not applicable,MEAN,Mean,_Z,Not applicable,_T,Total,2015,,1708.955,,A,Normal value,,,0,Zero
DATAFLOW,OECD.ELS.SAE:DSD_HW@DF_AVG_ANN_HRS_WKD(1.0),Average annual hours actually worked per worker,I,CZE,Czechia,HW,Hours worked,H_Y_PS,Hours per year per person,_Z,Not applicable,_Z,Not applicable,EMP,Employment,A,Annual,ACTUAL,Actual,ICSE93_1,Employees,_Z,Not applicable,MEAN,Mean,_Z,Not applicable,_T,Total,2016,,1732.872,,A,Normal value,,,0,Zero
DATAFLOW,OECD.ELS.SAE:DSD_HW@DF_AVG_ANN_HRS_WKD(1.0),Average annual hours actually worked per worker,I,CZE,Czechia,HW,Hours worked,H_Y_PS,Hours per year per person,_Z,Not applicable,_Z,Not applicable,EMP,Employment,A,Annual,ACTUAL,Actual,ICSE93_1,Employees,_Z,Not applicable,MEAN,Mean,_Z,Not applicable,_T,Total,2017,,1730.272,,A,Normal value,,,0,Zero
DATAFLOW,OECD.ELS.SAE:DSD_HW@DF_AVG_ANN_HRS_WKD(1.0),Average annual hours actually worked per worker,I,CZE,Czechia,HW,Hours worked,H_Y_PS,Hours per year per person,_Z,Not applicable,_Z,Not applicable,EMP,Employment,A,Annual,ACTUAL,Actual,ICSE93_1,Employees,_Z,Not applicable,MEAN,Mean,_Z,Not applicable,_T,Total,2018,,1737.179,,A,Normal value,,,0,Zero
DATAFLOW,OECD.ELS.SAE:DSD_HW@DF_AVG_ANN_HRS_WKD(1.0),Average annual hours actually worked per worker,I,CZE,Czechia,HW,Hours worked,H_Y_PS,Hours per year per person,_Z,Not applicable,_Z,Not applicable,EMP,Employment,A,Annual,ACTUAL,Actual,ICSE93_1,Employees,_Z,Not applicable,MEAN,Mean,_Z,Not applicable,_T,Total,2019,,1744.422,,A,Normal value,,,0,Zero
DATAFLOW,OECD.ELS.SAE:DSD_HW@DF_AVG_ANN_HRS_WKD(1.0),Average annual hours actually worked per worker,I,CZE,Czechia,HW,Hours worked,H_Y_PS,Hours per year per person,_Z,Not applicable,_Z,Not applicable,EMP,Employment,A,Annual,ACTUAL,Actual,ICSE93_1,Employees,_Z,Not applicable,MEAN,Mean,_Z,Not applicable,_T,Total,2020,,1638.638,,A,Normal value,,,0,Zero
DATAFLOW,OECD.ELS.SAE:DSD_HW@DF_AVG_ANN_HRS_WKD(1.0),Average annual hours actually worked per worker,I,CZE,Czechia,HW,Hours worked,H_Y_PS,Hours per year per person,_Z,Not applicable,_Z,Not applicable,EMP,Employment,A,Annual,ACTUAL,Actual,ICSE93_1,Employees,_Z,Not applicable,MEAN,Mean,_Z,Not applicable,_T,Total,2021,,1677.627,,A,Normal value,,,0,Zero
DATAFLOW,OECD.ELS.SAE:DSD_HW@DF_AVG_ANN_HRS_WKD(1.0),Average annual hours actually worked per worker,I,CZE,Czechia,HW,Hours worked,H_Y_PS,Hours per year per person,_Z,Not applicable,_Z,Not applicable,EMP,Employment,A,Annual,ACTUAL,Actual,ICSE93_1,Employees,_Z,Not applicable,MEAN,Mean,_Z,Not applicable,_T,Total,2022,,1727.276,,A,Normal value,,,0,Zero
DATAFLOW,OECD.ELS.SAE:DSD_HW@DF_AVG_ANN_HRS_WKD(1.0),Average annual hours actually worked per worker,I,DNK,Denmark,HW,Hours worked,H_Y_PS,Hours per year per person,_Z,Not applicable,_Z,Not applicable,EMP,Employment,A,Annual,ACTUAL,Actual,ICSE93_1,Employees,_Z,Not applicable,MEAN,Mean,_Z,Not applicable,_T,Total,2014,,1390.931,,A,Normal value,,,0,Zero
DATAFLOW,OECD.ELS.SAE:DSD_HW@DF_AVG_ANN_HRS_WKD(1.0),Average annual hours actually worked per worker,I,DNK,Denmark,HW,Hours worked,H_Y_PS,Hours per year per person,_Z,Not applicable,_Z,Not applicable,EMP,Employment,A,Annual,ACTUAL,Actual,ICSE93_1,Employees,_Z,Not applicable,MEAN,Mean,_Z,Not applicable,_T,Total,2015,,1379.641,,A,Normal value,,,0,Zero
DATAFLOW,OECD.ELS.SAE:DSD_HW@DF_AVG_ANN_HRS_WKD(1.0),Average annual hours actually worked per worker,I,DNK,Denmark,HW,Hours worked,H_Y_PS,Hours per year per person,_Z,Not applicable,_Z,Not applicable,EMP,Employment,A,Annual,ACTUAL,Actual,ICSE93_1,Employees,_Z,Not applicable,MEAN,Mean,_Z,Not applicable,_T,Total,2016,,1389.782,,A,Normal value,,,0,Zero
DATAFLOW,OECD.ELS.SAE:DSD_HW@DF_AVG_ANN_HRS_WKD(1.0),Average annual hours actually worked per worker,I,DNK,Denmark,HW,Hours worked,H_Y_PS,Hours per year per person,_Z,Not applicable,_Z,Not applicable,EMP,Employment,A,Annual,ACTUAL,Actual,ICSE93_1,Employees,_Z,Not applicable,MEAN,Mean,_Z,Not applicable,_T,Total,2017,,1383.692,,A,Normal value,,,0,Zero
DATAFLOW,OECD.ELS.SAE:DSD_HW@DF_AVG_ANN_HRS_WKD(1.0),Average annual hours actually worked per worker,I,DNK,Denmark,HW,Hours worked,H_Y_PS,Hours per year per person,_Z,Not applicable,_Z,Not applicable,EMP,Employment,A,Annual,ACTUAL,Actual,ICSE93_1,Employees,_Z,Not applicable,MEAN,Mean,_Z,Not applicable,_T,Total,2018,,1362.639,,A,Normal value,,,0,Zero
DATAFLOW,OECD.ELS.SAE:DSD_HW@DF_AVG_ANN_HRS_WKD(1.0),Average annual hours actually worked per worker,I,DNK,Denmark,HW,Hours worked,H_Y_PS,Hours per year per person,_Z,Not applicable,_Z,Not applicable,EMP,Employment,A,Annual,ACTUAL,Actual,ICSE93_1,Employees,_Z,Not applicable,MEAN,Mean,_Z,Not applicable,_T,Total,2019,,1361.43,,A,Normal value,,,0,Zero
DATAFLOW,OECD.ELS.SAE:DSD_HW@DF_AVG_ANN_HRS_WKD(1.0),Average annual hours actually worked per worker,I,DNK,Denmark,HW,Hours worked,H_Y_PS,Hours per year per person,_Z,Not applicable,_Z,Not applicable,EMP,Employment,A,Annual,ACTUAL,Actual,ICSE93_1,Employees,_Z,Not applicable,MEAN,Mean,_Z,Not applicable,_T,Total,2020,,1330.48,,A,Normal value,,,0,Zero
DATAFLOW,OECD.ELS.SAE:DSD_HW@DF_AVG_ANN_HRS_WKD(1.0),Average annual hours actually worked per worker,I,EST,Estonia,HW,Hours worked,H_Y_PS,Hours per year per person,_Z,Not applicable,_Z,Not applicable,EMP,Employment,A,Annual,ACTUAL,Actual,ICSE93_1,Employees,_Z,Not applicable,MEAN,Mean,_Z,Not applicable,_T,Total,2014,,1756.702,,A,Normal value,,,0,Zero
DATAFLOW,OECD.ELS.SAE:DSD_HW@DF_AVG_ANN_HRS_WKD(1.0),Average annual hours actually worked per worker,I,EST,Estonia,HW,Hours worked,H_Y_PS,Hours per year per person,_Z,Not applicable,_Z,Not applicable,EMP,Employment,A,Annual,ACTUAL,Actual,ICSE93_1,Employees,_Z,Not applicable,MEAN,Mean,_Z,Not applicable,_T,Total,2015,,1756.497,,A,Normal value,,,0,Zero
DATAFLOW,OECD.ELS.SAE:DSD_HW@DF_AVG_ANN_HRS_WKD(1.0),Average annual hours actually worked per worker,I,EST,Estonia,HW,Hours worked,H_Y_PS,Hours per year per person,_Z,Not applicable,_Z,Not applicable,EMP,Employment,A,Annual,ACTUAL,Actual,ICSE93_1,Employees,_Z,Not applicable,MEAN,Mean,_Z,Not applicable,_T,Total,2016,,1747.342,,A,Normal value,,,0,Zero
DATAFLOW,OECD.ELS.SAE:DSD_HW@DF_AVG_ANN_HRS_WKD(1.0),Average annual hours actually worked per worker,I,EST,Estonia,HW,Hours worked,H_Y_PS,Hours per year per person,_Z,Not applicable,_Z,Not applicable,EMP,Employment,A,Annual,ACTUAL,Actual,ICSE93_1,Employees,_Z,Not applicable,MEAN,Mean,_Z,Not applicable,_T,Total,2017,,1756.505,,A,Normal value,,,0,Zero
DATAFLOW,OECD.ELS.SAE:DSD_HW@DF_AVG_ANN_HRS_WKD(1.0),Average annual hours actually worked per worker,I,EST,Estonia,HW,Hours worked,H_Y_PS,Hours per year per person,_Z,Not applicable,_Z,Not applicable,EMP,Employment,A,Annual,ACTUAL,Actual,ICSE93_1,Employees,_Z,Not applicable,MEAN,Mean,_Z,Not applicable,_T,Total,2022,,1592.916,,A,Normal value,,,0,Zero
DATAFLOW,OECD.ELS.SAE:DSD_HW@DF_AVG_ANN_HRS_WKD(1.0),Average annual hours actually worked per worker,I,FIN,Finland,HW,Hours worked,H_Y_PS,Hours per year per person,_Z,Not applicable,_Z,Not applicable,EMP,Employment,A,Annual,ACTUAL,Actual,ICSE93_1,Employees,_Z,Not applicable,MEAN,Mean,_Z,Not applicable,_T,Total,2014,,1504.895,,A,Normal value,,,0,Zero
DATAFLOW,OECD.ELS.SAE:DSD_HW@DF_AVG_ANN_HRS_WKD(1.0),Average annual hours actually worked per worker,I,FIN,Finland,HW,Hours worked,H_Y_PS,Hours per year per person,_Z,Not applicable,_Z,Not applicable,EMP,Employment,A,Annual,ACTUAL,Actual,ICSE93_1,Employees,_Z,Not applicable,MEAN,Mean,_Z,Not applicable,_T,Total,2015,,1504.58,,A,Normal value,,,0,Zero
DATAFLOW,OECD.ELS.SAE:DSD_HW@DF_AVG_ANN_HRS_WKD(1.0),Average annual hours actually worked per worker,I,FIN,Finland,HW,Hours worked,H_Y_PS,Hours per year per person,_Z,Not applicable,_Z,Not applicable,EMP,Employment,A,Annual,ACTUAL,Actual,ICSE93_1,Employees,_Z,Not applicable,MEAN,Mean,_Z,Not applicable,_T,Total,2016,,1505.156,,A,Normal value,,,0,Zero
DATAFLOW,OECD.ELS.SAE:DSD_HW@DF_AVG_ANN_HRS_WKD(1.0),Average annual hours actually worked per worker,I,FIN,Finland,HW,Hours worked,H_Y_PS,Hours per year per person,_Z,Not applicable,_Z,Not applicable,EMP,Employment,A,Annual,ACTUAL,Actual,ICSE93_1,Employees,_Z,Not applicable,MEAN,Mean,_Z,Not applicable,_T,Total,2017,,1501.01,,A,Normal value,,,0,Zero
DATAFLOW,OECD.ELS.SAE:DSD_HW@DF_AVG_ANN_HRS_WKD(1.0),Average annual hours actually worked per worker,I,FIN,Finland,HW,Hours worked,H_Y_PS,Hours per year per person,_Z,Not applicable,_Z,Not applicable,EMP,Employment,A,Annual,ACTUAL,Actual,ICSE93_1,Employees,_Z,Not applicable,MEAN,Mean,_Z,Not applicable,_T,Total,2018,,1498.908,,A,Normal value,,,0,Zero
DATAFLOW,OECD.ELS.SAE:DSD_HW@DF_AVG_ANN_HRS_WKD(1.0),Average annual hours actually worked per worker,I,FIN,Finland,HW,Hours worked,H_Y_PS,Hours per year per person,_Z,Not applicable,_Z,Not applicable,EMP,Employment,A,Annual,ACTUAL,Actual,ICSE93_1,Employees,_Z,Not applicable,MEAN,Mean,_Z,Not applicable,_T,Total,2019,,1490.982,,A,Normal value,,,0,Zero
DATAFLOW,OECD.ELS.SAE:DSD_HW@DF_AVG_ANN_HRS_WKD(1.0),Average annual hours actually worked per worker,I,FIN,Finland,HW,Hours worked,H_Y_PS,Hours per year per person,_Z,Not applicable,_Z,Not applicable,EMP,Employment,A,Annual,ACTUAL,Actual,ICSE93_1,Employees,_Z,Not applicable,MEAN,Mean,_Z,Not applicable,_T,Total,2020,,1486.227,,A,Normal value,,,0,Zero
DATAFLOW,OECD.ELS.SAE:DSD_HW@DF_AVG_ANN_HRS_WKD(1.0),Average annual hours actually worked per worker,I,FIN,Finland,HW,Hours worked,H_Y_PS,Hours per year per person,_Z,Not applicable,_Z,Not applicable,EMP,Employment,A,Annual,ACTUAL,Actual,ICSE93_1,Employees,_Z,Not applicable,MEAN,Mean,_Z,Not applicable,_T,Total,2021,,1482.565,,A,Normal value,,,0,Zero
DATAFLOW,OECD.ELS.SAE:DSD_HW@DF_AVG_ANN_HRS_WKD(1.0),Average annual hours actually worked per worker,I,FIN,Finland,HW,Hours worked,H_Y_PS,Hours per year per person,_Z,Not applicable,_Z,Not applicable,EMP,Employment,A,Annual,ACTUAL,Actual,ICSE93_1,Employees,_Z,Not applicable,MEAN,Mean,_Z,Not applicable,_T,Total,2022,,1471.293,,A,Normal value,,,0,Zero
DATAFLOW,OECD.ELS.SAE:DSD_HW@DF_AVG_ANN_HRS_WKD(1.0),Average annual hours actually worked per worker,I,FRA,France,HW,Hours worked,H_Y_PS,Hours per year per person,_Z,Not applicable,_Z,Not applicable,EMP,Employment,A,Annual,ACTUAL,Actual,ICSE93_1,Employees,_Z,Not applicable,MEAN,Mean,_Z,Not applicable,_T,Total,2014,,1388.919,,A,Normal value,,,0,Zero
DATAFLOW,OECD.ELS.SAE:DSD_HW@DF_AVG_ANN_HRS_WKD(1.0),Average annual hours actually worked per worker,I,FRA,France,HW,Hours worked,H_Y_PS,Hours per year per person,_Z,Not applicable,_Z,Not applicable,EMP,Employment,A,Annual,ACTUAL,Actual,ICSE93_1,Employees,_Z,Not applicable,MEAN,Mean,_Z,Not applicable,_T,Total,2015,,1388.881,,A,Normal value,,,0,Zero
DATAFLOW,OECD.ELS.SAE:DSD_HW@DF_AVG_ANN_HRS_WKD(1.0),Average annual hours actually worked per worker,I,FRA,France,HW,Hours worked,H_Y_PS,Hours per year per person,_Z,Not applicable,_Z,Not applicable,EMP,Employment,A,Annual,ACTUAL,Actual,ICSE93_1,Employees,_Z,Not applicable,MEAN,Mean,_Z,Not applicable,_T,Total,2016,,1393.887,,A,Normal value,,,0,Zero
DATAFLOW,OECD.ELS.SAE:DSD_HW@DF_AVG_ANN_HRS_WKD(1.0),Average annual hours actually worked per worker,I,FRA,France,HW,Hours worked,H_Y_PS,Hours per year per person,_Z,Not applicable,_Z,Not applicable,EMP,Employment,A,Annual,ACTUAL,Actual,ICSE93_1,Employees,_Z,Not applicable,MEAN,Mean,_Z,Not applicable,_T,Total,2017,,1382.338,,A,Normal value,,,0,Zero
DATAFLOW,OECD.ELS.SAE:DSD_HW@DF_AVG_ANN_HRS_WKD(1.0),Average annual hours actually worked per worker,I,FRA,France,HW,Hours worked,H_Y_PS,Hours per year per person,_Z,Not applicable,_Z,Not applicable,EMP,Employment,A,Annual,ACTUAL,Actual,ICSE93_1,Employees,_Z,Not applicable,MEAN,Mean,_Z,Not applicable,_T,Total,2018,,1390.385,,A,Normal value,,,0,Zero
DATAFLOW,OECD.ELS.SAE:DSD_HW@DF_AVG_ANN_HRS_WKD(1.0),Average annual hours actually worked per worker,I,FRA,France,HW,Hours worked,H_Y_PS,Hours per year per person,_Z,Not applicable,_Z,Not applicable,EMP,Employment,A,Annual,ACTUAL,Actual,ICSE93_1,Employees,_Z,Not applicable,MEAN,Mean,_Z,Not applicable,_T,Total,2019,,1394.606,,A,Normal value,,,0,Zero
DATAFLOW,OECD.ELS.SAE:DSD_HW@DF_AVG_ANN_HRS_WKD(1.0),Average annual hours actually worked per worker,I,FRA,France,HW,Hours worked,H_Y_PS,Hours per year per person,_Z,Not applicable,_Z,Not applicable,EMP,Employment,A,Annual,ACTUAL,Actual,ICSE93_1,Employees,_Z,Not applicable,MEAN,Mean,_Z,Not applicable,_T,Total,2020,,1287.275,,A,Normal value,,,0,Zero
DATAFLOW,OECD.ELS.SAE:DSD_HW@DF_AVG_ANN_HRS_WKD(1.0),Average annual hours actually worked per worker,I,FRA,France,HW,Hours worked,H_Y_PS,Hours per year per person,_Z,Not applicable,_Z,Not applicable,EMP,Employment,A,Annual,ACTUAL,Actual,ICSE93_1,Employees,_Z,Not applicable,MEAN,Mean,_Z,Not applicable,_T,Total,2021,,1364.409,,A,Normal value,,,0,Zero
DATAFLOW,OECD.ELS.SAE:DSD_HW@DF_AVG_ANN_HRS_WKD(1.0),Average annual hours actually worked per worker,I,DEU,Germany,HW,Hours worked,H_Y_PS,Hours per year per person,_Z,Not applicable,_Z,Not applicable,EMP,Employment,A,Annual,ACTUAL,Actual,ICSE93_1,Employees,_Z,Not applicable,MEAN,Mean,_Z,Not applicable,_T,Total,2014,,1333.9,,A,Normal value,,,0,Zero
DATAFLOW,OECD.ELS.SAE:DSD_HW@DF_AVG_ANN_HRS_WKD(1.0),Average annual hours actually worked per worker,I,DEU,Germany,HW,Hours worked,H_Y_PS,Hours per year per person,_Z,Not applicable,_Z,Not applicable,EMP,Employment,A,Annual,ACTUAL,Actual,ICSE93_1,Employees,_Z,Not applicable,MEAN,Mean,_Z,Not applicable,_T,Total,2015,,1338,,A,Normal value,,,0,Zero
DATAFLOW,OECD.ELS.SAE:DSD_HW@DF_AVG_ANN_HRS_WKD(1.0),Average annual hours actually worked per worker,I,DEU,Germany,HW,Hours worked,H_Y_PS,Hours per year per person,_Z,Not applicable,_Z,Not applicable,EMP,Employment,A,Annual,ACTUAL,Actual,ICSE93_1,Employees,_Z,Not applicable,MEAN,Mean,_Z,Not applicable,_T,Total,2016,,1334.8,,A,Normal value,,,0,Zero
DATAFLOW,OECD.ELS.SAE:DSD_HW@DF_AVG_ANN_HRS_WKD(1.0),Average annual hours actually worked per worker,I,DEU,Germany,HW,Hours worked,H_Y_PS,Hours per year per person,_Z,Not applicable,_Z,Not applicable,EMP,Employment,A,Annual,ACTUAL,Actual,ICSE93_1,Employees,_Z,Not applicable,MEAN,Mean,_Z,Not applicable,_T,Total,2017,,1330.7,,A,Normal value,,,0,Zero
DATAFLOW,OECD.ELS.SAE:DSD_HW@DF_AVG_ANN_HRS_WKD(1.0),Average annual hours actually worked per worker,I,DEU,Germany,HW,Hours worked,H_Y_PS,Hours per year per person,_Z,Not applicable,_Z,Not applicable,EMP,Employment,A,Annual,ACTUAL,Actual,ICSE93_1,Employees,_Z,Not applicable,MEAN,Mean,_Z,Not applicable,_T,Total,2018,,1326.3,,A,Normal value,,,0,Zero
DATAFLOW,OECD.ELS.SAE:DSD_HW@DF_AVG_ANN_HRS_WKD(1.0),Average annual hours actually worked per worker,I,DEU,Germany,HW,Hours worked,H_Y_PS,Hours per year per person,_Z,Not applicable,_Z,Not applicable,EMP,Employment,A,Annual,ACTUAL,Actual,ICSE93_1,Employees,_Z,Not applicable,MEAN,Mean,_Z,Not applicable,_T,Total,2019,,1320.5,,A,Normal value,,,0,Zero
DATAFLOW,OECD.ELS.SAE:DSD_HW@DF_AVG_ANN_HRS_WKD(1.0),Average annual hours actually worked per worker,I,DEU,Germany,HW,Hours worked,H_Y_PS,Hours per year per person,_Z,Not applicable,_Z,Not applicable,EMP,Employment,A,Annual,ACTUAL,Actual,ICSE93_1,Employees,_Z,Not applicable,MEAN,Mean,_Z,Not applicable,_T,Total,2020,,1271.2,,A,Normal value,,,0,Zero
DATAFLOW,OECD.ELS.SAE:DSD_HW@DF_AVG_ANN_HRS_WKD(1.0),Average annual hours actually worked per worker,I,GRC,Greece,HW,Hours worked,H_Y_PS,Hours per year per person,_Z,Not applicable,_Z,Not applicable,EMP,Employment,A,Annual,ACTUAL,Actual,ICSE93_1,Employees,_Z,Not applicable,MEAN,Mean,_Z,Not applicable,_T,Total,2016,,1726.701,,A,Normal value,,,0,Zero
DATAFLOW,OECD.ELS.SAE:DSD_HW@DF_AVG_ANN_HRS_WKD(1.0),Average annual hours actually worked per worker,I,GRC,Greece,HW,Hours worked,H_Y_PS,Hours per year per person,_Z,Not applicable,_Z,Not applicable,EMP,Employment,A,Annual,ACTUAL,Actual,ICSE93_1,Employees,_Z,Not applicable,MEAN,Mean,_Z,Not applicable,_T,Total,2021,,1645.981,,A,Normal value,,,0,Zero
DATAFLOW,OECD.ELS.SAE:DSD_HW@DF_AVG_ANN_HRS_WKD(1.0),Average annual hours actually worked per worker,I,HUN,Hungary,HW,Hours worked,H_Y_PS,Hours per year per person,_Z,Not applicable,_Z,Not applicable,EMP,Employment,A,Annual,ACTUAL,Actual,ICSE93_1,Employees,_Z,Not applicable,MEAN,Mean,_Z,Not applicable,_T,Total,2014,,1681.702,,A,Normal value,,,0,Zero
DATAFLOW,OECD.ELS.SAE:DSD_HW@DF_AVG_ANN_HRS_WKD(1.0),Average annual hours actually worked per worker,I,HUN,Hungary,HW,Hours worked,H_Y_PS,Hours per year per person,_Z,Not applicable,_Z,Not applicable,EMP,Employment,A,Annual,ACTUAL,Actual,ICSE93_1,Employees,_Z,Not applicable,MEAN,Mean,_Z,Not applicable,_T,Total,2015,,1684.829,,A,Normal value,,,0,Zero
DATAFLOW,OECD.ELS.SAE:DSD_HW@DF_AVG_ANN_HRS_WKD(1.0),Average annual hours actually worked per worker,I,HUN,Hungary,HW,Hours worked,H_Y_PS,Hours per year per person,_Z,Not applicable,_Z,Not applicable,EMP,Employment,A,Annual,ACTUAL,Actual,ICSE93_1,Employees,_Z,Not applicable,MEAN,Mean,_Z,Not applicable,_T,Total,2016,,1703.415,,A,Normal value,,,0,Zero
DATAFLOW,OECD.ELS.SAE:DSD_HW@DF_AVG_ANN_HRS_WKD(1.0),Average annual hours actually worked per worker,I,HUN,Hungary,HW,Hours worked,H_Y_PS,Hours per year per person,_Z,Not applicable,_Z,Not applicable,EMP,Employment,A,Annual,ACTUAL,Actual,ICSE93_1,Employees,_Z,Not applicable,MEAN,Mean,_Z,Not applicable,_T,Total,2017,,1693.14,,A,Normal value,,,0,Zero
DATAFLOW,OECD.ELS.SAE:DSD_HW@DF_AVG_ANN_HRS_WKD(1.0),Average annual hours actually worked per worker,I,ISL,Iceland,HW,Hours worked,H_Y_PS,Hours per year per person,_Z,Not applicable,_Z,Not applicable,EMP,Employment,A,Annual,ACTUAL,Actual,ICSE93_1,Employees,_Z,Not applicable,MEAN,Mean,_Z,Not applicable,_T,Total,2014,,1529.552,,A,Normal value,,,0,Zero
DATAFLOW,OECD.ELS.SAE:DSD_HW@DF_AVG_ANN_HRS_WKD(1.0),Average annual hours actually worked per worker,I,ISL,Iceland,HW,Hours worked,H_Y_PS,Hours per year per person,_Z,Not applicable,_Z,Not applicable,EMP,Employment,A,Annual,ACTUAL,Actual,ICSE93_1,Employees,_Z,Not applicable,MEAN,Mean,_Z,Not applicable,_T,Total,2015,,1525.593,,A,Normal value,,,0,Zero
DATAFLOW,OECD.ELS.SAE:DSD_HW@DF_AVG_ANN_HRS_WKD(1.0),Average annual hours actually worked per worker,I,ISL,Iceland,HW,Hours worked,H_Y_PS,Hours per year per person,_Z,Not applicable,_Z,Not applicable,EMP,Employment,A,Annual,ACTUAL,Actual,ICSE93_1,Employees,_Z,Not applicable,MEAN,Mean,_Z,Not applicable,_T,Total,2016,,1532.997,,A,Normal value,,,0,Zero
DATAFLOW,OECD.ELS.SAE:DSD_HW@DF_AVG_ANN_HRS_WKD(1.0),Average annual hours actually worked per worker,I,ISL,Iceland,HW,Hours worked,H_Y_PS,Hours per year per person,_Z,Not applicable,_Z,Not applicable,EMP,Employment,A,Annual,ACTUAL,Actual,ICSE93_1,Employees,_Z,Not applicable,MEAN,Mean,_Z,Not applicable,_T,Total,2017,,1517.694,,A,Normal value,,,0,Zero
DATAFLOW,OECD.ELS.SAE:DSD_HW@DF_AVG_ANN_HRS_WKD(1.0),Average annual hours actually worked per worker,I,ISL,Iceland,HW,Hours worked,H_Y_PS,Hours per year per person,_Z,Not applicable,_Z,Not applicable,EMP,Employment,A,Annual,ACTUAL,Actual,ICSE93_1,Employees,_Z,Not applicable,MEAN,Mean,_Z,Not applicable,_T,Total,2018,,1507.391,,A,Normal value,,,0,Zero
DATAFLOW,OECD.ELS.SAE:DSD_HW@DF_AVG_ANN_HRS_WKD(1.0),Average annual hours actually worked per worker,I,ISL,Iceland,HW,Hours worked,H_Y_PS,Hours per year per person,_Z,Not applicable,_Z,Not applicable,EMP,Employment,A,Annual,ACTUAL,Actual,ICSE93_1,Employees,_Z,Not applicable,MEAN,Mean,_Z,Not applicable,_T,Total,2019,,1492.699,,A,Normal value,,,0,Zero
DATAFLOW,OECD.ELS.SAE:DSD_HW@DF_AVG_ANN_HRS_WKD(1.0),Average annual hours actually worked per worker,I,ISL,Iceland,HW,Hours worked,H_Y_PS,Hours per year per person,_Z,Not applicable,_Z,Not applicable,EMP,Employment,A,Annual,ACTUAL,Actual,ICSE93_1,Employees,_Z,Not applicable,MEAN,Mean,_Z,Not applicable,_T,Total,2020,,1479.338,,A,Normal value,,,0,Zero
DATAFLOW,OECD.ELS.SAE:DSD_HW@DF_AVG_ANN_HRS_WKD(1.0),Average annual hours actually worked per worker,I,ISL,Iceland,HW,Hours worked,H_Y_PS,Hours per year per person,_Z,Not applicable,_Z,Not applicable,EMP,Employment,A,Annual,ACTUAL,Actual,ICSE93_1,Employees,_Z,Not applicable,MEAN,Mean,_Z,Not applicable,_T,Total,2021,,1472.278,,A,Normal value,,,0,Zero
DATAFLOW,OECD.ELS.SAE:DSD_HW@DF_AVG_ANN_HRS_WKD(1.0),Average annual hours actually worked per worker,I,ISL,Iceland,HW,Hours worked,H_Y_PS,Hours per year per person,_Z,Not applicable,_Z,Not applicable,EMP,Employment,A,Annual,ACTUAL,Actual,ICSE93_1,Employees,_Z,Not applicable,MEAN,Mean,_Z,Not applicable,_T,Total,2022,,1470.949,,A,Normal value,,,0,Zero
DATAFLOW,OECD.ELS.SAE:DSD_HW@DF_AVG_ANN_HRS_WKD(1.0),Average annual hours actually worked per worker,I,IRL,Ireland,HW,Hours worked,H_Y_PS,Hours per year per person,_Z,Not applicable,_Z,Not applicable,EMP,Employment,A,Annual,ACTUAL,Actual,ICSE93_1,Employees,_Z,Not applicable,MEAN,Mean,_Z,Not applicable,_T,Total,2014,,1634.743,,A,Normal value,,,0,Zero
DATAFLOW,OECD.ELS.SAE:DSD_HW@DF_AVG_ANN_HRS_WKD(1.0),Average annual hours actually worked per worker,I,IRL,Ireland,HW,Hours worked,H_Y_PS,Hours per year per person,_Z,Not applicable,_Z,Not applicable,EMP,Employment,A,Annual,ACTUAL,Actual,ICSE93_1,Employees,_Z,Not applicable,MEAN,Mean,_Z,Not applicable,_T,Total,2015,,1626.266,,A,Normal value,,,0,Zero
DATAFLOW,OECD.ELS.SAE:DSD_HW@DF_AVG_ANN_HRS_WKD(1.0),Average annual hours actually worked per worker,I,IRL,Ireland,HW,Hours worked,H_Y_PS,Hours per year per person,_Z,Not applicable,_Z,Not applicable,EMP,Employment,A,Annual,ACTUAL,Actual,ICSE93_1,Employees,_Z,Not applicable,MEAN,Mean,_Z,Not applicable,_T,Total,2016,,1650.984,,A,Normal value,,,0,Zero
DATAFLOW,OECD.ELS.SAE:DSD_HW@DF_AVG_ANN_HRS_WKD(1.0),Average annual hours actually worked per worker,I,IRL,Ireland,HW,Hours worked,H_Y_PS,Hours per year per person,_Z,Not applicable,_Z,Not applicable,EMP,Employment,A,Annual,ACTUAL,Actual,ICSE93_1,Employees,_Z,Not applicable,MEAN,Mean,_Z,Not applicable,_T,Total,2017,,1672.217,,A,Normal value,,,0,Zero
DATAFLOW,OECD.ELS.SAE:DSD_HW@DF_AVG_ANN_HRS_WKD(1.0),Average annual hours actually worked per worker,I,IRL,Ireland,HW,Hours worked,H_Y_PS,Hours per year per person,_Z,Not applicable,_Z,Not applicable,EMP,Employment,A,Annual,ACTUAL,Actual,ICSE93_1,Employees,_Z,Not applicable,MEAN,Mean,_Z,Not applicable,_T,Total,2018,,1690.082,,A,Normal value,,,0,Zero
DATAFLOW,OECD.ELS.SAE:DSD_HW@DF_AVG_ANN_HRS_WKD(1.0),Average annual hours actually worked per worker,I,IRL,Ireland,HW,Hours worked,H_Y_PS,Hours per year per person,_Z,Not applicable,_Z,Not applicable,EMP,Employment,A,Annual,ACTUAL,Actual,ICSE93_1,Employees,_Z,Not applicable,MEAN,Mean,_Z,Not applicable,_T,Total,2019,,1693.628,,A,Normal value,,,0,Zero
DATAFLOW,OECD.ELS.SAE:DSD_HW@DF_AVG_ANN_HRS_WKD(1.0),Average annual hours actually worked per worker,I,IRL,Ireland,HW,Hours worked,H_Y_PS,Hours per year per person,_Z,Not applicable,_Z,Not applicable,EMP,Employment,A,Annual,ACTUAL,Actual,ICSE93_1,Employees,_Z,Not applicable,MEAN,Mean,_Z,Not applicable,_T,Total,2020,,1609.053,,A,Normal value,,,0,Zero
DATAFLOW,OECD.ELS.SAE:DSD_HW@DF_AVG_ANN_HRS_WKD(1.0),Average annual hours actually worked per worker,I,IRL,Ireland,HW,Hours worked,H_Y_PS,Hours per year per person,_Z,Not applicable,_Z,Not applicable,EMP,Employment,A,Annual,ACTUAL,Actual,ICSE93_1,Employees,_Z,Not applicable,MEAN,Mean,_Z,Not applicable,_T,Total,2021,,1611.224,,A,Normal value,,,0,Zero
DATAFLOW,OECD.ELS.SAE:DSD_HW@DF_AVG_ANN_HRS_WKD(1.0),Average annual hours actually worked per worker,I,IRL,Ireland,HW,Hours worked,H_Y_PS,Hours per year per person,_Z,Not applicable,_Z,Not applicable,EMP,Employment,A,Annual,ACTUAL,Actual,ICSE93_1,Employees,_Z,Not applicable,MEAN,Mean,_Z,Not applicable,_T,Total,2022,,1636.986,,A,Normal value,,,0,Zero
DATAFLOW,OECD.ELS.SAE:DSD_HW@DF_AVG_ANN_HRS_WKD(1.0),Average annual hours actually worked per worker,I,IRL,Ireland,HW,Hours worked,H_Y_PS,Hours per year per person,_Z,Not applicable,_Z,Not applicable,EMP,Employment,A,Annual,ACTUAL,Actual,ICSE93_1,Employees,_Z,Not applicable,MEAN,Mean,_Z,Not applicable,_T,Total,2023,,1613.309,,A,Normal value,,,0,Zero
DATAFLOW,OECD.ELS.SAE:DSD_HW@DF_AVG_ANN_HRS_WKD(1.0),Average annual hours actually worked per worker,I,ISR,Israel,HW,Hours worked,H_Y_PS,Hours per year per person,_Z,Not applicable,_Z,Not applicable,EMP,Employment,A,Annual,ACTUAL,Actual,ICSE93_1,Employees,_Z,Not applicable,MEAN,Mean,_Z,Not applicable,_T,Total,2014,,1899.869,,A,Normal value,,,0,Zero
DATAFLOW,OECD.ELS.SAE:DSD_HW@DF_AVG_ANN_HRS_WKD(1.0),Average annual hours actually worked per worker,I,ISR,Israel,HW,Hours worked,H_Y_PS,Hours per year per person,_Z,Not applicable,_Z,Not applicable,EMP,Employment,A,Annual,ACTUAL,Actual,ICSE93_1,Employees,_Z,Not applicable,MEAN,Mean,_Z,Not applicable,_T,Total,2015,,1897.643,,A,Normal value,,,0,Zero
DATAFLOW,OECD.ELS.SAE:DSD_HW@DF_AVG_ANN_HRS_WKD(1.0),Average annual hours actually worked per worker,I,ISR,Israel,HW,Hours worked,H_Y_PS,Hours per year per person,_Z,Not applicable,_Z,Not applicable,EMP,Employment,A,Annual,ACTUAL,Actual,ICSE93_1,Employees,_Z,Not applicable,MEAN,Mean,_Z,Not applicable,_T,Total,2016,,1919.922,,A,Normal value,,,0,Zero
DATAFLOW,OECD.ELS.SAE:DSD_HW@DF_AVG_ANN_HRS_WKD(1.0),Average annual hours actually worked per worker,I,ISR,Israel,HW,Hours worked,H_Y_PS,Hours per year per person,_Z,Not applicable,_Z,Not applicable,EMP,Employment,A,Annual,ACTUAL,Actual,ICSE93_1,Employees,_Z,Not applicable,MEAN,Mean,_Z,Not applicable,_T,Total,2017,,1920.726,,A,Normal value,,,0,Zero
DATAFLOW,OECD.ELS.SAE:DSD_HW@DF_AVG_ANN_HRS_WKD(1.0),Average annual hours actually worked per worker,I,ISR,Israel,HW,Hours worked,H_Y_PS,Hours per year per person,_Z,Not applicable,_Z,Not applicable,EMP,Employment,A,Annual,ACTUAL,Actual,ICSE93_1,Employees,_Z,Not applicable,MEAN,Mean,_Z,Not applicable,_T,Total,2018,,1915.511,,A,Normal value,,,0,Zero
DATAFLOW,OECD.ELS.SAE:DSD_HW@DF_AVG_ANN_HRS_WKD(1.0),Average annual hours actually worked per worker,I,ISR,Israel,HW,Hours worked,H_Y_PS,Hours per year per person,_Z,Not applicable,_Z,Not applicable,EMP,Employment,A,Annual,ACTUAL,Actual,ICSE93_1,Employees,_Z,Not applicable,MEAN,Mean,_Z,Not applicable,_T,Total,2019,,1895.883,,A,Normal value,,,0,Zero
DATAFLOW,OECD.ELS.SAE:DSD_HW@DF_AVG_ANN_HRS_WKD(1.0),Average annual hours actually worked per worker,I,ISR,Israel,HW,Hours worked,H_Y_PS,Hours per year per person,_Z,Not applicable,_Z,Not applicable,EMP,Employment,A,Annual,ACTUAL,Actual,ICSE93_1,Employees,_Z,Not applicable,MEAN,Mean,_Z,Not applicable,_T,Total,2020,,1798.669,,A,Normal value,,,0,Zero
DATAFLOW,OECD.ELS.SAE:DSD_HW@DF_AVG_ANN_HRS_WKD(1.0),Average annual hours actually worked per worker,I,ISR,Israel,HW,Hours worked,H_Y_PS,Hours per year per person,_Z,Not applicable,_Z,Not applicable,EMP,Employment,A,Annual,ACTUAL,Actual,ICSE93_1,Employees,_Z,Not applicable,MEAN,Mean,_Z,Not applicable,_T,Total,2021,,1889.562,,A,Normal value,,,0,Zero
DATAFLOW,OECD.ELS.SAE:DSD_HW@DF_AVG_ANN_HRS_WKD(1.0),Average annual hours actually worked per worker,I,ISR,Israel,HW,Hours worked,H_Y_PS,Hours per year per person,_Z,Not applicable,_Z,Not applicable,EMP,Employment,A,Annual,ACTUAL,Actual,ICSE93_1,Employees,_Z,Not applicable,MEAN,Mean,_Z,Not applicable,_T,Total,2022,,1901.398,,A,Normal value,,,0,Zero
DATAFLOW,OECD.ELS.SAE:DSD_HW@DF_AVG_ANN_HRS_WKD(1.0),Average annual hours actually worked per worker,I,ITA,Italy,HW,Hours worked,H_Y_PS,Hours per year per person,_Z,Not applicable,_Z,Not applicable,EMP,Employment,A,Annual,ACTUAL,Actual,ICSE93_1,Employees,_Z,Not applicable,MEAN,Mean,_Z,Not applicable,_T,Total,2014,,1571.401,,A,Normal value,,,0,Zero
DATAFLOW,OECD.ELS.SAE:DSD_HW@DF_AVG_ANN_HRS_WKD(1.0),Average annual hours actually worked per worker,I,ITA,Italy,HW,Hours worked,H_Y_PS,Hours per year per person,_Z,Not applicable,_Z,Not applicable,EMP,Employment,A,Annual,ACTUAL,Actual,ICSE93_1,Employees,_Z,Not applicable,MEAN,Mean,_Z,Not applicable,_T,Total,2015,,1576.58,,A,Normal value,,,0,Zero
DATAFLOW,OECD.ELS.SAE:DSD_HW@DF_AVG_ANN_HRS_WKD(1.0),Average annual hours actually worked per worker,I,ITA,Italy,HW,Hours worked,H_Y_PS,Hours per year per person,_Z,Not applicable,_Z,Not applicable,EMP,Employment,A,Annual,ACTUAL,Actual,ICSE93_1,Employees,_Z,Not applicable,MEAN,Mean,_Z,Not applicable,_T,Total,2016,,1586.911,,A,Normal value,,,0,Zero
DATAFLOW,OECD.ELS.SAE:DSD_HW@DF_AVG_ANN_HRS_WKD(1.0),Average annual hours actually worked per worker,I,ITA,Italy,HW,Hours worked,H_Y_PS,Hours per year per person,_Z,Not applicable,_Z,Not applicable,EMP,Employment,A,Annual,ACTUAL,Actual,ICSE93_1,Employees,_Z,Not applicable,MEAN,Mean,_Z,Not applicable,_T,Total,2017,,1588.825,,A,Normal value,,,0,Zero
DATAFLOW,OECD.ELS.SAE:DSD_HW@DF_AVG_ANN_HRS_WKD(1.0),Average annual hours actually worked per worker,I,ITA,Italy,HW,Hours worked,H_Y_PS,Hours per year per person,_Z,Not applicable,_Z,Not applicable,EMP,Employment,A,Annual,ACTUAL,Actual,ICSE93_1,Employees,_Z,Not applicable,MEAN,Mean,_Z,Not applicable,_T,Total,2018,,1593.199,,A,Normal value,,,0,Zero
DATAFLOW,OECD.ELS.SAE:DSD_HW@DF_AVG_ANN_HRS_WKD(1.0),Average annual hours actually worked per worker,I,ITA,Italy,HW,Hours worked,H_Y_PS,Hours per year per person,_Z,Not applicable,_Z,Not applicable,EMP,Employment,A,Annual,ACTUAL,Actual,ICSE93_1,Employees,_Z,Not applicable,MEAN,Mean,_Z,Not applicable,_T,Total,2019,,1583.264,,A,Normal value,,,0,Zero
DATAFLOW,OECD.ELS.SAE:DSD_HW@DF_AVG_ANN_HRS_WKD(1.0),Average annual hours actually worked per worker,I,ITA,Italy,HW,Hours worked,H_Y_PS,Hours per year per person,_Z,Not applicable,_Z,Not applicable,EMP,Employment,A,Annual,ACTUAL,Actual,ICSE93_1,Employees,_Z,Not applicable,MEAN,Mean,_Z,Not applicable,_T,Total,2020,,1443.902,,A,Normal value,,,0,Zero
DATAFLOW,OECD.ELS.SAE:DSD_HW@DF_AVG_ANN_HRS_WKD(1.0),Average annual hours actually worked per worker,I,ITA,Italy,HW,Hours worked,H_Y_PS,Hours per year per person,_Z,Not applicable,_Z,Not applicable,EMP,Employment,A,Annual,ACTUAL,Actual,ICSE93_1,Employees,_Z,Not applicable,MEAN,Mean,_Z,Not applicable,_T,Total,2021,,1559.085,,A,Normal value,,,0,Zero
DATAFLOW,OECD.ELS.SAE:DSD_HW@DF_AVG_ANN_HRS_WKD(1.0),Average annual hours actually worked per worker,I,ITA,Italy,HW,Hours worked,H_Y_PS,Hours per year per person,_Z,Not applicable,_Z,Not applicable,EMP,Employment,A,Annual,ACTUAL,Actual,ICSE93_1,Employees,_Z,Not applicable,MEAN,Mean,_Z,Not applicable,_T,Total,2022,,1595.988,,A,Normal value,,,0,Zero
DATAFLOW,OECD.ELS.SAE:DSD_HW@DF_AVG_ANN_HRS_WKD(1.0),Average annual hours actually worked per worker,I,KOR,Korea,HW,Hours worked,H_Y_PS,Hours per year per person,_Z,Not applicable,_Z,Not applicable,EMP,Employment,A,Annual,ACTUAL,Actual,ICSE93_1,Employees,_Z,Not applicable,MEAN,Mean,_Z,Not applicable,_T,Total,2023,,1874,,A,Normal value,,,0,Zero
DATAFLOW,OECD.ELS.SAE:DSD_HW@DF_AVG_ANN_HRS_WKD(1.0),Average annual hours actually worked per worker,I,LVA,Latvia,HW,Hours worked,H_Y_PS,Hours per year per person,_Z,Not applicable,_Z,Not applicable,EMP,Employment,A,Annual,ACTUAL,Actual,ICSE93_1,Employees,_Z,Not applicable,MEAN,Mean,_Z,Not applicable,_T,Total,2016,,1632.239,,A,Normal value,,,0,Zero
DATAFLOW,OECD.ELS.SAE:DSD_HW@DF_AVG_ANN_HRS_WKD(1.0),Average annual hours actually worked per worker,I,LTU,Lithuania,HW,Hours worked,H_Y_PS,Hours per year per person,_Z,Not applicable,_Z,Not applicable,EMP,Employment,A,Annual,ACTUAL,Actual,ICSE93_1,Employees,_Z,Not applicable,MEAN,Mean,_Z,Not applicable,_T,Total,2016,,1657.859,,A,Normal value,,,0,Zero
DATAFLOW,OECD.ELS.SAE:DSD_HW@DF_AVG_ANN_HRS_WKD(1.0),Average annual hours actually worked per worker,I,LTU,Lithuania,HW,Hours worked,H_Y_PS,Hours per year per person,_Z,Not applicable,_Z,Not applicable,EMP,Employment,A,Annual,ACTUAL,Actual,ICSE93_1,Employees,_Z,Not applicable,MEAN,Mean,_Z,Not applicable,_T,Total,2022,,1596.145,,A,Normal value,,,0,Zero
DATAFLOW,OECD.ELS.SAE:DSD_HW@DF_AVG_ANN_HRS_WKD(1.0),Average annual hours actually worked per worker,I,LTU,Lithuania,HW,Hours worked,H_Y_PS,Hours per year per person,_Z,Not applicable,_Z,Not applicable,EMP,Employment,A,Annual,ACTUAL,Actual,ICSE93_1,Employees,_Z,Not applicable,MEAN,Mean,_Z,Not applicable,_T,Total,2023,,1620.358,,A,Normal value,,,0,Zero
DATAFLOW,OECD.ELS.SAE:DSD_HW@DF_AVG_ANN_HRS_WKD(1.0),Average annual hours actually worked per worker,I,NLD,Netherlands,HW,Hours worked,H_Y_PS,Hours per year per person,_Z,Not applicable,_Z,Not applicable,EMP,Employment,A,Annual,ACTUAL,Actual,ICSE93_1,Employees,_Z,Not applicable,MEAN,Mean,_Z,Not applicable,_T,Total,2014,,1363,,A,Normal value,,,0,Zero
DATAFLOW,OECD.ELS.SAE:DSD_HW@DF_AVG_ANN_HRS_WKD(1.0),Average annual hours actually worked per worker,I,NZL,New Zealand,HW,Hours worked,H_Y_PS,Hours per year per person,_Z,Not applicable,_Z,Not applicable,EMP,Employment,A,Annual,ACTUAL,Actual,ICSE93_1,Employees,_Z,Not applicable,MEAN,Mean,_Z,Not applicable,_T,Total,2023,,1749,,A,Normal value,,,0,Zero
DATAFLOW,OECD.ELS.SAE:DSD_HW@DF_AVG_ANN_HRS_WKD(1.0),Average annual hours actually worked per worker,I,POL,Poland,HW,Hours worked,H_Y_PS,Hours per year per person,_Z,Not applicable,_Z,Not applicable,EMP,Employment,A,Annual,ACTUAL,Actual,ICSE93_1,Employees,_Z,Not applicable,MEAN,Mean,_Z,Not applicable,_T,Total,2014,,1726.448,,A,Normal value,,,0,Zero
DATAFLOW,OECD.ELS.SAE:DSD_HW@DF_AVG_ANN_HRS_WKD(1.0),Average annual hours actually worked per worker,I,POL,Poland,HW,Hours worked,H_Y_PS,Hours per year per person,_Z,Not applicable,_Z,Not applicable,EMP,Employment,A,Annual,ACTUAL,Actual,ICSE93_1,Employees,_Z,Not applicable,MEAN,Mean,_Z,Not applicable,_T,Total,2015,,1733.112,,A,Normal value,,,0,Zero
DATAFLOW,OECD.ELS.SAE:DSD_HW@DF_AVG_ANN_HRS_WKD(1.0),Average annual hours actually worked per worker,I,POL,Poland,HW,Hours worked,H_Y_PS,Hours per year per person,_Z,Not applicable,_Z,Not applicable,EMP,Employment,A,Annual,ACTUAL,Actual,ICSE93_1,Employees,_Z,Not applicable,MEAN,Mean,_Z,Not applicable,_T,Total,2016,,1733.616,,A,Normal value,,,0,Zero
DATAFLOW,OECD.ELS.SAE:DSD_HW@DF_AVG_ANN_HRS_WKD(1.0),Average annual hours actually worked per worker,I,POL,Poland,HW,Hours worked,H_Y_PS,Hours per year per person,_Z,Not applicable,_Z,Not applicable,EMP,Employment,A,Annual,ACTUAL,Actual,ICSE93_1,Employees,_Z,Not applicable,MEAN,Mean,_Z,Not applicable,_T,Total,2017,,1717.545,,A,Normal value,,,0,Zero
DATAFLOW,OECD.ELS.SAE:DSD_HW@DF_AVG_ANN_HRS_WKD(1.0),Average annual hours actually worked per worker,I,POL,Poland,HW,Hours worked,H_Y_PS,Hours per year per person,_Z,Not applicable,_Z,Not applicable,EMP,Employment,A,Annual,ACTUAL,Actual,ICSE93_1,Employees,_Z,Not applicable,MEAN,Mean,_Z,Not applicable,_T,Total,2018,,1696.866,,A,Normal value,,,0,Zero
DATAFLOW,OECD.ELS.SAE:DSD_HW@DF_AVG_ANN_HRS_WKD(1.0),Average annual hours actually worked per worker,I,POL,Poland,HW,Hours worked,H_Y_PS,Hours per year per person,_Z,Not applicable,_Z,Not applicable,EMP,Employment,A,Annual,ACTUAL,Actual,ICSE93_1,Employees,_Z,Not applicable,MEAN,Mean,_Z,Not applicable,_T,Total,2019,,1701.341,,A,Normal value,,,0,Zero
DATAFLOW,OECD.ELS.SAE:DSD_HW@DF_AVG_ANN_HRS_WKD(1.0),Average annual hours actually worked per worker,I,POL,Poland,HW,Hours worked,H_Y_PS,Hours per year per person,_Z,Not applicable,_Z,Not applicable,EMP,Employment,A,Annual,ACTUAL,Actual,ICSE93_1,Employees,_Z,Not applicable,MEAN,Mean,_Z,Not applicable,_T,Total,2020,,1692.131,,A,Normal value,,,0,Zero
DATAFLOW,OECD.ELS.SAE:DSD_HW@DF_AVG_ANN_HRS_WKD(1.0),Average annual hours actually worked per worker,I,POL,Poland,HW,Hours worked,H_Y_PS,Hours per year per person,_Z,Not applicable,_Z,Not applicable,EMP,Employment,A,Annual,ACTUAL,Actual,ICSE93_1,Employees,_Z,Not applicable,MEAN,Mean,_Z,Not applicable,_T,Total,2021,,1725.286,,A,Normal value,,,0,Zero
DATAFLOW,OECD.ELS.SAE:DSD_HW@DF_AVG_ANN_HRS_WKD(1.0),Average annual hours actually worked per worker,I,POL,Poland,HW,Hours worked,H_Y_PS,Hours per year per person,_Z,Not applicable,_Z,Not applicable,EMP,Employment,A,Annual,ACTUAL,Actual,ICSE93_1,Employees,_Z,Not applicable,MEAN,Mean,_Z,Not applicable,_T,Total,2022,,1713.015,,A,Normal value,,,0,Zero
DATAFLOW,OECD.ELS.SAE:DSD_HW@DF_AVG_ANN_HRS_WKD(1.0),Average annual hours actually worked per worker,I,POL,Poland,HW,Hours worked,H_Y_PS,Hours per year per person,_Z,Not applicable,_Z,Not applicable,EMP,Employment,A,Annual,ACTUAL,Actual,ICSE93_1,Employees,_Z,Not applicable,MEAN,Mean,_Z,Not applicable,_T,Total,2023,,1706.251,,A,Normal value,,,0,Zero
DATAFLOW,OECD.ELS.SAE:DSD_HW@DF_AVG_ANN_HRS_WKD(1.0),Average annual hours actually worked per worker,I,PRT,Portugal,HW,Hours worked,H_Y_PS,Hours per year per person,_Z,Not applicable,_Z,Not applicable,EMP,Employment,A,Annual,ACTUAL,Actual,ICSE93_1,Employees,_Z,Not applicable,MEAN,Mean,_Z,Not applicable,_T,Total,2015,,1693.503,,A,Normal value,,,0,Zero
DATAFLOW,OECD.ELS.SAE:DSD_HW@DF_AVG_ANN_HRS_WKD(1.0),Average annual hours actually worked per worker,I,PRT,Portugal,HW,Hours worked,H_Y_PS,Hours per year per person,_Z,Not applicable,_Z,Not applicable,EMP,Employment,A,Annual,ACTUAL,Actual,ICSE93_1,Employees,_Z,Not applicable,MEAN,Mean,_Z,Not applicable,_T,Total,2016,,1697.903,,A,Normal value,,,0,Zero
DATAFLOW,OECD.ELS.SAE:DSD_HW@DF_AVG_ANN_HRS_WKD(1.0),Average annual hours actually worked per worker,I,PRT,Portugal,HW,Hours worked,H_Y_PS,Hours per year per person,_Z,Not applicable,_Z,Not applicable,EMP,Employment,A,Annual,ACTUAL,Actual,ICSE93_1,Employees,_Z,Not applicable,MEAN,Mean,_Z,Not applicable,_T,Total,2018,,1700.889,,A,Normal value,,,0,Zero
DATAFLOW,OECD.ELS.SAE:DSD_HW@DF_AVG_ANN_HRS_WKD(1.0),Average annual hours actually worked per worker,I,SVK,Slovak Republic,HW,Hours worked,H_Y_PS,Hours per year per person,_Z,Not applicable,_Z,Not applicable,EMP,Employment,A,Annual,ACTUAL,Actual,ICSE93_1,Employees,_Z,Not applicable,MEAN,Mean,_Z,Not applicable,_T,Total,2014,,1676.295,,A,Normal value,,,0,Zero
DATAFLOW,OECD.ELS.SAE:DSD_HW@DF_AVG_ANN_HRS_WKD(1.0),Average annual hours actually worked per worker,I,SVK,Slovak Republic,HW,Hours worked,H_Y_PS,Hours per year per person,_Z,Not applicable,_Z,Not applicable,EMP,Employment,A,Annual,ACTUAL,Actual,ICSE93_1,Employees,_Z,Not applicable,MEAN,Mean,_Z,Not applicable,_T,Total,2015,,1672.054,,A,Normal value,,,0,Zero
DATAFLOW,OECD.ELS.SAE:DSD_HW@DF_AVG_ANN_HRS_WKD(1.0),Average annual hours actually worked per worker,I,SVK,Slovak Republic,HW,Hours worked,H_Y_PS,Hours per year per person,_Z,Not applicable,_Z,Not applicable,EMP,Employment,A,Annual,ACTUAL,Actual,ICSE93_1,Employees,_Z,Not applicable,MEAN,Mean,_Z,Not applicable,_T,Total,2016,,1657.805,,A,Normal value,,,0,Zero
DATAFLOW,OECD.ELS.SAE:DSD_HW@DF_AVG_ANN_HRS_WKD(1.0),Average annual hours actually worked per worker,I,SVK,Slovak Republic,HW,Hours worked,H_Y_PS,Hours per year per person,_Z,Not applicable,_Z,Not applicable,EMP,Employment,A,Annual,ACTUAL,Actual,ICSE93_1,Employees,_Z,Not applicable,MEAN,Mean,_Z,Not applicable,_T,Total,2017,,1630.44,,A,Normal value,,,0,Zero
DATAFLOW,OECD.ELS.SAE:DSD_HW@DF_AVG_ANN_HRS_WKD(1.0),Average annual hours actually worked per worker,I,SVK,Slovak Republic,HW,Hours worked,H_Y_PS,Hours per year per person,_Z,Not applicable,_Z,Not applicable,EMP,Employment,A,Annual,ACTUAL,Actual,ICSE93_1,Employees,_Z,Not applicable,MEAN,Mean,_Z,Not applicable,_T,Total,2018,,1620.787,,A,Normal value,,,0,Zero
DATAFLOW,OECD.ELS.SAE:DSD_HW@DF_AVG_ANN_HRS_WKD(1.0),Average annual hours actually worked per worker,I,SVK,Slovak Republic,HW,Hours worked,H_Y_PS,Hours per year per person,_Z,Not applicable,_Z,Not applicable,EMP,Employment,A,Annual,ACTUAL,Actual,ICSE93_1,Employees,_Z,Not applicable,MEAN,Mean,_Z,Not applicable,_T,Total,2019,,1606.357,,A,Normal value,,,0,Zero
DATAFLOW,OECD.ELS.SAE:DSD_HW@DF_AVG_ANN_HRS_WKD(1.0),Average annual hours actually worked per worker,I,SVK,Slovak Republic,HW,Hours worked,H_Y_PS,Hours per year per person,_Z,Not applicable,_Z,Not applicable,EMP,Employment,A,Annual,ACTUAL,Actual,ICSE93_1,Employees,_Z,Not applicable,MEAN,Mean,_Z,Not applicable,_T,Total,2020,,1500.905,,A,Normal value,,,0,Zero
DATAFLOW,OECD.ELS.SAE:DSD_HW@DF_AVG_ANN_HRS_WKD(1.0),Average annual hours actually worked per worker,I,SVK,Slovak Republic,HW,Hours worked,H_Y_PS,Hours per year per person,_Z,Not applicable,_Z,Not applicable,EMP,Employment,A,Annual,ACTUAL,Actual,ICSE93_1,Employees,_Z,Not applicable,MEAN,Mean,_Z,Not applicable,_T,Total,2021,,1514.364,,A,Normal value,,,0,Zero
DATAFLOW,OECD.ELS.SAE:DSD_HW@DF_AVG_ANN_HRS_WKD(1.0),Average annual hours actually worked per worker,I,SVK,Slovak Republic,HW,Hours worked,H_Y_PS,Hours per year per person,_Z,Not applicable,_Z,Not applicable,EMP,Employment,A,Annual,ACTUAL,Actual,ICSE93_1,Employees,_Z,Not applicable,MEAN,Mean,_Z,Not applicable,_T,Total,2022,,1538.81,,A,Normal value,,,0,Zero
DATAFLOW,OECD.ELS.SAE:DSD_HW@DF_AVG_ANN_HRS_WKD(1.0),Average annual hours actually worked per worker,I,SVK,Slovak Republic,HW,Hours worked,H_Y_PS,Hours per year per person,_Z,Not applicable,_Z,Not applicable,EMP,Employment,A,Annual,ACTUAL,Actual,ICSE93_1,Employees,_Z,Not applicable,MEAN,Mean,_Z,Not applicable,_T,Total,2023,,1546.097,,A,Normal value,,,0,Zero
DATAFLOW,OECD.ELS.SAE:DSD_HW@DF_AVG_ANN_HRS_WKD(1.0),Average annual hours actually worked per worker,I,SVN,Slovenia,HW,Hours worked,H_Y_PS,Hours per year per person,_Z,Not applicable,_Z,Not applicable,EMP,Employment,A,Annual,ACTUAL,Actual,ICSE93_1,Employees,_Z,Not applicable,MEAN,Mean,_Z,Not applicable,_T,Total,2014,,1633,,A,Normal value,,,0,Zero
DATAFLOW,OECD.ELS.SAE:DSD_HW@DF_AVG_ANN_HRS_WKD(1.0),Average annual hours actually worked per worker,I,SVN,Slovenia,HW,Hours worked,H_Y_PS,Hours per year per person,_Z,Not applicable,_Z,Not applicable,EMP,Employment,A,Annual,ACTUAL,Actual,ICSE93_1,Employees,_Z,Not applicable,MEAN,Mean,_Z,Not applicable,_T,Total,2015,,1644,,A,Normal value,,,0,Zero
DATAFLOW,OECD.ELS.SAE:DSD_HW@DF_AVG_ANN_HRS_WKD(1.0),Average annual hours actually worked per worker,I,SVN,Slovenia,HW,Hours worked,H_Y_PS,Hours per year per person,_Z,Not applicable,_Z,Not applicable,EMP,Employment,A,Annual,ACTUAL,Actual,ICSE93_1,Employees,_Z,Not applicable,MEAN,Mean,_Z,Not applicable,_T,Total,2016,,1603,,A,Normal value,,,0,Zero
DATAFLOW,OECD.ELS.SAE:DSD_HW@DF_AVG_ANN_HRS_WKD(1.0),Average annual hours actually worked per worker,I,SVN,Slovenia,HW,Hours worked,H_Y_PS,Hours per year per person,_Z,Not applicable,_Z,Not applicable,EMP,Employment,A,Annual,ACTUAL,Actual,ICSE93_1,Employees,_Z,Not applicable,MEAN,Mean,_Z,Not applicable,_T,Total,2017,,1576,,A,Normal value,,,0,Zero
DATAFLOW,OECD.ELS.SAE:DSD_HW@DF_AVG_ANN_HRS_WKD(1.0),Average annual hours actually worked per worker,I,SVN,Slovenia,HW,Hours worked,H_Y_PS,Hours per year per person,_Z,Not applicable,_Z,Not applicable,EMP,Employment,A,Annual,ACTUAL,Actual,ICSE93_1,Employees,_Z,Not applicable,MEAN,Mean,_Z,Not applicable,_T,Total,2018,,1559,,A,Normal value,,,0,Zero
DATAFLOW,OECD.ELS.SAE:DSD_HW@DF_AVG_ANN_HRS_WKD(1.0),Average annual hours actually worked per worker,I,SVN,Slovenia,HW,Hours worked,H_Y_PS,Hours per year per person,_Z,Not applicable,_Z,Not applicable,EMP,Employment,A,Annual,ACTUAL,Actual,ICSE93_1,Employees,_Z,Not applicable,MEAN,Mean,_Z,Not applicable,_T,Total,2019,,1557,,A,Normal value,,,0,Zero
DATAFLOW,OECD.ELS.SAE:DSD_HW@DF_AVG_ANN_HRS_WKD(1.0),Average annual hours actually worked per worker,I,ESP,Spain,HW,Hours worked,H_Y_PS,Hours per year per person,_Z,Not applicable,_Z,Not applicable,EMP,Employment,A,Annual,ACTUAL,Actual,ICSE93_1,Employees,_Z,Not applicable,MEAN,Mean,_Z,Not applicable,_T,Total,2014,,1610,,A,Normal value,,,0,Zero
DATAFLOW,OECD.ELS.SAE:DSD_HW@DF_AVG_ANN_HRS_WKD(1.0),Average annual hours actually worked per worker,I,ESP,Spain,HW,Hours worked,H_Y_PS,Hours per year per person,_Z,Not applicable,_Z,Not applicable,EMP,Employment,A,Annual,ACTUAL,Actual,ICSE93_1,Employees,_Z,Not applicable,MEAN,Mean,_Z,Not applicable,_T,Total,2016,,1619,,A,Normal value,,,0,Zero
DATAFLOW,OECD.ELS.SAE:DSD_HW@DF_AVG_ANN_HRS_WKD(1.0),Average annual hours actually worked per worker,I,ESP,Spain,HW,Hours worked,H_Y_PS,Hours per year per person,_Z,Not applicable,_Z,Not applicable,EMP,Employment,A,Annual,ACTUAL,Actual,ICSE93_1,Employees,_Z,Not applicable,MEAN,Mean,_Z,Not applicable,_T,Total,2018,,1617,,A,Normal value,,,0,Zero
DATAFLOW,OECD.ELS.SAE:DSD_HW@DF_AVG_ANN_HRS_WKD(1.0),Average annual hours actually worked per worker,I,SWE,Sweden,HW,Hours worked,H_Y_PS,Hours per year per person,_Z,Not applicable,_Z,Not applicable,EMP,Employment,A,Annual,ACTUAL,Actual,ICSE93_1,Employees,_Z,Not applicable,MEAN,Mean,_Z,Not applicable,_T,Total,2014,,1417.028,,A,Normal value,,,0,Zero
DATAFLOW,OECD.ELS.SAE:DSD_HW@DF_AVG_ANN_HRS_WKD(1.0),Average annual hours actually worked per worker,I,SWE,Sweden,HW,Hours worked,H_Y_PS,Hours per year per person,_Z,Not applicable,_Z,Not applicable,EMP,Employment,A,Annual,ACTUAL,Actual,ICSE93_1,Employees,_Z,Not applicable,MEAN,Mean,_Z,Not applicable,_T,Total,2015,,1419.482,,A,Normal value,,,0,Zero
DATAFLOW,OECD.ELS.SAE:DSD_HW@DF_AVG_ANN_HRS_WKD(1.0),Average annual hours actually worked per worker,I,SWE,Sweden,HW,Hours worked,H_Y_PS,Hours per year per person,_Z,Not applicable,_Z,Not applicable,EMP,Employment,A,Annual,ACTUAL,Actual,ICSE93_1,Employees,_Z,Not applicable,MEAN,Mean,_Z,Not applicable,_T,Total,2016,,1431.64,,A,Normal value,,,0,Zero
DATAFLOW,OECD.ELS.SAE:DSD_HW@DF_AVG_ANN_HRS_WKD(1.0),Average annual hours actually worked per worker,I,SWE,Sweden,HW,Hours worked,H_Y_PS,Hours per year per person,_Z,Not applicable,_Z,Not applicable,EMP,Employment,A,Annual,ACTUAL,Actual,ICSE93_1,Employees,_Z,Not applicable,MEAN,Mean,_Z,Not applicable,_T,Total,2017,,1418.754,,A,Normal value,,,0,Zero
DATAFLOW,OECD.ELS.SAE:DSD_HW@DF_AVG_ANN_HRS_WKD(1.0),Average annual hours actually worked per worker,I,SWE,Sweden,HW,Hours worked,H_Y_PS,Hours per year per person,_Z,Not applicable,_Z,Not applicable,EMP,Employment,A,Annual,ACTUAL,Actual,ICSE93_1,Employees,_Z,Not applicable,MEAN,Mean,_Z,Not applicable,_T,Total,2018,,1418.663,,A,Normal value,,,0,Zero
DATAFLOW,OECD.ELS.SAE:DSD_HW@DF_AVG_ANN_HRS_WKD(1.0),Average annual hours actually worked per worker,I,SWE,Sweden,HW,Hours worked,H_Y_PS,Hours per year per person,_Z,Not applicable,_Z,Not applicable,EMP,Employment,A,Annual,ACTUAL,Actual,ICSE93_1,Employees,_Z,Not applicable,MEAN,Mean,_Z,Not applicable,_T,Total,2019,,1405.609,,A,Normal value,,,0,Zero
DATAFLOW,OECD.ELS.SAE:DSD_HW@DF_AVG_ANN_HRS_WKD(1.0),Average annual hours actually worked per worker,I,SWE,Sweden,HW,Hours worked,H_Y_PS,Hours per year per person,_Z,Not applicable,_Z,Not applicable,EMP,Employment,A,Annual,ACTUAL,Actual,ICSE93_1,Employees,_Z,Not applicable,MEAN,Mean,_Z,Not applicable,_T,Total,2020,,1379.887,,A,Normal value,,,0,Zero
DATAFLOW,OECD.ELS.SAE:DSD_HW@DF_AVG_ANN_HRS_WKD(1.0),Average annual hours actually worked per worker,I,SWE,Sweden,HW,Hours worked,H_Y_PS,Hours per year per person,_Z,Not applicable,_Z,Not applicable,EMP,Employment,A,Annual,ACTUAL,Actual,ICSE93_1,Employees,_Z,Not applicable,MEAN,Mean,_Z,Not applicable,_T,Total,2021,,1404.2,,A,Normal value,,,0,Zero
DATAFLOW,OECD.ELS.SAE:DSD_HW@DF_AVG_ANN_HRS_WKD(1.0),Average annual hours actually worked per worker,I,SWE,Sweden,HW,Hours worked,H_Y_PS,Hours per year per person,_Z,Not applicable,_Z,Not applicable,EMP,Employment,A,Annual,ACTUAL,Actual,ICSE93_1,Employees,_Z,Not applicable,MEAN,Mean,_Z,Not applicable,_T,Total,2022,,1398.737,,A,Normal value,,,0,Zero
DATAFLOW,OECD.ELS.SAE:DSD_HW@DF_AVG_ANN_HRS_WKD(1.0),Average annual hours actually worked per worker,I,SWE,Sweden,HW,Hours worked,H_Y_PS,Hours per year per person,_Z,Not applicable,_Z,Not applicable,EMP,Employment,A,Annual,ACTUAL,Actual,ICSE93_1,Employees,_Z,Not applicable,MEAN,Mean,_Z,Not applicable,_T,Total,2023,,1397.769,,A,Normal value,,,0,Zero
DATAFLOW,OECD.ELS.SAE:DSD_HW@DF_AVG_ANN_HRS_WKD(1.0),Average annual hours actually worked per worker,I,CHE,Switzerland,HW,Hours worked,H_Y_PS,Hours per year per person,_Z,Not applicable,_Z,Not applicable,EMP,Employment,A,Annual,ACTUAL,Actual,ICSE93_1,Employees,_Z,Not applicable,MEAN,Mean,_Z,Not applicable,_T,Total,2014,,1407.646,,A,Normal value,,,0,Zero
DATAFLOW,OECD.ELS.SAE:DSD_HW@DF_AVG_ANN_HRS_WKD(1.0),Average annual hours actually worked per worker,I,CHE,Switzerland,HW,Hours worked,H_Y_PS,Hours per year per person,_Z,Not applicable,_Z,Not applicable,EMP,Employment,A,Annual,ACTUAL,Actual,ICSE93_1,Employees,_Z,Not applicable,MEAN,Mean,_Z,Not applicable,_T,Total,2015,,1418.399,,A,Normal value,,,0,Zero
DATAFLOW,OECD.ELS.SAE:DSD_HW@DF_AVG_ANN_HRS_WKD(1.0),Average annual hours actually worked per worker,I,CHE,Switzerland,HW,Hours worked,H_Y_PS,Hours per year per person,_Z,Not applicable,_Z,Not applicable,EMP,Employment,A,Annual,ACTUAL,Actual,ICSE93_1,Employees,_Z,Not applicable,MEAN,Mean,_Z,Not applicable,_T,Total,2016,,1412.527,,A,Normal value,,,0,Zero
DATAFLOW,OECD.ELS.SAE:DSD_HW@DF_AVG_ANN_HRS_WKD(1.0),Average annual hours actually worked per worker,I,CHE,Switzerland,HW,Hours worked,H_Y_PS,Hours per year per person,_Z,Not applicable,_Z,Not applicable,EMP,Employment,A,Annual,ACTUAL,Actual,ICSE93_1,Employees,_Z,Not applicable,MEAN,Mean,_Z,Not applicable,_T,Total,2017,,1404.067,,A,Normal value,,,0,Zero
DATAFLOW,OECD.ELS.SAE:DSD_HW@DF_AVG_ANN_HRS_WKD(1.0),Average annual hours actually worked per worker,I,CHE,Switzerland,HW,Hours worked,H_Y_PS,Hours per year per person,_Z,Not applicable,_Z,Not applicable,EMP,Employment,A,Annual,ACTUAL,Actual,ICSE93_1,Employees,_Z,Not applicable,MEAN,Mean,_Z,Not applicable,_T,Total,2018,,1394.755,,A,Normal value,,,0,Zero
DATAFLOW,OECD.ELS.SAE:DSD_HW@DF_AVG_ANN_HRS_WKD(1.0),Average annual hours actually worked per worker,I,CHE,Switzerland,HW,Hours worked,H_Y_PS,Hours per year per person,_Z,Not applicable,_Z,Not applicable,EMP,Employment,A,Annual,ACTUAL,Actual,ICSE93_1,Employees,_Z,Not applicable,MEAN,Mean,_Z,Not applicable,_T,Total,2019,,1396.109,,A,Normal value,,,0,Zero
DATAFLOW,OECD.ELS.SAE:DSD_HW@DF_AVG_ANN_HRS_WKD(1.0),Average annual hours actually worked per worker,I,CHE,Switzerland,HW,Hours worked,H_Y_PS,Hours per year per person,_Z,Not applicable,_Z,Not applicable,EMP,Employment,A,Annual,ACTUAL,Actual,ICSE93_1,Employees,_Z,Not applicable,MEAN,Mean,_Z,Not applicable,_T,Total,2020,,1337.333,,A,Normal value,,,0,Zero
DATAFLOW,OECD.ELS.SAE:DSD_HW@DF_AVG_ANN_HRS_WKD(1.0),Average annual hours actually worked per worker,I,CHE,Switzerland,HW,Hours worked,H_Y_PS,Hours per year per person,_Z,Not applicable,_Z,Not applicable,EMP,Employment,A,Annual,ACTUAL,Actual,ICSE93_1,Employees,_Z,Not applicable,MEAN,Mean,_Z,Not applicable,_T,Total,2021,,1359.824,,A,Normal value,,,0,Zero
DATAFLOW,OECD.ELS.SAE:DSD_HW@DF_AVG_ANN_HRS_WKD(1.0),Average annual hours actually worked per worker,I,CHE,Switzerland,HW,Hours worked,H_Y_PS,Hours per year per person,_Z,Not applicable,_Z,Not applicable,EMP,Employment,A,Annual,ACTUAL,Actual,ICSE93_1,Employees,_Z,Not applicable,MEAN,Mean,_Z,Not applicable,_T,Total,2022,,1357.964,,A,Normal value,,,0,Zero
DATAFLOW,OECD.ELS.SAE:DSD_HW@DF_AVG_ANN_HRS_WKD(1.0),Average annual hours actually worked per worker,I,GBR,United Kingdom,HW,Hours worked,H_Y_PS,Hours per year per person,_Z,Not applicable,_Z,Not applicable,EMP,Employment,A,Annual,ACTUAL,Actual,ICSE93_1,Employees,_Z,Not applicable,MEAN,Mean,_Z,Not applicable,_T,Total,2016,,1512.786,,A,Normal value,,,0,Zero
DATAFLOW,OECD.ELS.SAE:DSD_HW@DF_AVG_ANN_HRS_WKD(1.0),Average annual hours actually worked per worker,I,USA,United States,HW,Hours worked,H_Y_PS,Hours per year per person,_Z,Not applicable,_Z,Not applicable,EMP,Employment,A,Annual,ACTUAL,Actual,ICSE93_1,Employees,_Z,Not applicable,MEAN,Mean,_Z,Not applicable,_T,Total,2014,,1841.898,,A,Normal value,,,0,Zero
DATAFLOW,OECD.ELS.SAE:DSD_HW@DF_AVG_ANN_HRS_WKD(1.0),Average annual hours actually worked per worker,I,USA,United States,HW,Hours worked,H_Y_PS,Hours per year per person,_Z,Not applicable,_Z,Not applicable,EMP,Employment,A,Annual,ACTUAL,Actual,ICSE93_1,Employees,_Z,Not applicable,MEAN,Mean,_Z,Not applicable,_T,Total,2015,,1839.508,,A,Normal value,,,0,Zero
DATAFLOW,OECD.ELS.SAE:DSD_HW@DF_AVG_ANN_HRS_WKD(1.0),Average annual hours actually worked per worker,I,USA,United States,HW,Hours worked,H_Y_PS,Hours per year per person,_Z,Not applicable,_Z,Not applicable,EMP,Employment,A,Annual,ACTUAL,Actual,ICSE93_1,Employees,_Z,Not applicable,MEAN,Mean,_Z,Not applicable,_T,Total,2016,,1831.814,,A,Normal value,,,0,Zero
DATAFLOW,OECD.ELS.SAE:DSD_HW@DF_AVG_ANN_HRS_WKD(1.0),Average annual hours actually worked per worker,I,USA,United States,HW,Hours worked,H_Y_PS,Hours per year per person,_Z,Not applicable,_Z,Not applicable,EMP,Employment,A,Annual,ACTUAL,Actual,ICSE93_1,Employees,_Z,Not applicable,MEAN,Mean,_Z,Not applicable,_T,Total,2017,,1829.892,,A,Normal value,,,0,Zero
DATAFLOW,OECD.ELS.SAE:DSD_HW@DF_AVG_ANN_HRS_WKD(1.0),Average annual hours actually worked per worker,I,USA,United States,HW,Hours worked,H_Y_PS,Hours per year per person,_Z,Not applicable,_Z,Not applicable,EMP,Employment,A,Annual,ACTUAL,Actual,ICSE93_1,Employees,_Z,Not applicable,MEAN,Mean,_Z,Not applicable,_T,Total,2018,,1835.109,,A,Normal value,,,0,Zero
DATAFLOW,OECD.ELS.SAE:DSD_HW@DF_AVG_ANN_HRS_WKD(1.0),Average annual hours actually worked per worker,I,USA,United States,HW,Hours worked,H_Y_PS,Hours per year per person,_Z,Not applicable,_Z,Not applicable,EMP,Employment,A,Annual,ACTUAL,Actual,ICSE93_1,Employees,_Z,Not applicable,MEAN,Mean,_Z,Not applicable,_T,Total,2019,,1832.038,,A,Normal value,,,0,Zero
DATAFLOW,OECD.ELS.SAE:DSD_HW@DF_AVG_ANN_HRS_WKD(1.0),Average annual hours actually worked per worker,I,USA,United States,HW,Hours worked,H_Y_PS,Hours per year per person,_Z,Not applicable,_Z,Not applicable,EMP,Employment,A,Annual,ACTUAL,Actual,ICSE93_1,Employees,_Z,Not applicable,MEAN,Mean,_Z,Not applicable,_T,Total,2020,,1818.59,,A,Normal value,,,0,Zero
DATAFLOW,OECD.ELS.SAE:DSD_HW@DF_AVG_ANN_HRS_WKD(1.0),Average annual hours actually worked per worker,I,USA,United States,HW,Hours worked,H_Y_PS,Hours per year per person,_Z,Not applicable,_Z,Not applicable,EMP,Employment,A,Annual,ACTUAL,Actual,ICSE93_1,Employees,_Z,Not applicable,MEAN,Mean,_Z,Not applicable,_T,Total,2021,,1833.492,,A,Normal value,,,0,Zero
DATAFLOW,OECD.ELS.SAE:DSD_HW@DF_AVG_ANN_HRS_WKD(1.0),Average annual hours actually worked per worker,I,USA,United States,HW,Hours worked,H_Y_PS,Hours per year per person,_Z,Not applicable,_Z,Not applicable,EMP,Employment,A,Annual,ACTUAL,Actual,ICSE93_1,Employees,_Z,Not applicable,MEAN,Mean,_Z,Not applicable,_T,Total,2023,,1816.5,,A,Normal value,,,0,Zero
DATAFLOW,OECD.ELS.SAE:DSD_HW@DF_AVG_ANN_HRS_WKD(1.0),Average annual hours actually worked per worker,I,BGR,Bulgaria,HW,Hours worked,H_Y_PS,Hours per year per person,_Z,Not applicable,_Z,Not applicable,EMP,Employment,A,Annual,ACTUAL,Actual,ICSE93_1,Employees,_Z,Not applicable,MEAN,Mean,_Z,Not applicable,_T,Total,2015,,1659.644,,A,Normal value,,,0,Zero
DATAFLOW,OECD.ELS.SAE:DSD_HW@DF_AVG_ANN_HRS_WKD(1.0),Average annual hours actually worked per worker,I,BGR,Bulgaria,HW,Hours worked,H_Y_PS,Hours per year per person,_Z,Not applicable,_Z,Not applicable,EMP,Employment,A,Annual,ACTUAL,Actual,ICSE93_1,Employees,_Z,Not applicable,MEAN,Mean,_Z,Not applicable,_T,Total,2016,,1658.058,,A,Normal value,,,0,Zero
DATAFLOW,OECD.ELS.SAE:DSD_HW@DF_AVG_ANN_HRS_WKD(1.0),Average annual hours actually worked per worker,I,BGR,Bulgaria,HW,Hours worked,H_Y_PS,Hours per year per person,_Z,Not applicable,_Z,Not applicable,EMP,Employment,A,Annual,ACTUAL,Actual,ICSE93_1,Employees,_Z,Not applicable,MEAN,Mean,_Z,Not applicable,_T,Total,2017,,1658.016,,A,Normal value,,,0,Zero
DATAFLOW,OECD.ELS.SAE:DSD_HW@DF_AVG_ANN_HRS_WKD(1.0),Average annual hours actually worked per worker,I,BGR,Bulgaria,HW,Hours worked,H_Y_PS,Hours per year per person,_Z,Not applicable,_Z,Not applicable,EMP,Employment,A,Annual,ACTUAL,Actual,ICSE93_1,Employees,_Z,Not applicable,MEAN,Mean,_Z,Not applicable,_T,Total,2018,,1658.865,,A,Normal value,,,0,Zero
DATAFLOW,OECD.ELS.SAE:DSD_HW@DF_AVG_ANN_HRS_WKD(1.0),Average annual hours actually worked per worker,I,BGR,Bulgaria,HW,Hours worked,H_Y_PS,Hours per year per person,_Z,Not applicable,_Z,Not applicable,EMP,Employment,A,Annual,ACTUAL,Actual,ICSE93_1,Employees,_Z,Not applicable,MEAN,Mean,_Z,Not applicable,_T,Total,2019,,1659.127,,A,Normal value,,,0,Zero
DATAFLOW,OECD.ELS.SAE:DSD_HW@DF_AVG_ANN_HRS_WKD(1.0),Average annual hours actually worked per worker,I,BGR,Bulgaria,HW,Hours worked,H_Y_PS,Hours per year per person,_Z,Not applicable,_Z,Not applicable,EMP,Employment,A,Annual,ACTUAL,Actual,ICSE93_1,Employees,_Z,Not applicable,MEAN,Mean,_Z,Not applicable,_T,Total,2020,,1624.404,,A,Normal value,,,0,Zero
DATAFLOW,OECD.ELS.SAE:DSD_HW@DF_AVG_ANN_HRS_WKD(1.0),Average annual hours actually worked per worker,I,BGR,Bulgaria,HW,Hours worked,H_Y_PS,Hours per year per person,_Z,Not applicable,_Z,Not applicable,EMP,Employment,A,Annual,ACTUAL,Actual,ICSE93_1,Employees,_Z,Not applicable,MEAN,Mean,_Z,Not applicable,_T,Total,2021,,1634.251,,A,Normal value,,,0,Zero
DATAFLOW,OECD.ELS.SAE:DSD_HW@DF_AVG_ANN_HRS_WKD(1.0),Average annual hours actually worked per worker,I,BGR,Bulgaria,HW,Hours worked,H_Y_PS,Hours per year per person,_Z,Not applicable,_Z,Not applicable,EMP,Employment,A,Annual,ACTUAL,Actual,ICSE93_1,Employees,_Z,Not applicable,MEAN,Mean,_Z,Not applicable,_T,Total,2022,,1637.191,,A,Normal value,,,0,Zero
DATAFLOW,OECD.ELS.SAE:DSD_HW@DF_AVG_ANN_HRS_WKD(1.0),Average annual hours actually worked per worker,I,BGR,Bulgaria,HW,Hours worked,H_Y_PS,Hours per year per person,_Z,Not applicable,_Z,Not applicable,EMP,Employment,A,Annual,ACTUAL,Actual,ICSE93_1,Employees,_Z,Not applicable,MEAN,Mean,_Z,Not applicable,_T,Total,2023,,1701.743,,A,Normal value,,,0,Zero
DATAFLOW,OECD.ELS.SAE:DSD_HW@DF_AVG_ANN_HRS_WKD(1.0),Average annual hours actually worked per worker,I,CYP,Cyprus,HW,Hours worked,H_Y_PS,Hours per year per person,_Z,Not applicable,_Z,Not applicable,EMP,Employment,A,Annual,ACTUAL,Actual,ICSE93_1,Employees,_Z,Not applicable,MEAN,Mean,_Z,Not applicable,_T,Total,2015,,1748.419,,A,Normal value,,,0,Zero
DATAFLOW,OECD.ELS.SAE:DSD_HW@DF_AVG_ANN_HRS_WKD(1.0),Average annual hours actually worked per worker,I,CYP,Cyprus,HW,Hours worked,H_Y_PS,Hours per year per person,_Z,Not applicable,_Z,Not applicable,EMP,Employment,A,Annual,ACTUAL,Actual,ICSE93_1,Employees,_Z,Not applicable,MEAN,Mean,_Z,Not applicable,_T,Total,2016,,1767.904,,A,Normal value,,,0,Zero
DATAFLOW,OECD.ELS.SAE:DSD_HW@DF_AVG_ANN_HRS_WKD(1.0),Average annual hours actually worked per worker,I,CYP,Cyprus,HW,Hours worked,H_Y_PS,Hours per year per person,_Z,Not applicable,_Z,Not applicable,EMP,Employment,A,Annual,ACTUAL,Actual,ICSE93_1,Employees,_Z,Not applicable,MEAN,Mean,_Z,Not applicable,_T,Total,2017,,1751.011,,A,Normal value,,,0,Zero
DATAFLOW,OECD.ELS.SAE:DSD_HW@DF_AVG_ANN_HRS_WKD(1.0),Average annual hours actually worked per worker,I,CYP,Cyprus,HW,Hours worked,H_Y_PS,Hours per year per person,_Z,Not applicable,_Z,Not applicable,EMP,Employment,A,Annual,ACTUAL,Actual,ICSE93_1,Employees,_Z,Not applicable,MEAN,Mean,_Z,Not applicable,_T,Total,2018,,1743.45,,A,Normal value,,,0,Zero
DATAFLOW,OECD.ELS.SAE:DSD_HW@DF_AVG_ANN_HRS_WKD(1.0),Average annual hours actually worked per worker,I,CYP,Cyprus,HW,Hours worked,H_Y_PS,Hours per year per person,_Z,Not applicable,_Z,Not applicable,EMP,Employment,A,Annual,ACTUAL,Actual,ICSE93_1,Employees,_Z,Not applicable,MEAN,Mean,_Z,Not applicable,_T,Total,2019,,1750.691,,A,Normal value,,,0,Zero
DATAFLOW,OECD.ELS.SAE:DSD_HW@DF_AVG_ANN_HRS_WKD(1.0),Average annual hours actually worked per worker,I,CYP,Cyprus,HW,Hours worked,H_Y_PS,Hours per year per person,_Z,Not applicable,_Z,Not applicable,EMP,Employment,A,Annual,ACTUAL,Actual,ICSE93_1,Employees,_Z,Not applicable,MEAN,Mean,_Z,Not applicable,_T,Total,2020,,1667.211,,A,Normal value,,,0,Zero
DATAFLOW,OECD.ELS.SAE:DSD_HW@DF_AVG_ANN_HRS_WKD(1.0),Average annual hours actually worked per worker,I,CYP,Cyprus,HW,Hours worked,H_Y_PS,Hours per year per person,_Z,Not applicable,_Z,Not applicable,EMP,Employment,A,Annual,ACTUAL,Actual,ICSE93_1,Employees,_Z,Not applicable,MEAN,Mean,_Z,Not applicable,_T,Total,2021,,1766.118,,A,Normal value,,,0,Zero
DATAFLOW,OECD.ELS.SAE:DSD_HW@DF_AVG_ANN_HRS_WKD(1.0),Average annual hours actually worked per worker,I,CYP,Cyprus,HW,Hours worked,H_Y_PS,Hours per year per person,_Z,Not applicable,_Z,Not applicable,EMP,Employment,A,Annual,ACTUAL,Actual,ICSE93_1,Employees,_Z,Not applicable,MEAN,Mean,_Z,Not applicable,_T,Total,2022,,1785.285,,A,Normal value,,,0,Zero
DATAFLOW,OECD.ELS.SAE:DSD_HW@DF_AVG_ANN_HRS_WKD(1.0),Average annual hours actually worked per worker,I,MLT,Malta,HW,Hours worked,H_Y_PS,Hours per year per person,_Z,Not applicable,_Z,Not applicable,EMP,Employment,A,Annual,ACTUAL,Actual,ICSE93_1,Employees,_Z,Not applicable,MEAN,Mean,_Z,Not applicable,_T,Total,2014,,1788.677,,A,Normal value,,,0,Zero
DATAFLOW,OECD.ELS.SAE:DSD_HW@DF_AVG_ANN_HRS_WKD(1.0),Average annual hours actually worked per worker,I,MLT,Malta,HW,Hours worked,H_Y_PS,Hours per year per person,_Z,Not applicable,_Z,Not applicable,EMP,Employment,A,Annual,ACTUAL,Actual,ICSE93_1,Employees,_Z,Not applicable,MEAN,Mean,_Z,Not applicable,_T,Total,2015,,1782.146,,A,Normal value,,,0,Zero
DATAFLOW,OECD.ELS.SAE:DSD_HW@DF_AVG_ANN_HRS_WKD(1.0),Average annual hours actually worked per worker,I,MLT,Malta,HW,Hours worked,H_Y_PS,Hours per year per person,_Z,Not applicable,_Z,Not applicable,EMP,Employment,A,Annual,ACTUAL,Actual,ICSE93_1,Employees,_Z,Not applicable,MEAN,Mean,_Z,Not applicable,_T,Total,2016,,1844.17,,A,Normal value,,,0,Zero
DATAFLOW,OECD.ELS.SAE:DSD_HW@DF_AVG_ANN_HRS_WKD(1.0),Average annual hours actually worked per worker,I,MLT,Malta,HW,Hours worked,H_Y_PS,Hours per year per person,_Z,Not applicable,_Z,Not applicable,EMP,Employment,A,Annual,ACTUAL,Actual,ICSE93_1,Employees,_Z,Not applicable,MEAN,Mean,_Z,Not applicable,_T,Total,2017,,1835.058,,A,Normal value,,,0,Zero
DATAFLOW,OECD.ELS.SAE:DSD_HW@DF_AVG_ANN_HRS_WKD(1.0),Average annual hours actually worked per worker,I,MLT,Malta,HW,Hours worked,H_Y_PS,Hours per year per person,_Z,Not applicable,_Z,Not applicable,EMP,Employment,A,Annual,ACTUAL,Actual,ICSE93_1,Employees,_Z,Not applicable,MEAN,Mean,_Z,Not applicable,_T,Total,2018,,1853.894,,A,Normal value,,,0,Zero
DATAFLOW,OECD.ELS.SAE:DSD_HW@DF_AVG_ANN_HRS_WKD(1.0),Average annual hours actually worked per worker,I,MLT,Malta,HW,Hours worked,H_Y_PS,Hours per year per person,_Z,Not applicable,_Z,Not applicable,EMP,Employment,A,Annual,ACTUAL,Actual,ICSE93_1,Employees,_Z,Not applicable,MEAN,Mean,_Z,Not applicable,_T,Total,2019,,1917.4,,A,Normal value,,,0,Zero
DATAFLOW,OECD.ELS.SAE:DSD_HW@DF_AVG_ANN_HRS_WKD(1.0),Average annual hours actually worked per worker,I,ROU,Romania,HW,Hours worked,H_Y_PS,Hours per year per person,_Z,Not applicable,_Z,Not applicable,EMP,Employment,A,Annual,ACTUAL,Actual,ICSE93_1,Employees,_Z,Not applicable,MEAN,Mean,_Z,Not applicable,_T,Total,2014,,1870.459,,A,Normal value,,,0,Zero
DATAFLOW,OECD.ELS.SAE:DSD_HW@DF_AVG_ANN_HRS_WKD(1.0),Average annual hours actually worked per worker,I,ROU,Romania,HW,Hours worked,H_Y_PS,Hours per year per person,_Z,Not applicable,_Z,Not applicable,EMP,Employment,A,Annual,ACTUAL,Actual,ICSE93_1,Employees,_Z,Not applicable,MEAN,Mean,_Z,Not applicable,_T,Total,2015,,1867.355,,A,Normal value,,,0,Zero
DATAFLOW,OECD.ELS.SAE:DSD_HW@DF_AVG_ANN_HRS_WKD(1.0),Average annual hours actually worked per worker,I,ROU,Romania,HW,Hours worked,H_Y_PS,Hours per year per person,_Z,Not applicable,_Z,Not applicable,EMP,Employment,A,Annual,ACTUAL,Actual,ICSE93_1,Employees,_Z,Not applicable,MEAN,Mean,_Z,Not applicable,_T,Total,2016,,1877.323,,A,Normal value,,,0,Zero
DATAFLOW,OECD.ELS.SAE:DSD_HW@DF_AVG_ANN_HRS_WKD(1.0),Average annual hours actually worked per worker,I,ROU,Romania,HW,Hours worked,H_Y_PS,Hours per year per person,_Z,Not applicable,_Z,Not applicable,EMP,Employment,A,Annual,ACTUAL,Actual,ICSE93_1,Employees,_Z,Not applicable,MEAN,Mean,_Z,Not applicable,_T,Total,2017,,1856.919,,A,Normal value,,,0,Zero
DATAFLOW,OECD.ELS.SAE:DSD_HW@DF_AVG_ANN_HRS_WKD(1.0),Average annual hours actually worked per worker,I,ROU,Romania,HW,Hours worked,H_Y_PS,Hours per year per person,_Z,Not applicable,_Z,Not applicable,EMP,Employment,A,Annual,ACTUAL,Actual,ICSE93_1,Employees,_Z,Not applicable,MEAN,Mean,_Z,Not applicable,_T,Total,2018,,1863.589,,A,Normal value,,,0,Zero
DATAFLOW,OECD.ELS.SAE:DSD_HW@DF_AVG_ANN_HRS_WKD(1.0),Average annual hours actually worked per worker,I,ROU,Romania,HW,Hours worked,H_Y_PS,Hours per year per person,_Z,Not applicable,_Z,Not applicable,EMP,Employment,A,Annual,ACTUAL,Actual,ICSE93_1,Employees,_Z,Not applicable,MEAN,Mean,_Z,Not applicable,_T,Total,2019,,1873.799,,A,Normal value,,,0,Zero
DATAFLOW,OECD.ELS.SAE:DSD_HW@DF_AVG_ANN_HRS_WKD(1.0),Average annual hours actually worked per worker,I,ROU,Romania,HW,Hours worked,H_Y_PS,Hours per year per person,_Z,Not applicable,_Z,Not applicable,EMP,Employment,A,Annual,ACTUAL,Actual,ICSE93_1,Employees,_Z,Not applicable,MEAN,Mean,_Z,Not applicable,_T,Total,2020,,1817.949,,A,Normal value,,,0,Zero
DATAFLOW,OECD.ELS.SAE:DSD_HW@DF_AVG_ANN_HRS_WKD(1.0),Average annual hours actually worked per worker,I,ROU,Romania,HW,Hours worked,H_Y_PS,Hours per year per person,_Z,Not applicable,_Z,Not applicable,EMP,Employment,A,Annual,ACTUAL,Actual,ICSE93_1,Employees,_Z,Not applicable,MEAN,Mean,_Z,Not applicable,_T,Total,2021,,1882.98,,A,Normal value,,,0,Zero
DATAFLOW,OECD.ELS.SAE:DSD_HW@DF_AVG_ANN_HRS_WKD(1.0),Average annual hours actually worked per worker,I,ROU,Romania,HW,Hours worked,H_Y_PS,Hours per year per person,_Z,Not applicable,_Z,Not applicable,EMP,Employment,A,Annual,ACTUAL,Actual,ICSE93_1,Employees,_Z,Not applicable,MEAN,Mean,_Z,Not applicable,_T,Total,2022,,1854.844,,A,Normal value,,,0,Zero
DATAFLOW,OECD.ELS.SAE:DSD_HW@DF_AVG_ANN_HRS_WKD(1.0),Average annual hours actually worked per worker,I,AUS,Australia,HW,Hours worked,H_Y_PS,Hours per year per person,_Z,Not applicable,_Z,Not applicable,EMP,Employment,A,Annual,ACTUAL,Actual,_T,Total,_Z,Not applicable,MEAN,Mean,_Z,Not applicable,_T,Total,2016,,1661,,A,Normal value,,,0,Zero
DATAFLOW,OECD.ELS.SAE:DSD_HW@DF_AVG_ANN_HRS_WKD(1.0),Average annual hours actually worked per worker,I,AUS,Australia,HW,Hours worked,H_Y_PS,Hours per year per person,_Z,Not applicable,_Z,Not applicable,EMP,Employment,A,Annual,ACTUAL,Actual,_T,Total,_Z,Not applicable,MEAN,Mean,_Z,Not applicable,_T,Total,2017,,1665,,A,Normal value,,,0,Zero
DATAFLOW,OECD.ELS.SAE:DSD_HW@DF_AVG_ANN_HRS_WKD(1.0),Average annual hours actually worked per worker,I,AUS,Australia,HW,Hours worked,H_Y_PS,Hours per year per person,_Z,Not applicable,_Z,Not applicable,EMP,Employment,A,Annual,ACTUAL,Actual,_T,Total,_Z,Not applicable,MEAN,Mean,_Z,Not applicable,_T,Total,2018,,1653,,A,Normal value,,,0,Zero
DATAFLOW,OECD.ELS.SAE:DSD_HW@DF_AVG_ANN_HRS_WKD(1.0),Average annual hours actually worked per worker,I,AUS,Australia,HW,Hours worked,H_Y_PS,Hours per year per person,_Z,Not applicable,_Z,Not applicable,EMP,Employment,A,Annual,ACTUAL,Actual,_T,Total,_Z,Not applicable,MEAN,Mean,_Z,Not applicable,_T,Total,2020,,1610,,A,Normal value,,,0,Zero
DATAFLOW,OECD.ELS.SAE:DSD_HW@DF_AVG_ANN_HRS_WKD(1.0),Average annual hours actually worked per worker,I,AUS,Australia,HW,Hours worked,H_Y_PS,Hours per year per person,_Z,Not applicable,_Z,Not applicable,EMP,Employment,A,Annual,ACTUAL,Actual,_T,Total,_Z,Not applicable,MEAN,Mean,_Z,Not applicable,_T,Total,2021,,1620,,A,Normal value,,,0,Zero
DATAFLOW,OECD.ELS.SAE:DSD_HW@DF_AVG_ANN_HRS_WKD(1.0),Average annual hours actually worked per worker,I,AUS,Australia,HW,Hours worked,H_Y_PS,Hours per year per person,_Z,Not applicable,_Z,Not applicable,EMP,Employment,A,Annual,ACTUAL,Actual,_T,Total,_Z,Not applicable,MEAN,Mean,_Z,Not applicable,_T,Total,2022,,1626,,A,Normal value,,,0,Zero
DATAFLOW,OECD.ELS.SAE:DSD_HW@DF_AVG_ANN_HRS_WKD(1.0),Average annual hours actually worked per worker,I,AUS,Australia,HW,Hours worked,H_Y_PS,Hours per year per person,_Z,Not applicable,_Z,Not applicable,EMP,Employment,A,Annual,ACTUAL,Actual,_T,Total,_Z,Not applicable,MEAN,Mean,_Z,Not applicable,_T,Total,2023,,1645,,A,Normal value,,,0,Zero
DATAFLOW,OECD.ELS.SAE:DSD_HW@DF_AVG_ANN_HRS_WKD(1.0),Average annual hours actually worked per worker,I,AUT,Austria,HW,Hours worked,H_Y_PS,Hours per year per person,_Z,Not applicable,_Z,Not applicable,EMP,Employment,A,Annual,ACTUAL,Actual,_T,Total,_Z,Not applicable,MEAN,Mean,_Z,Not applicable,_T,Total,2016,,1507.173,,A,Normal value,,,0,Zero
DATAFLOW,OECD.ELS.SAE:DSD_HW@DF_AVG_ANN_HRS_WKD(1.0),Average annual hours actually worked per worker,I,CAN,Canada,HW,Hours worked,H_Y_PS,Hours per year per person,_Z,Not applicable,_Z,Not applicable,EMP,Employment,A,Annual,ACTUAL,Actual,_T,Total,_Z,Not applicable,MEAN,Mean,_Z,Not applicable,_T,Total,2016,,1705,,A,Normal value,,,0,Zero
DATAFLOW,OECD.ELS.SAE:DSD_HW@DF_AVG_ANN_HRS_WKD(1.0),Average annual hours actually worked per worker,I,CAN,Canada,HW,Hours worked,H_Y_PS,Hours per year per person,_Z,Not applicable,_Z,Not applicable,EMP,Employment,A,Annual,ACTUAL,Actual,_T,Total,_Z,Not applicable,MEAN,Mean,_Z,Not applicable,_T,Total,2017,,1694,,A,Normal value,,,0,Zero
DATAFLOW,OECD.ELS.SAE:DSD_HW@DF_AVG_ANN_HRS_WKD(1.0),Average annual hours actually worked per worker,I,CAN,Canada,HW,Hours worked,H_Y_PS,Hours per year per person,_Z,Not applicable,_Z,Not applicable,EMP,Employment,A,Annual,ACTUAL,Actual,_T,Total,_Z,Not applicable,MEAN,Mean,_Z,Not applicable,_T,Total,2018,,1704,,A,Normal value,,,0,Zero
DATAFLOW,OECD.ELS.SAE:DSD_HW@DF_AVG_ANN_HRS_WKD(1.0),Average annual hours actually worked per worker,I,CAN,Canada,HW,Hours worked,H_Y_PS,Hours per year per person,_Z,Not applicable,_Z,Not applicable,EMP,Employment,A,Annual,ACTUAL,Actual,_T,Total,_Z,Not applicable,MEAN,Mean,_Z,Not applicable,_T,Total,2019,,1693,,A,Normal value,,,0,Zero
DATAFLOW,OECD.ELS.SAE:DSD_HW@DF_AVG_ANN_HRS_WKD(1.0),Average annual hours actually worked per worker,I,CAN,Canada,HW,Hours worked,H_Y_PS,Hours per year per person,_Z,Not applicable,_Z,Not applicable,EMP,Employment,A,Annual,ACTUAL,Actual,_T,Total,_Z,Not applicable,MEAN,Mean,_Z,Not applicable,_T,Total,2020,,1658,,A,Normal value,,,0,Zero
DATAFLOW,OECD.ELS.SAE:DSD_HW@DF_AVG_ANN_HRS_WKD(1.0),Average annual hours actually worked per worker,I,CAN,Canada,HW,Hours worked,H_Y_PS,Hours per year per person,_Z,Not applicable,_Z,Not applicable,EMP,Employment,A,Annual,ACTUAL,Actual,_T,Total,_Z,Not applicable,MEAN,Mean,_Z,Not applicable,_T,Total,2021,,1691,,A,Normal value,,,0,Zero
DATAFLOW,OECD.ELS.SAE:DSD_HW@DF_AVG_ANN_HRS_WKD(1.0),Average annual hours actually worked per worker,I,CAN,Canada,HW,Hours worked,H_Y_PS,Hours per year per person,_Z,Not applicable,_Z,Not applicable,EMP,Employment,A,Annual,ACTUAL,Actual,_T,Total,_Z,Not applicable,MEAN,Mean,_Z,Not applicable,_T,Total,2022,,1693,,A,Normal value,,,0,Zero
DATAFLOW,OECD.ELS.SAE:DSD_HW@DF_AVG_ANN_HRS_WKD(1.0),Average annual hours actually worked per worker,I,CAN,Canada,HW,Hours worked,H_Y_PS,Hours per year per person,_Z,Not applicable,_Z,Not applicable,EMP,Employment,A,Annual,ACTUAL,Actual,_T,Total,_Z,Not applicable,MEAN,Mean,_Z,Not applicable,_T,Total,2023,,1694,,A,Normal value,,,0,Zero
DATAFLOW,OECD.ELS.SAE:DSD_HW@DF_AVG_ANN_HRS_WKD(1.0),Average annual hours actually worked per worker,I,CHL,Chile,HW,Hours worked,H_Y_PS,Hours per year per person,_Z,Not applicable,_Z,Not applicable,EMP,Employment,A,Annual,ACTUAL,Actual,_T,Total,_Z,Not applicable,MEAN,Mean,_Z,Not applicable,_T,Total,2014,,2000,,A,Normal value,,,0,Zero
DATAFLOW,OECD.ELS.SAE:DSD_HW@DF_AVG_ANN_HRS_WKD(1.0),Average annual hours actually worked per worker,I,CHL,Chile,HW,Hours worked,H_Y_PS,Hours per year per person,_Z,Not applicable,_Z,Not applicable,EMP,Employment,A,Annual,ACTUAL,Actual,_T,Total,_Z,Not applicable,MEAN,Mean,_Z,Not applicable,_T,Total,2023,,1953,,A,Normal value,,,0,Zero
DATAFLOW,OECD.ELS.SAE:DSD_HW@DF_AVG_ANN_HRS_WKD(1.0),Average annual hours actually worked per worker,I,COL,Colombia,HW,Hours worked,H_Y_PS,Hours per year per person,_Z,Not applicable,_Z,Not applicable,EMP,Employment,A,Annual,ACTUAL,Actual,_T,Total,_Z,Not applicable,MEAN,Mean,_Z,Not applicable,_T,Total,2015,,2395.831,,A,Normal value,,,0,Zero
DATAFLOW,OECD.ELS.SAE:DSD_HW@DF_AVG_ANN_HRS_WKD(1.0),Average annual hours actually worked per worker,I,COL,Colombia,HW,Hours worked,H_Y_PS,Hours per year per person,_Z,Not applicable,_Z,Not applicable,EMP,Employment,A,Annual,ACTUAL,Actual,_T,Total,_Z,Not applicable,MEAN,Mean,_Z,Not applicable,_T,Total,2016,,2392.209,,A,Normal value,,,0,Zero
DATAFLOW,OECD.ELS.SAE:DSD_HW@DF_AVG_ANN_HRS_WKD(1.0),Average annual hours actually worked per worker,I,COL,Colombia,HW,Hours worked,H_Y_PS,Hours per year per person,_Z,Not applicable,_Z,Not applicable,EMP,Employment,A,Annual,ACTUAL,Actual,_T,Total,_Z,Not applicable,MEAN,Mean,_Z,Not applicable,_T,Total,2017,,2376.426,,A,Normal value,,,0,Zero
DATAFLOW,OECD.ELS.SAE:DSD_HW@DF_AVG_ANN_HRS_WKD(1.0),Average annual hours actually worked per worker,I,COL,Colombia,HW,Hours worked,H_Y_PS,Hours per year per person,_Z,Not applicable,_Z,Not applicable,EMP,Employment,A,Annual,ACTUAL,Actual,_T,Total,_Z,Not applicable,MEAN,Mean,_Z,Not applicable,_T,Total,2018,,2385.939,,A,Normal value,,,0,Zero
DATAFLOW,OECD.ELS.SAE:DSD_HW@DF_AVG_ANN_HRS_WKD(1.0),Average annual hours actually worked per worker,I,COL,Colombia,HW,Hours worked,H_Y_PS,Hours per year per person,_Z,Not applicable,_Z,Not applicable,EMP,Employment,A,Annual,ACTUAL,Actual,_T,Total,_Z,Not applicable,MEAN,Mean,_Z,Not applicable,_T,Total,2019,,2382.611,,A,Normal value,,,0,Zero
DATAFLOW,OECD.ELS.SAE:DSD_HW@DF_AVG_ANN_HRS_WKD(1.0),Average annual hours actually worked per worker,I,COL,Colombia,HW,Hours worked,H_Y_PS,Hours per year per person,_Z,Not applicable,_Z,Not applicable,EMP,Employment,A,Annual,ACTUAL,Actual,_T,Total,_Z,Not applicable,MEAN,Mean,_Z,Not applicable,_T,Total,2020,,2069.439,,A,Normal value,,,0,Zero
DATAFLOW,OECD.ELS.SAE:DSD_HW@DF_AVG_ANN_HRS_WKD(1.0),Average annual hours actually worked per worker,I,COL,Colombia,HW,Hours worked,H_Y_PS,Hours per year per person,_Z,Not applicable,_Z,Not applicable,EMP,Employment,A,Annual,ACTUAL,Actual,_T,Total,_Z,Not applicable,MEAN,Mean,_Z,Not applicable,_T,Total,2021,,2287.544,,A,Normal value,,,0,Zero
DATAFLOW,OECD.ELS.SAE:DSD_HW@DF_AVG_ANN_HRS_WKD(1.0),Average annual hours actually worked per worker,I,COL,Colombia,HW,Hours worked,H_Y_PS,Hours per year per person,_Z,Not applicable,_Z,Not applicable,EMP,Employment,A,Annual,ACTUAL,Actual,_T,Total,_Z,Not applicable,MEAN,Mean,_Z,Not applicable,_T,Total,2022,,2282.116,,A,Normal value,,,0,Zero
DATAFLOW,OECD.ELS.SAE:DSD_HW@DF_AVG_ANN_HRS_WKD(1.0),Average annual hours actually worked per worker,I,COL,Colombia,HW,Hours worked,H_Y_PS,Hours per year per person,_Z,Not applicable,_Z,Not applicable,EMP,Employment,A,Annual,ACTUAL,Actual,_T,Total,_Z,Not applicable,MEAN,Mean,_Z,Not applicable,_T,Total,2023,,2252.462,,A,Normal value,,,0,Zero
DATAFLOW,OECD.ELS.SAE:DSD_HW@DF_AVG_ANN_HRS_WKD(1.0),Average annual hours actually worked per worker,I,CRI,Costa Rica,HW,Hours worked,H_Y_PS,Hours per year per person,_Z,Not applicable,_Z,Not applicable,EMP,Employment,A,Annual,ACTUAL,Actual,_T,Total,_Z,Not applicable,MEAN,Mean,_Z,Not applicable,_T,Total,2023,,2170.5,,A,Normal value,,,0,Zero
DATAFLOW,OECD.ELS.SAE:DSD_HW@DF_AVG_ANN_HRS_WKD(1.0),Average annual hours actually worked per worker,I,EST,Estonia,HW,Hours worked,H_Y_PS,Hours per year per person,_Z,Not applicable,_Z,Not applicable,EMP,Employment,A,Annual,ACTUAL,Actual,_T,Total,_Z,Not applicable,MEAN,Mean,_Z,Not applicable,_T,Total,2014,,1770.748,,A,Normal value,,,0,Zero
DATAFLOW,OECD.ELS.SAE:DSD_HW@DF_AVG_ANN_HRS_WKD(1.0),Average annual hours actually worked per worker,I,EST,Estonia,HW,Hours worked,H_Y_PS,Hours per year per person,_Z,Not applicable,_Z,Not applicable,EMP,Employment,A,Annual,ACTUAL,Actual,_T,Total,_Z,Not applicable,MEAN,Mean,_Z,Not applicable,_T,Total,2015,,1763.306,,A,Normal value,,,0,Zero
DATAFLOW,OECD.ELS.SAE:DSD_HW@DF_AVG_ANN_HRS_WKD(1.0),Average annual hours actually worked per worker,I,EST,Estonia,HW,Hours worked,H_Y_PS,Hours per year per person,_Z,Not applicable,_Z,Not applicable,EMP,Employment,A,Annual,ACTUAL,Actual,_T,Total,_Z,Not applicable,MEAN,Mean,_Z,Not applicable,_T,Total,2016,,1766.718,,A,Normal value,,,0,Zero
DATAFLOW,OECD.ELS.SAE:DSD_HW@DF_AVG_ANN_HRS_WKD(1.0),Average annual hours actually worked per worker,I,EST,Estonia,HW,Hours worked,H_Y_PS,Hours per year per person,_Z,Not applicable,_Z,Not applicable,EMP,Employment,A,Annual,ACTUAL,Actual,_T,Total,_Z,Not applicable,MEAN,Mean,_Z,Not applicable,_T,Total,2017,,1768.131,,A,Normal value,,,0,Zero
DATAFLOW,OECD.ELS.SAE:DSD_HW@DF_AVG_ANN_HRS_WKD(1.0),Average annual hours actually worked per worker,I,FIN,Finland,HW,Hours worked,H_Y_PS,Hours per year per person,_Z,Not applicable,_Z,Not applicable,EMP,Employment,A,Annual,ACTUAL,Actual,_T,Total,_Z,Not applicable,MEAN,Mean,_Z,Not applicable,_T,Total,2016,,1554.67,,A,Normal value,,,0,Zero
DATAFLOW,OECD.ELS.SAE:DSD_HW@DF_AVG_ANN_HRS_WKD(1.0),Average annual hours actually worked per worker,I,FRA,France,HW,Hours worked,H_Y_PS,Hours per year per person,_Z,Not applicable,_Z,Not applicable,EMP,Employment,A,Annual,ACTUAL,Actual,_T,Total,_Z,Not applicable,MEAN,Mean,_Z,Not applicable,_T,Total,2017,,1492.042,,A,Normal value,,,0,Zero
DATAFLOW,OECD.ELS.SAE:DSD_HW@DF_AVG_ANN_HRS_WKD(1.0),Average annual hours actually worked per worker,I,FRA,France,HW,Hours worked,H_Y_PS,Hours per year per person,_Z,Not applicable,_Z,Not applicable,EMP,Employment,A,Annual,ACTUAL,Actual,_T,Total,_Z,Not applicable,MEAN,Mean,_Z,Not applicable,_T,Total,2019,,1504.382,,A,Normal value,,,0,Zero
DATAFLOW,OECD.ELS.SAE:DSD_HW@DF_AVG_ANN_HRS_WKD(1.0),Average annual hours actually worked per worker,I,GRC,Greece,HW,Hours worked,H_Y_PS,Hours per year per person,_Z,Not applicable,_Z,Not applicable,EMP,Employment,A,Annual,ACTUAL,Actual,_T,Total,_Z,Not applicable,MEAN,Mean,_Z,Not applicable,_T,Total,2016,,1942.727,,A,Normal value,,,0,Zero
DATAFLOW,OECD.ELS.SAE:DSD_HW@DF_AVG_ANN_HRS_WKD(1.0),Average annual hours actually worked per worker,I,GRC,Greece,HW,Hours worked,H_Y_PS,Hours per year per person,_Z,Not applicable,_Z,Not applicable,EMP,Employment,A,Annual,ACTUAL,Actual,_T,Total,_Z,Not applicable,MEAN,Mean,_Z,Not applicable,_T,Total,2018,,1961.081,,A,Normal value,,,0,Zero
DATAFLOW,OECD.ELS.SAE:DSD_HW@DF_AVG_ANN_HRS_WKD(1.0),Average annual hours actually worked per worker,I,GRC,Greece,HW,Hours worked,H_Y_PS,Hours per year per person,_Z,Not applicable,_Z,Not applicable,EMP,Employment,A,Annual,ACTUAL,Actual,_T,Total,_Z,Not applicable,MEAN,Mean,_Z,Not applicable,_T,Total,2020,,1735.434,,A,Normal value,,,0,Zero
DATAFLOW,OECD.ELS.SAE:DSD_HW@DF_AVG_ANN_HRS_WKD(1.0),Average annual hours actually worked per worker,I,ISL,Iceland,HW,Hours worked,H_Y_PS,Hours per year per person,_Z,Not applicable,_Z,Not applicable,EMP,Employment,A,Annual,ACTUAL,Actual,_T,Total,_Z,Not applicable,MEAN,Mean,_Z,Not applicable,_T,Total,2014,,1513.436,,A,Normal value,,,0,Zero
DATAFLOW,OECD.ELS.SAE:DSD_HW@DF_AVG_ANN_HRS_WKD(1.0),Average annual hours actually worked per worker,I,ISL,Iceland,HW,Hours worked,H_Y_PS,Hours per year per person,_Z,Not applicable,_Z,Not applicable,EMP,Employment,A,Annual,ACTUAL,Actual,_T,Total,_Z,Not applicable,MEAN,Mean,_Z,Not applicable,_T,Total,2015,,1511.402,,A,Normal value,,,0,Zero
DATAFLOW,OECD.ELS.SAE:DSD_HW@DF_AVG_ANN_HRS_WKD(1.0),Average annual hours actually worked per worker,I,ISL,Iceland,HW,Hours worked,H_Y_PS,Hours per year per person,_Z,Not applicable,_Z,Not applicable,EMP,Employment,A,Annual,ACTUAL,Actual,_T,Total,_Z,Not applicable,MEAN,Mean,_Z,Not applicable,_T,Total,2016,,1519.995,,A,Normal value,,,0,Zero
DATAFLOW,OECD.ELS.SAE:DSD_HW@DF_AVG_ANN_HRS_WKD(1.0),Average annual hours actually worked per worker,I,ISL,Iceland,HW,Hours worked,H_Y_PS,Hours per year per person,_Z,Not applicable,_Z,Not applicable,EMP,Employment,A,Annual,ACTUAL,Actual,_T,Total,_Z,Not applicable,MEAN,Mean,_Z,Not applicable,_T,Total,2017,,1507.077,,A,Normal value,,,0,Zero
DATAFLOW,OECD.ELS.SAE:DSD_HW@DF_AVG_ANN_HRS_WKD(1.0),Average annual hours actually worked per worker,I,ISL,Iceland,HW,Hours worked,H_Y_PS,Hours per year per person,_Z,Not applicable,_Z,Not applicable,EMP,Employment,A,Annual,ACTUAL,Actual,_T,Total,_Z,Not applicable,MEAN,Mean,_Z,Not applicable,_T,Total,2018,,1496.456,,A,Normal value,,,0,Zero
DATAFLOW,OECD.ELS.SAE:DSD_HW@DF_AVG_ANN_HRS_WKD(1.0),Average annual hours actually worked per worker,I,ISL,Iceland,HW,Hours worked,H_Y_PS,Hours per year per person,_Z,Not applicable,_Z,Not applicable,EMP,Employment,A,Annual,ACTUAL,Actual,_T,Total,_Z,Not applicable,MEAN,Mean,_Z,Not applicable,_T,Total,2019,,1480.148,,A,Normal value,,,0,Zero
DATAFLOW,OECD.ELS.SAE:DSD_HW@DF_AVG_ANN_HRS_WKD(1.0),Average annual hours actually worked per worker,I,ISL,Iceland,HW,Hours worked,H_Y_PS,Hours per year per person,_Z,Not applicable,_Z,Not applicable,EMP,Employment,A,Annual,ACTUAL,Actual,_T,Total,_Z,Not applicable,MEAN,Mean,_Z,Not applicable,_T,Total,2020,,1464.424,,A,Normal value,,,0,Zero
DATAFLOW,OECD.ELS.SAE:DSD_HW@DF_AVG_ANN_HRS_WKD(1.0),Average annual hours actually worked per worker,I,ISL,Iceland,HW,Hours worked,H_Y_PS,Hours per year per person,_Z,Not applicable,_Z,Not applicable,EMP,Employment,A,Annual,ACTUAL,Actual,_T,Total,_Z,Not applicable,MEAN,Mean,_Z,Not applicable,_T,Total,2021,,1460.389,,A,Normal value,,,0,Zero
DATAFLOW,OECD.ELS.SAE:DSD_HW@DF_AVG_ANN_HRS_WKD(1.0),Average annual hours actually worked per worker,I,ISL,Iceland,HW,Hours worked,H_Y_PS,Hours per year per person,_Z,Not applicable,_Z,Not applicable,EMP,Employment,A,Annual,ACTUAL,Actual,_T,Total,_Z,Not applicable,MEAN,Mean,_Z,Not applicable,_T,Total,2022,,1459.89,,A,Normal value,,,0,Zero
DATAFLOW,OECD.ELS.SAE:DSD_HW@DF_AVG_ANN_HRS_WKD(1.0),Average annual hours actually worked per worker,I,JPN,Japan,HW,Hours worked,H_Y_PS,Hours per year per person,_Z,Not applicable,_Z,Not applicable,EMP,Employment,A,Annual,ACTUAL,Actual,_T,Total,_Z,Not applicable,MEAN,Mean,_Z,Not applicable,_T,Total,2020,,1597.011,,A,Normal value,,,0,Zero
DATAFLOW,OECD.ELS.SAE:DSD_HW@DF_AVG_ANN_HRS_WKD(1.0),Average annual hours actually worked per worker,I,JPN,Japan,HW,Hours worked,H_Y_PS,Hours per year per person,_Z,Not applicable,_Z,Not applicable,EMP,Employment,A,Annual,ACTUAL,Actual,_T,Total,_Z,Not applicable,MEAN,Mean,_Z,Not applicable,_T,Total,2021,,1607.483,,A,Normal value,,,0,Zero
DATAFLOW,OECD.ELS.SAE:DSD_HW@DF_AVG_ANN_HRS_WKD(1.0),Average annual hours actually worked per worker,I,JPN,Japan,HW,Hours worked,H_Y_PS,Hours per year per person,_Z,Not applicable,_Z,Not applicable,EMP,Employment,A,Annual,ACTUAL,Actual,_T,Total,_Z,Not applicable,MEAN,Mean,_Z,Not applicable,_T,Total,2022,,1606.995,,A,Normal value,,,0,Zero
DATAFLOW,OECD.ELS.SAE:DSD_HW@DF_AVG_ANN_HRS_WKD(1.0),Average annual hours actually worked per worker,I,JPN,Japan,HW,Hours worked,H_Y_PS,Hours per year per person,_Z,Not applicable,_Z,Not applicable,EMP,Employment,A,Annual,ACTUAL,Actual,_T,Total,_Z,Not applicable,MEAN,Mean,_Z,Not applicable,_T,Total,2023,,1610.745,,A,Normal value,,,0,Zero
DATAFLOW,OECD.ELS.SAE:DSD_HW@DF_AVG_ANN_HRS_WKD(1.0),Average annual hours actually worked per worker,I,KOR,Korea,HW,Hours worked,H_Y_PS,Hours per year per person,_Z,Not applicable,_Z,Not applicable,EMP,Employment,A,Annual,ACTUAL,Actual,_T,Total,_Z,Not applicable,MEAN,Mean,_Z,Not applicable,_T,Total,2014,,2075,,A,Normal value,,,0,Zero
DATAFLOW,OECD.ELS.SAE:DSD_HW@DF_AVG_ANN_HRS_WKD(1.0),Average annual hours actually worked per worker,I,KOR,Korea,HW,Hours worked,H_Y_PS,Hours per year per person,_Z,Not applicable,_Z,Not applicable,EMP,Employment,A,Annual,ACTUAL,Actual,_T,Total,_Z,Not applicable,MEAN,Mean,_Z,Not applicable,_T,Total,2015,,2082,,A,Normal value,,,0,Zero
DATAFLOW,OECD.ELS.SAE:DSD_HW@DF_AVG_ANN_HRS_WKD(1.0),Average annual hours actually worked per worker,I,KOR,Korea,HW,Hours worked,H_Y_PS,Hours per year per person,_Z,Not applicable,_Z,Not applicable,EMP,Employment,A,Annual,ACTUAL,Actual,_T,Total,_Z,Not applicable,MEAN,Mean,_Z,Not applicable,_T,Total,2018,,1992,,A,Normal value,,,0,Zero
DATAFLOW,OECD.ELS.SAE:DSD_HW@DF_AVG_ANN_HRS_WKD(1.0),Average annual hours actually worked per worker,I,KOR,Korea,HW,Hours worked,H_Y_PS,Hours per year per person,_Z,Not applicable,_Z,Not applicable,EMP,Employment,A,Annual,ACTUAL,Actual,_T,Total,_Z,Not applicable,MEAN,Mean,_Z,Not applicable,_T,Total,2019,,1966,,A,Normal value,,,0,Zero
DATAFLOW,OECD.ELS.SAE:DSD_HW@DF_AVG_ANN_HRS_WKD(1.0),Average annual hours actually worked per worker,I,KOR,Korea,HW,Hours worked,H_Y_PS,Hours per year per person,_Z,Not applicable,_Z,Not applicable,EMP,Employment,A,Annual,ACTUAL,Actual,_T,Total,_Z,Not applicable,MEAN,Mean,_Z,Not applicable,_T,Total,2020,,1907,,A,Normal value,,,0,Zero
DATAFLOW,OECD.ELS.SAE:DSD_HW@DF_AVG_ANN_HRS_WKD(1.0),Average annual hours actually worked per worker,I,KOR,Korea,HW,Hours worked,H_Y_PS,Hours per year per person,_Z,Not applicable,_Z,Not applicable,EMP,Employment,A,Annual,ACTUAL,Actual,_T,Total,_Z,Not applicable,MEAN,Mean,_Z,Not applicable,_T,Total,2022,,1900,,A,Normal value,,,0,Zero
DATAFLOW,OECD.ELS.SAE:DSD_HW@DF_AVG_ANN_HRS_WKD(1.0),Average annual hours actually worked per worker,I,KOR,Korea,HW,Hours worked,H_Y_PS,Hours per year per person,_Z,Not applicable,_Z,Not applicable,EMP,Employment,A,Annual,ACTUAL,Actual,_T,Total,_Z,Not applicable,MEAN,Mean,_Z,Not applicable,_T,Total,2023,,1872,,A,Normal value,,,0,Zero
DATAFLOW,OECD.ELS.SAE:DSD_HW@DF_AVG_ANN_HRS_WKD(1.0),Average annual hours actually worked per worker,I,LVA,Latvia,HW,Hours worked,H_Y_PS,Hours per year per person,_Z,Not applicable,_Z,Not applicable,EMP,Employment,A,Annual,ACTUAL,Actual,_T,Total,_Z,Not applicable,MEAN,Mean,_Z,Not applicable,_T,Total,2016,,1663.836,,A,Normal value,,,0,Zero
DATAFLOW,OECD.ELS.SAE:DSD_HW@DF_AVG_ANN_HRS_WKD(1.0),Average annual hours actually worked per worker,I,LVA,Latvia,HW,Hours worked,H_Y_PS,Hours per year per person,_Z,Not applicable,_Z,Not applicable,EMP,Employment,A,Annual,ACTUAL,Actual,_T,Total,_Z,Not applicable,MEAN,Mean,_Z,Not applicable,_T,Total,2022,,1630.316,,A,Normal value,,,0,Zero
DATAFLOW,OECD.ELS.SAE:DSD_HW@DF_AVG_ANN_HRS_WKD(1.0),Average annual hours actually worked per worker,I,LTU,Lithuania,HW,Hours worked,H_Y_PS,Hours per year per person,_Z,Not applicable,_Z,Not applicable,EMP,Employment,A,Annual,ACTUAL,Actual,_T,Total,_Z,Not applicable,MEAN,Mean,_Z,Not applicable,_T,Total,2016,,1694.331,,A,Normal value,,,0,Zero
DATAFLOW,OECD.ELS.SAE:DSD_HW@DF_AVG_ANN_HRS_WKD(1.0),Average annual hours actually worked per worker,I,LTU,Lithuania,HW,Hours worked,H_Y_PS,Hours per year per person,_Z,Not applicable,_Z,Not applicable,EMP,Employment,A,Annual,ACTUAL,Actual,_T,Total,_Z,Not applicable,MEAN,Mean,_Z,Not applicable,_T,Total,2018,,1664.095,,A,Normal value,,,0,Zero
DATAFLOW,OECD.ELS.SAE:DSD_HW@DF_AVG_ANN_HRS_WKD(1.0),Average annual hours actually worked per worker,I,LTU,Lithuania,HW,Hours worked,H_Y_PS,Hours per year per person,_Z,Not applicable,_Z,Not applicable,EMP,Employment,A,Annual,ACTUAL,Actual,_T,Total,_Z,Not applicable,MEAN,Mean,_Z,Not applicable,_T,Total,2020,,1595.552,,A,Normal value,,,0,Zero
DATAFLOW,OECD.ELS.SAE:DSD_HW@DF_AVG_ANN_HRS_WKD(1.0),Average annual hours actually worked per worker,I,LUX,Luxembourg,HW,Hours worked,H_Y_PS,Hours per year per person,_Z,Not applicable,_Z,Not applicable,EMP,Employment,A,Annual,ACTUAL,Actual,_T,Total,_Z,Not applicable,MEAN,Mean,_Z,Not applicable,_T,Total,2020,,1388,,A,Normal value,,,0,Zero
DATAFLOW,OECD.ELS.SAE:DSD_HW@DF_AVG_ANN_HRS_WKD(1.0),Average annual hours actually worked per worker,I,LUX,Luxembourg,HW,Hours worked,H_Y_PS,Hours per year per person,_Z,Not applicable,_Z,Not applicable,EMP,Employment,A,Annual,ACTUAL,Actual,_T,Total,_Z,Not applicable,MEAN,Mean,_Z,Not applicable,_T,Total,2021,,1475,,A,Normal value,,,0,Zero
DATAFLOW,OECD.ELS.SAE:DSD_HW@DF_AVG_ANN_HRS_WKD(1.0),Average annual hours actually worked per worker,I,LUX,Luxembourg,HW,Hours worked,H_Y_PS,Hours per year per person,_Z,Not applicable,_Z,Not applicable,EMP,Employment,A,Annual,ACTUAL,Actual,_T,Total,_Z,Not applicable,MEAN,Mean,_Z,Not applicable,_T,Total,2022,,1472,,A,Normal value,,,0,Zero
DATAFLOW,OECD.ELS.SAE:DSD_HW@DF_AVG_ANN_HRS_WKD(1.0),Average annual hours actually worked per worker,I,NZL,New Zealand,HW,Hours worked,H_Y_PS,Hours per year per person,_Z,Not applicable,_Z,Not applicable,EMP,Employment,A,Annual,ACTUAL,Actual,_T,Total,_Z,Not applicable,MEAN,Mean,_Z,Not applicable,_T,Total,2023,,1751,,A,Normal value,,,0,Zero
DATAFLOW,OECD.ELS.SAE:DSD_HW@DF_AVG_ANN_HRS_WKD(1.0),Average annual hours actually worked per worker,I,POL,Poland,HW,Hours worked,H_Y_PS,Hours per year per person,_Z,Not applicable,_Z,Not applicable,EMP,Employment,A,Annual,ACTUAL,Actual,_T,Total,_Z,Not applicable,MEAN,Mean,_Z,Not applicable,_T,Total,2014,,1822.296,,A,Normal value,,,0,Zero
DATAFLOW,OECD.ELS.SAE:DSD_HW@DF_AVG_ANN_HRS_WKD(1.0),Average annual hours actually worked per worker,I,POL,Poland,HW,Hours worked,H_Y_PS,Hours per year per person,_Z,Not applicable,_Z,Not applicable,EMP,Employment,A,Annual,ACTUAL,Actual,_T,Total,_Z,Not applicable,MEAN,Mean,_Z,Not applicable,_T,Total,2015,,1829.159,,A,Normal value,,,0,Zero
DATAFLOW,OECD.ELS.SAE:DSD_HW@DF_AVG_ANN_HRS_WKD(1.0),Average annual hours actually worked per worker,I,POL,Poland,HW,Hours worked,H_Y_PS,Hours per year per person,_Z,Not applicable,_Z,Not applicable,EMP,Employment,A,Annual,ACTUAL,Actual,_T,Total,_Z,Not applicable,MEAN,Mean,_Z,Not applicable,_T,Total,2016,,1831.364,,A,Normal value,,,0,Zero
DATAFLOW,OECD.ELS.SAE:DSD_HW@DF_AVG_ANN_HRS_WKD(1.0),Average annual hours actually worked per worker,I,POL,Poland,HW,Hours worked,H_Y_PS,Hours per year per person,_Z,Not applicable,_Z,Not applicable,EMP,Employment,A,Annual,ACTUAL,Actual,_T,Total,_Z,Not applicable,MEAN,Mean,_Z,Not applicable,_T,Total,2017,,1811.616,,A,Normal value,,,0,Zero
DATAFLOW,OECD.ELS.SAE:DSD_HW@DF_AVG_ANN_HRS_WKD(1.0),Average annual hours actually worked per worker,I,POL,Poland,HW,Hours worked,H_Y_PS,Hours per year per person,_Z,Not applicable,_Z,Not applicable,EMP,Employment,A,Annual,ACTUAL,Actual,_T,Total,_Z,Not applicable,MEAN,Mean,_Z,Not applicable,_T,Total,2018,,1787.329,,A,Normal value,,,0,Zero
DATAFLOW,OECD.ELS.SAE:DSD_HW@DF_AVG_ANN_HRS_WKD(1.0),Average annual hours actually worked per worker,I,POL,Poland,HW,Hours worked,H_Y_PS,Hours per year per person,_Z,Not applicable,_Z,Not applicable,EMP,Employment,A,Annual,ACTUAL,Actual,_T,Total,_Z,Not applicable,MEAN,Mean,_Z,Not applicable,_T,Total,2019,,1796.511,,A,Normal value,,,0,Zero
DATAFLOW,OECD.ELS.SAE:DSD_HW@DF_AVG_ANN_HRS_WKD(1.0),Average annual hours actually worked per worker,I,POL,Poland,HW,Hours worked,H_Y_PS,Hours per year per person,_Z,Not applicable,_Z,Not applicable,EMP,Employment,A,Annual,ACTUAL,Actual,_T,Total,_Z,Not applicable,MEAN,Mean,_Z,Not applicable,_T,Total,2020,,1779.211,,A,Normal value,,,0,Zero
DATAFLOW,OECD.ELS.SAE:DSD_HW@DF_AVG_ANN_HRS_WKD(1.0),Average annual hours actually worked per worker,I,POL,Poland,HW,Hours worked,H_Y_PS,Hours per year per person,_Z,Not applicable,_Z,Not applicable,EMP,Employment,A,Annual,ACTUAL,Actual,_T,Total,_Z,Not applicable,MEAN,Mean,_Z,Not applicable,_T,Total,2021,,1827.92,,A,Normal value,,,0,Zero
DATAFLOW,OECD.ELS.SAE:DSD_HW@DF_AVG_ANN_HRS_WKD(1.0),Average annual hours actually worked per worker,I,POL,Poland,HW,Hours worked,H_Y_PS,Hours per year per person,_Z,Not applicable,_Z,Not applicable,EMP,Employment,A,Annual,ACTUAL,Actual,_T,Total,_Z,Not applicable,MEAN,Mean,_Z,Not applicable,_T,Total,2022,,1818.444,,A,Normal value,,,0,Zero
DATAFLOW,OECD.ELS.SAE:DSD_HW@DF_AVG_ANN_HRS_WKD(1.0),Average annual hours actually worked per worker,I,POL,Poland,HW,Hours worked,H_Y_PS,Hours per year per person,_Z,Not applicable,_Z,Not applicable,EMP,Employment,A,Annual,ACTUAL,Actual,_T,Total,_Z,Not applicable,MEAN,Mean,_Z,Not applicable,_T,Total,2023,,1806.919,,A,Normal value,,,0,Zero
DATAFLOW,OECD.ELS.SAE:DSD_HW@DF_AVG_ANN_HRS_WKD(1.0),Average annual hours actually worked per worker,I,PRT,Portugal,HW,Hours worked,H_Y_PS,Hours per year per person,_Z,Not applicable,_Z,Not applicable,EMP,Employment,A,Annual,ACTUAL,Actual,_T,Total,_Z,Not applicable,MEAN,Mean,_Z,Not applicable,_T,Total,2014,,1726.294,,A,Normal value,,,0,Zero
DATAFLOW,OECD.ELS.SAE:DSD_HW@DF_AVG_ANN_HRS_WKD(1.0),Average annual hours actually worked per worker,I,PRT,Portugal,HW,Hours worked,H_Y_PS,Hours per year per person,_Z,Not applicable,_Z,Not applicable,EMP,Employment,A,Annual,ACTUAL,Actual,_T,Total,_Z,Not applicable,MEAN,Mean,_Z,Not applicable,_T,Total,2016,,1737.476,,A,Normal value,,,0,Zero
DATAFLOW,OECD.ELS.SAE:DSD_HW@DF_AVG_ANN_HRS_WKD(1.0),Average annual hours actually worked per worker,I,PRT,Portugal,HW,Hours worked,H_Y_PS,Hours per year per person,_Z,Not applicable,_Z,Not applicable,EMP,Employment,A,Annual,ACTUAL,Actual,_T,Total,_Z,Not applicable,MEAN,Mean,_Z,Not applicable,_T,Total,2019,,1741.303,,A,Normal value,,,0,Zero
DATAFLOW,OECD.ELS.SAE:DSD_HW@DF_AVG_ANN_HRS_WKD(1.0),Average annual hours actually worked per worker,I,PRT,Portugal,HW,Hours worked,H_Y_PS,Hours per year per person,_Z,Not applicable,_Z,Not applicable,EMP,Employment,A,Annual,ACTUAL,Actual,_T,Total,_Z,Not applicable,MEAN,Mean,_Z,Not applicable,_T,Total,2020,,1630.844,,A,Normal value,,,0,Zero
DATAFLOW,OECD.ELS.SAE:DSD_HW@DF_AVG_ANN_HRS_WKD(1.0),Average annual hours actually worked per worker,I,PRT,Portugal,HW,Hours worked,H_Y_PS,Hours per year per person,_Z,Not applicable,_Z,Not applicable,EMP,Employment,A,Annual,ACTUAL,Actual,_T,Total,_Z,Not applicable,MEAN,Mean,_Z,Not applicable,_T,Total,2021,,1680.509,,A,Normal value,,,0,Zero
DATAFLOW,OECD.ELS.SAE:DSD_HW@DF_AVG_ANN_HRS_WKD(1.0),Average annual hours actually worked per worker,I,SWE,Sweden,HW,Hours worked,H_Y_PS,Hours per year per person,_Z,Not applicable,_Z,Not applicable,EMP,Employment,A,Annual,ACTUAL,Actual,_T,Total,_Z,Not applicable,MEAN,Mean,_Z,Not applicable,_T,Total,2016,,1478.111,,A,Normal value,,,0,Zero
DATAFLOW,OECD.ELS.SAE:DSD_HW@DF_AVG_ANN_HRS_WKD(1.0),Average annual hours actually worked per worker,I,CHE,Switzerland,HW,Hours worked,H_Y_PS,Hours per year per person,_Z,Not applicable,_Z,Not applicable,EMP,Employment,A,Annual,ACTUAL,Actual,_T,Total,_Z,Not applicable,MEAN,Mean,_Z,Not applicable,_T,Total,2014,,1564.47,,A,Normal value,,,0,Zero
DATAFLOW,OECD.ELS.SAE:DSD_HW@DF_AVG_ANN_HRS_WKD(1.0),Average annual hours actually worked per worker,I,CHE,Switzerland,HW,Hours worked,H_Y_PS,Hours per year per person,_Z,Not applicable,_Z,Not applicable,EMP,Employment,A,Annual,ACTUAL,Actual,_T,Total,_Z,Not applicable,MEAN,Mean,_Z,Not applicable,_T,Total,2015,,1576.62,,A,Normal value,,,0,Zero
DATAFLOW,OECD.ELS.SAE:DSD_HW@DF_AVG_ANN_HRS_WKD(1.0),Average annual hours actually worked per worker,I,CHE,Switzerland,HW,Hours worked,H_Y_PS,Hours per year per person,_Z,Not applicable,_Z,Not applicable,EMP,Employment,A,Annual,ACTUAL,Actual,_T,Total,_Z,Not applicable,MEAN,Mean,_Z,Not applicable,_T,Total,2016,,1577.044,,A,Normal value,,,0,Zero
DATAFLOW,OECD.ELS.SAE:DSD_HW@DF_AVG_ANN_HRS_WKD(1.0),Average annual hours actually worked per worker,I,CHE,Switzerland,HW,Hours worked,H_Y_PS,Hours per year per person,_Z,Not applicable,_Z,Not applicable,EMP,Employment,A,Annual,ACTUAL,Actual,_T,Total,_Z,Not applicable,MEAN,Mean,_Z,Not applicable,_T,Total,2017,,1559.09,,A,Normal value,,,0,Zero
DATAFLOW,OECD.ELS.SAE:DSD_HW@DF_AVG_ANN_HRS_WKD(1.0),Average annual hours actually worked per worker,I,CHE,Switzerland,HW,Hours worked,H_Y_PS,Hours per year per person,_Z,Not applicable,_Z,Not applicable,EMP,Employment,A,Annual,ACTUAL,Actual,_T,Total,_Z,Not applicable,MEAN,Mean,_Z,Not applicable,_T,Total,2018,,1551.416,,A,Normal value,,,0,Zero
DATAFLOW,OECD.ELS.SAE:DSD_HW@DF_AVG_ANN_HRS_WKD(1.0),Average annual hours actually worked per worker,I,CHE,Switzerland,HW,Hours worked,H_Y_PS,Hours per year per person,_Z,Not applicable,_Z,Not applicable,EMP,Employment,A,Annual,ACTUAL,Actual,_T,Total,_Z,Not applicable,MEAN,Mean,_Z,Not applicable,_T,Total,2019,,1549.095,,A,Normal value,,,0,Zero
DATAFLOW,OECD.ELS.SAE:DSD_HW@DF_AVG_ANN_HRS_WKD(1.0),Average annual hours actually worked per worker,I,CHE,Switzerland,HW,Hours worked,H_Y_PS,Hours per year per person,_Z,Not applicable,_Z,Not applicable,EMP,Employment,A,Annual,ACTUAL,Actual,_T,Total,_Z,Not applicable,MEAN,Mean,_Z,Not applicable,_T,Total,2020,,1498.798,,A,Normal value,,,0,Zero
DATAFLOW,OECD.ELS.SAE:DSD_HW@DF_AVG_ANN_HRS_WKD(1.0),Average annual hours actually worked per worker,I,CHE,Switzerland,HW,Hours worked,H_Y_PS,Hours per year per person,_Z,Not applicable,_Z,Not applicable,EMP,Employment,A,Annual,ACTUAL,Actual,_T,Total,_Z,Not applicable,MEAN,Mean,_Z,Not applicable,_T,Total,2021,,1532.479,,A,Normal value,,,0,Zero
DATAFLOW,OECD.ELS.SAE:DSD_HW@DF_AVG_ANN_HRS_WKD(1.0),Average annual hours actually worked per worker,I,TUR,Türkiye,HW,Hours worked,H_Y_PS,Hours per year per person,_Z,Not applicable,_Z,Not applicable,EMP,Employment,A,Annual,ACTUAL,Actual,_T,Total,_Z,Not applicable,MEAN,Mean,_Z,Not applicable,_T,Total,2014,,1829.543,,A,Normal value,,,0,Zero
DATAFLOW,OECD.ELS.SAE:DSD_HW@DF_AVG_ANN_HRS_WKD(1.0),Average annual hours actually worked per worker,I,TUR,Türkiye,HW,Hours worked,H_Y_PS,Hours per year per person,_Z,Not applicable,_Z,Not applicable,EMP,Employment,A,Annual,ACTUAL,Actual,_T,Total,_Z,Not applicable,MEAN,Mean,_Z,Not applicable,_T,Total,2015,,1810.707,,A,Normal value,,,0,Zero
DATAFLOW,OECD.ELS.SAE:DSD_HW@DF_AVG_ANN_HRS_WKD(1.0),Average annual hours actually worked per worker,I,TUR,Türkiye,HW,Hours worked,H_Y_PS,Hours per year per person,_Z,Not applicable,_Z,Not applicable,EMP,Employment,A,Annual,ACTUAL,Actual,_T,Total,_Z,Not applicable,MEAN,Mean,_Z,Not applicable,_T,Total,2016,,1789.414,,A,Normal value,,,0,Zero
DATAFLOW,OECD.ELS.SAE:DSD_HW@DF_AVG_ANN_HRS_WKD(1.0),Average annual hours actually worked per worker,I,TUR,Türkiye,HW,Hours worked,H_Y_PS,Hours per year per person,_Z,Not applicable,_Z,Not applicable,EMP,Employment,A,Annual,ACTUAL,Actual,_T,Total,_Z,Not applicable,MEAN,Mean,_Z,Not applicable,_T,Total,2017,,1775.492,,A,Normal value,,,0,Zero
DATAFLOW,OECD.ELS.SAE:DSD_HW@DF_AVG_ANN_HRS_WKD(1.0),Average annual hours actually worked per worker,I,TUR,Türkiye,HW,Hours worked,H_Y_PS,Hours per year per person,_Z,Not applicable,_Z,Not applicable,EMP,Employment,A,Annual,ACTUAL,Actual,_T,Total,_Z,Not applicable,MEAN,Mean,_Z,Not applicable,_T,Total,2018,,1745.191,,A,Normal value,,,0,Zero
DATAFLOW,OECD.ELS.SAE:DSD_HW@DF_AVG_ANN_HRS_WKD(1.0),Average annual hours actually worked per worker,I,TUR,Türkiye,HW,Hours worked,H_Y_PS,Hours per year per person,_Z,Not applicable,_Z,Not applicable,EMP,Employment,A,Annual,ACTUAL,Actual,_T,Total,_Z,Not applicable,MEAN,Mean,_Z,Not applicable,_T,Total,2019,,1732.088,,A,Normal value,,,0,Zero
DATAFLOW,OECD.ELS.SAE:DSD_HW@DF_AVG_ANN_HRS_WKD(1.0),Average annual hours actually worked per worker,I,TUR,Türkiye,HW,Hours worked,H_Y_PS,Hours per year per person,_Z,Not applicable,_Z,Not applicable,EMP,Employment,A,Annual,ACTUAL,Actual,_T,Total,_Z,Not applicable,MEAN,Mean,_Z,Not applicable,_T,Total,2020,,1572.392,,A,Normal value,,,0,Zero
DATAFLOW,OECD.ELS.SAE:DSD_HW@DF_AVG_ANN_HRS_WKD(1.0),Average annual hours actually worked per worker,I,TUR,Türkiye,HW,Hours worked,H_Y_PS,Hours per year per person,_Z,Not applicable,_Z,Not applicable,EMP,Employment,A,Annual,ACTUAL,Actual,_T,Total,_Z,Not applicable,MEAN,Mean,_Z,Not applicable,_T,Total,2021,,1732.088,,A,Normal value,,,0,Zero
DATAFLOW,OECD.ELS.SAE:DSD_HW@DF_AVG_ANN_HRS_WKD(1.0),Average annual hours actually worked per worker,I,GBR,United Kingdom,HW,Hours worked,H_Y_PS,Hours per year per person,_Z,Not applicable,_Z,Not applicable,EMP,Employment,A,Annual,ACTUAL,Actual,_T,Total,_Z,Not applicable,MEAN,Mean,_Z,Not applicable,_T,Total,2016,,1541.275,,A,Normal value,,,0,Zero
DATAFLOW,OECD.ELS.SAE:DSD_HW@DF_AVG_ANN_HRS_WKD(1.0),Average annual hours actually worked per worker,I,USA,United States,HW,Hours worked,H_Y_PS,Hours per year per person,_Z,Not applicable,_Z,Not applicable,EMP,Employment,A,Annual,ACTUAL,Actual,_T,Total,_Z,Not applicable,MEAN,Mean,_Z,Not applicable,_T,Total,2014,,1830.36,,A,Normal value,,,0,Zero
DATAFLOW,OECD.ELS.SAE:DSD_HW@DF_AVG_ANN_HRS_WKD(1.0),Average annual hours actually worked per worker,I,USA,United States,HW,Hours worked,H_Y_PS,Hours per year per person,_Z,Not applicable,_Z,Not applicable,EMP,Employment,A,Annual,ACTUAL,Actual,_T,Total,_Z,Not applicable,MEAN,Mean,_Z,Not applicable,_T,Total,2015,,1831.118,,A,Normal value,,,0,Zero
DATAFLOW,OECD.ELS.SAE:DSD_HW@DF_AVG_ANN_HRS_WKD(1.0),Average annual hours actually worked per worker,I,USA,United States,HW,Hours worked,H_Y_PS,Hours per year per person,_Z,Not applicable,_Z,Not applicable,EMP,Employment,A,Annual,ACTUAL,Actual,_T,Total,_Z,Not applicable,MEAN,Mean,_Z,Not applicable,_T,Total,2016,,1822.366,,A,Normal value,,,0,Zero
DATAFLOW,OECD.ELS.SAE:DSD_HW@DF_AVG_ANN_HRS_WKD(1.0),Average annual hours actually worked per worker,I,USA,United States,HW,Hours worked,H_Y_PS,Hours per year per person,_Z,Not applicable,_Z,Not applicable,EMP,Employment,A,Annual,ACTUAL,Actual,_T,Total,_Z,Not applicable,MEAN,Mean,_Z,Not applicable,_T,Total,2017,,1820.449,,A,Normal value,,,0,Zero
DATAFLOW,OECD.ELS.SAE:DSD_HW@DF_AVG_ANN_HRS_WKD(1.0),Average annual hours actually worked per worker,I,USA,United States,HW,Hours worked,H_Y_PS,Hours per year per person,_Z,Not applicable,_Z,Not applicable,EMP,Employment,A,Annual,ACTUAL,Actual,_T,Total,_Z,Not applicable,MEAN,Mean,_Z,Not applicable,_T,Total,2018,,1825.66,,A,Normal value,,,0,Zero
DATAFLOW,OECD.ELS.SAE:DSD_HW@DF_AVG_ANN_HRS_WKD(1.0),Average annual hours actually worked per worker,I,USA,United States,HW,Hours worked,H_Y_PS,Hours per year per person,_Z,Not applicable,_Z,Not applicable,EMP,Employment,A,Annual,ACTUAL,Actual,_T,Total,_Z,Not applicable,MEAN,Mean,_Z,Not applicable,_T,Total,2019,,1822.579,,A,Normal value,,,0,Zero
DATAFLOW,OECD.ELS.SAE:DSD_HW@DF_AVG_ANN_HRS_WKD(1.0),Average annual hours actually worked per worker,I,USA,United States,HW,Hours worked,H_Y_PS,Hours per year per person,_Z,Not applicable,_Z,Not applicable,EMP,Employment,A,Annual,ACTUAL,Actual,_T,Total,_Z,Not applicable,MEAN,Mean,_Z,Not applicable,_T,Total,2020,,1799.777,,A,Normal value,,,0,Zero
DATAFLOW,OECD.ELS.SAE:DSD_HW@DF_AVG_ANN_HRS_WKD(1.0),Average annual hours actually worked per worker,I,USA,United States,HW,Hours worked,H_Y_PS,Hours per year per person,_Z,Not applicable,_Z,Not applicable,EMP,Employment,A,Annual,ACTUAL,Actual,_T,Total,_Z,Not applicable,MEAN,Mean,_Z,Not applicable,_T,Total,2023,,1804.95,,A,Normal value,,,0,Zero
DATAFLOW,OECD.ELS.SAE:DSD_HW@DF_AVG_ANN_HRS_WKD(1.0),Average annual hours actually worked per worker,I,BGR,Bulgaria,HW,Hours worked,H_Y_PS,Hours per year per person,_Z,Not applicable,_Z,Not applicable,EMP,Employment,A,Annual,ACTUAL,Actual,_T,Total,_Z,Not applicable,MEAN,Mean,_Z,Not applicable,_T,Total,2018,,1644.572,,A,Normal value,,,0,Zero
DATAFLOW,OECD.ELS.SAE:DSD_HW@DF_AVG_ANN_HRS_WKD(1.0),Average annual hours actually worked per worker,I,MLT,Malta,HW,Hours worked,H_Y_PS,Hours per year per person,_Z,Not applicable,_Z,Not applicable,EMP,Employment,A,Annual,ACTUAL,Actual,_T,Total,_Z,Not applicable,MEAN,Mean,_Z,Not applicable,_T,Total,2015,,1864.757,,A,Normal value,,,0,Zero
DATAFLOW,OECD.ELS.SAE:DSD_HW@DF_AVG_ANN_HRS_WKD(1.0),Average annual hours actually worked per worker,I,PER,Peru,HW,Hours worked,H_Y_PS,Hours per year per person,_Z,Not applicable,_Z,Not applicable,EMP,Employment,A,Annual,ACTUAL,Actual,_T,Total,_Z,Not applicable,MEAN,Mean,_Z,Not applicable,_T,Total,2014,,2325,,A,Normal value,,,0,Zero
DATAFLOW,OECD.ELS.SAE:DSD_HW@DF_AVG_ANN_HRS_WKD(1.0),Average annual hours actually worked per worker,I,PER,Peru,HW,Hours worked,H_Y_PS,Hours per year per person,_Z,Not applicable,_Z,Not applicable,EMP,Employment,A,Annual,ACTUAL,Actual,_T,Total,_Z,Not applicable,MEAN,Mean,_Z,Not applicable,_T,Total,2015,,2334,,A,Normal value,,,0,Zero
DATAFLOW,OECD.ELS.SAE:DSD_HW@DF_AVG_ANN_HRS_WKD(1.0),Average annual hours actually worked per worker,I,PER,Peru,HW,Hours worked,H_Y_PS,Hours per year per person,_Z,Not applicable,_Z,Not applicable,EMP,Employment,A,Annual,ACTUAL,Actual,_T,Total,_Z,Not applicable,MEAN,Mean,_Z,Not applicable,_T,Total,2016,,2309,,A,Normal value,,,0,Zero
DATAFLOW,OECD.ELS.SAE:DSD_HW@DF_AVG_ANN_HRS_WKD(1.0),Average annual hours actually worked per worker,I,PER,Peru,HW,Hours worked,H_Y_PS,Hours per year per person,_Z,Not applicable,_Z,Not applicable,EMP,Employment,A,Annual,ACTUAL,Actual,_T,Total,_Z,Not applicable,MEAN,Mean,_Z,Not applicable,_T,Total,2017,,2312,,A,Normal value,,,0,Zero
DATAFLOW,OECD.ELS.SAE:DSD_HW@DF_AVG_ANN_HRS_WKD(1.0),Average annual hours actually worked per worker,I,PER,Peru,HW,Hours worked,H_Y_PS,Hours per year per person,_Z,Not applicable,_Z,Not applicable,EMP,Employment,A,Annual,ACTUAL,Actual,_T,Total,_Z,Not applicable,MEAN,Mean,_Z,Not applicable,_T,Total,2018,,2333,,A,Normal value,,,0,Zero
DATAFLOW,OECD.ELS.SAE:DSD_HW@DF_AVG_ANN_HRS_WKD(1.0),Average annual hours actually worked per worker,I,PER,Peru,HW,Hours worked,H_Y_PS,Hours per year per person,_Z,Not applicable,_Z,Not applicable,EMP,Employment,A,Annual,ACTUAL,Actual,_T,Total,_Z,Not applicable,MEAN,Mean,_Z,Not applicable,_T,Total,2019,,2329,,A,Normal value,,,0,Zero
DATAFLOW,OECD.ELS.SAE:DSD_HW@DF_AVG_ANN_HRS_WKD(1.0),Average annual hours actually worked per worker,I,PER,Peru,HW,Hours worked,H_Y_PS,Hours per year per person,_Z,Not applicable,_Z,Not applicable,EMP,Employment,A,Annual,ACTUAL,Actual,_T,Total,_Z,Not applicable,MEAN,Mean,_Z,Not applicable,_T,Total,2020,,2253,,A,Normal value,,,0,Zero
DATAFLOW,OECD.ELS.SAE:DSD_HW@DF_AVG_ANN_HRS_WKD(1.0),Average annual hours actually worked per worker,I,PER,Peru,HW,Hours worked,H_Y_PS,Hours per year per person,_Z,Not applicable,_Z,Not applicable,EMP,Employment,A,Annual,ACTUAL,Actual,_T,Total,_Z,Not applicable,MEAN,Mean,_Z,Not applicable,_T,Total,2021,,2303,,A,Normal value,,,0,Zero
DATAFLOW,OECD.ELS.SAE:DSD_HW@DF_AVG_ANN_HRS_WKD(1.0),Average annual hours actually worked per worker,I,PER,Peru,HW,Hours worked,H_Y_PS,Hours per year per person,_Z,Not applicable,_Z,Not applicable,EMP,Employment,A,Annual,ACTUAL,Actual,_T,Total,_Z,Not applicable,MEAN,Mean,_Z,Not applicable,_T,Total,2022,,2232,,A,Normal value,,,0,Zero
DATAFLOW,OECD.ELS.SAE:DSD_HW@DF_AVG_ANN_HRS_WKD(1.0),Average annual hours actually worked per worker,I,PER,Peru,HW,Hours worked,H_Y_PS,Hours per year per person,_Z,Not applicable,_Z,Not applicable,EMP,Employment,A,Annual,ACTUAL,Actual,_T,Total,_Z,Not applicable,MEAN,Mean,_Z,Not applicable,_T,Total,2023,,2252,,A,Normal value,,,0,Zero
DATAFLOW,OECD.ELS.SAE:DSD_HW@DF_AVG_ANN_HRS_WKD(1.0),Average annual hours actually worked per worker,I,CRI,Costa Rica,HW,Hours worked,H_Y_PS,Hours per year per person,_Z,Not applicable,_Z,Not applicable,EMP,Employment,A,Annual,ACTUAL,Actual,_T,Total,_Z,Not applicable,MEAN,Mean,_Z,Not applicable,_T,Total,2014,,2121.7,,A,Normal value,,,0,Zero
DATAFLOW,OECD.ELS.SAE:DSD_HW@DF_AVG_ANN_HRS_WKD(1.0),Average annual hours actually worked per worker,I,CRI,Costa Rica,HW,Hours worked,H_Y_PS,Hours per year per person,_Z,Not applicable,_Z,Not applicable,EMP,Employment,A,Annual,ACTUAL,Actual,_T,Total,_Z,Not applicable,MEAN,Mean,_Z,Not applicable,_T,Total,2015,,2148.2,,A,Normal value,,,0,Zero
DATAFLOW,OECD.ELS.SAE:DSD_HW@DF_AVG_ANN_HRS_WKD(1.0),Average annual hours actually worked per worker,I,CRI,Costa Rica,HW,Hours worked,H_Y_PS,Hours per year per person,_Z,Not applicable,_Z,Not applicable,EMP,Employment,A,Annual,ACTUAL,Actual,_T,Total,_Z,Not applicable,MEAN,Mean,_Z,Not applicable,_T,Total,2016,,2204.7,,A,Normal value,,,0,Zero
DATAFLOW,OECD.ELS.SAE:DSD_HW@DF_AVG_ANN_HRS_WKD(1.0),Average annual hours actually worked per worker,I,CRI,Costa Rica,HW,Hours worked,H_Y_PS,Hours per year per person,_Z,Not applicable,_Z,Not applicable,EMP,Employment,A,Annual,ACTUAL,Actual,_T,Total,_Z,Not applicable,MEAN,Mean,_Z,Not applicable,_T,Total,2017,,2178.9,,A,Normal value,,,0,Zero
DATAFLOW,OECD.ELS.SAE:DSD_HW@DF_AVG_ANN_HRS_WKD(1.0),Average annual hours actually worked per worker,I,CRI,Costa Rica,HW,Hours worked,H_Y_PS,Hours per year per person,_Z,Not applicable,_Z,Not applicable,EMP,Employment,A,Annual,ACTUAL,Actual,_T,Total,_Z,Not applicable,MEAN,Mean,_Z,Not applicable,_T,Total,2018,,2121,,A,Normal value,,,0,Zero
DATAFLOW,OECD.ELS.SAE:DSD_HW@DF_AVG_ANN_HRS_WKD(1.0),Average annual hours actually worked per worker,I,CRI,Costa Rica,HW,Hours worked,H_Y_PS,Hours per year per person,_Z,Not applicable,_Z,Not applicable,EMP,Employment,A,Annual,ACTUAL,Actual,_T,Total,_Z,Not applicable,MEAN,Mean,_Z,Not applicable,_T,Total,2019,,2059.6,,A,Normal value,,,0,Zero
DATAFLOW,OECD.ELS.SAE:DSD_HW@DF_AVG_ANN_HRS_WKD(1.0),Average annual hours actually worked per worker,I,CRI,Costa Rica,HW,Hours worked,H_Y_PS,Hours per year per person,_Z,Not applicable,_Z,Not applicable,EMP,Employment,A,Annual,ACTUAL,Actual,_T,Total,_Z,Not applicable,MEAN,Mean,_Z,Not applicable,_T,Total,2020,,1913.2,,A,Normal value,,,0,Zero
DATAFLOW,OECD.ELS.SAE:DSD_HW@DF_AVG_ANN_HRS_WKD(1.0),Average annual hours actually worked per worker,I,CRI,Costa Rica,HW,Hours worked,H_Y_PS,Hours per year per person,_Z,Not applicable,_Z,Not applicable,EMP,Employment,A,Annual,ACTUAL,Actual,_T,Total,_Z,Not applicable,MEAN,Mean,_Z,Not applicable,_T,Total,2021,,2073.3,,A,Normal value,,,0,Zero
DATAFLOW,OECD.ELS.SAE:DSD_HW@DF_AVG_ANN_HRS_WKD(1.0),Average annual hours actually worked per worker,I,CRI,Costa Rica,HW,Hours worked,H_Y_PS,Hours per year per person,_Z,Not applicable,_Z,Not applicable,EMP,Employment,A,Annual,ACTUAL,Actual,_T,Total,_Z,Not applicable,MEAN,Mean,_Z,Not applicable,_T,Total,2022,,2149,,A,Normal value,,,0,Zero
DATAFLOW,OECD.ELS.SAE:DSD_HW@DF_AVG_ANN_HRS_WKD(1.0),Average annual hours actually worked per worker,I,JPN,Japan,HW,Hours worked,H_Y_PS,Hours per year per person,_Z,Not applicable,_Z,Not applicable,EMP,Employment,A,Annual,ACTUAL,Actual,_T,Total,_Z,Not applicable,MEAN,Mean,_Z,Not applicable,_T,Total,2014,,1729,,A,Normal value,,,0,Zero
DATAFLOW,OECD.ELS.SAE:DSD_HW@DF_AVG_ANN_HRS_WKD(1.0),Average annual hours actually worked per worker,I,JPN,Japan,HW,Hours worked,H_Y_PS,Hours per year per person,_Z,Not applicable,_Z,Not applicable,EMP,Employment,A,Annual,ACTUAL,Actual,_T,Total,_Z,Not applicable,MEAN,Mean,_Z,Not applicable,_T,Total,2015,,1719,,A,Normal value,,,0,Zero
DATAFLOW,OECD.ELS.SAE:DSD_HW@DF_AVG_ANN_HRS_WKD(1.0),Average annual hours actually worked per worker,I,JPN,Japan,HW,Hours worked,H_Y_PS,Hours per year per person,_Z,Not applicable,_Z,Not applicable,EMP,Employment,A,Annual,ACTUAL,Actual,_T,Total,_Z,Not applicable,MEAN,Mean,_Z,Not applicable,_T,Total,2016,,1714,,A,Normal value,,,0,Zero
DATAFLOW,OECD.ELS.SAE:DSD_HW@DF_AVG_ANN_HRS_WKD(1.0),Average annual hours actually worked per worker,I,JPN,Japan,HW,Hours worked,H_Y_PS,Hours per year per person,_Z,Not applicable,_Z,Not applicable,EMP,Employment,A,Annual,ACTUAL,Actual,_T,Total,_Z,Not applicable,MEAN,Mean,_Z,Not applicable,_T,Total,2017,,1709,,A,Normal value,,,0,Zero
DATAFLOW,OECD.ELS.SAE:DSD_HW@DF_AVG_ANN_HRS_WKD(1.0),Average annual hours actually worked per worker,I,JPN,Japan,HW,Hours worked,H_Y_PS,Hours per year per person,_Z,Not applicable,_Z,Not applicable,EMP,Employment,A,Annual,ACTUAL,Actual,_T,Total,_Z,Not applicable,MEAN,Mean,_Z,Not applicable,_T,Total,2018,,1680,,A,Normal value,,,0,Zero
DATAFLOW,OECD.ELS.SAE:DSD_HW@DF_AVG_ANN_HRS_WKD(1.0),Average annual hours actually worked per worker,I,JPN,Japan,HW,Hours worked,H_Y_PS,Hours per year per person,_Z,Not applicable,_Z,Not applicable,EMP,Employment,A,Annual,ACTUAL,Actual,_T,Total,_Z,Not applicable,MEAN,Mean,_Z,Not applicable,_T,Total,2019,,1644,,A,Normal value,,,0,Zero
DATAFLOW,OECD.ELS.SAE:DSD_HW@DF_AVG_ANN_HRS_WKD(1.0),Average annual hours actually worked per worker,I,KOR,Korea,HW,Hours worked,H_Y_PS,Hours per year per person,_Z,Not applicable,_Z,Not applicable,EMP,Employment,A,Annual,ACTUAL,Actual,ICSE93_1,Employees,_Z,Not applicable,MEAN,Mean,_Z,Not applicable,_T,Total,2014,,2047.2,,A,Normal value,,,0,Zero
DATAFLOW,OECD.ELS.SAE:DSD_HW@DF_AVG_ANN_HRS_WKD(1.0),Average annual hours actually worked per worker,I,KOR,Korea,HW,Hours worked,H_Y_PS,Hours per year per person,_Z,Not applicable,_Z,Not applicable,EMP,Employment,A,Annual,ACTUAL,Actual,ICSE93_1,Employees,_Z,Not applicable,MEAN,Mean,_Z,Not applicable,_T,Total,2015,,2058,,A,Normal value,,,0,Zero
DATAFLOW,OECD.ELS.SAE:DSD_HW@DF_AVG_ANN_HRS_WKD(1.0),Average annual hours actually worked per worker,I,KOR,Korea,HW,Hours worked,H_Y_PS,Hours per year per person,_Z,Not applicable,_Z,Not applicable,EMP,Employment,A,Annual,ACTUAL,Actual,ICSE93_1,Employees,_Z,Not applicable,MEAN,Mean,_Z,Not applicable,_T,Total,2016,,2032.8,,A,Normal value,,,0,Zero
DATAFLOW,OECD.ELS.SAE:DSD_HW@DF_AVG_ANN_HRS_WKD(1.0),Average annual hours actually worked per worker,I,KOR,Korea,HW,Hours worked,H_Y_PS,Hours per year per person,_Z,Not applicable,_Z,Not applicable,EMP,Employment,A,Annual,ACTUAL,Actual,_T,Total,_Z,Not applicable,MEAN,Mean,_Z,Not applicable,_T,Total,2016,,2068,,A,Normal value,,,0,Zero
DATAFLOW,OECD.ELS.SAE:DSD_HW@DF_AVG_ANN_HRS_WKD(1.0),Average annual hours actually worked per worker,I,KOR,Korea,HW,Hours worked,H_Y_PS,Hours per year per person,_Z,Not applicable,_Z,Not applicable,EMP,Employment,A,Annual,ACTUAL,Actual,_T,Total,_Z,Not applicable,MEAN,Mean,_Z,Not applicable,_T,Total,2017,,2018,,A,Normal value,,,0,Zero
DATAFLOW,OECD.ELS.SAE:DSD_HW@DF_AVG_ANN_HRS_WKD(1.0),Average annual hours actually worked per worker,I,KOR,Korea,HW,Hours worked,H_Y_PS,Hours per year per person,_Z,Not applicable,_Z,Not applicable,EMP,Employment,A,Annual,ACTUAL,Actual,ICSE93_1,Employees,_Z,Not applicable,MEAN,Mean,_Z,Not applicable,_T,Total,2017,,1995.6,,A,Normal value,,,0,Zero
DATAFLOW,OECD.ELS.SAE:DSD_HW@DF_AVG_ANN_HRS_WKD(1.0),Average annual hours actually worked per worker,I,KOR,Korea,HW,Hours worked,H_Y_PS,Hours per year per person,_Z,Not applicable,_Z,Not applicable,EMP,Employment,A,Annual,ACTUAL,Actual,ICSE93_1,Employees,_Z,Not applicable,MEAN,Mean,_Z,Not applicable,_T,Total,2018,,1966.8,,A,Normal value,,,0,Zero
DATAFLOW,OECD.ELS.SAE:DSD_HW@DF_AVG_ANN_HRS_WKD(1.0),Average annual hours actually worked per worker,I,KOR,Korea,HW,Hours worked,H_Y_PS,Hours per year per person,_Z,Not applicable,_Z,Not applicable,EMP,Employment,A,Annual,ACTUAL,Actual,ICSE93_1,Employees,_Z,Not applicable,MEAN,Mean,_Z,Not applicable,_T,Total,2019,,1957.2,,A,Normal value,,,0,Zero
DATAFLOW,OECD.ELS.SAE:DSD_HW@DF_AVG_ANN_HRS_WKD(1.0),Average annual hours actually worked per worker,I,KOR,Korea,HW,Hours worked,H_Y_PS,Hours per year per person,_Z,Not applicable,_Z,Not applicable,EMP,Employment,A,Annual,ACTUAL,Actual,ICSE93_1,Employees,_Z,Not applicable,MEAN,Mean,_Z,Not applicable,_T,Total,2020,,1927.2,,A,Normal value,,,0,Zero
DATAFLOW,OECD.ELS.SAE:DSD_HW@DF_AVG_ANN_HRS_WKD(1.0),Average annual hours actually worked per worker,I,KOR,Korea,HW,Hours worked,H_Y_PS,Hours per year per person,_Z,Not applicable,_Z,Not applicable,EMP,Employment,A,Annual,ACTUAL,Actual,_T,Total,_Z,Not applicable,MEAN,Mean,_Z,Not applicable,_T,Total,2021,,1910,,A,Normal value,,,0,Zero
DATAFLOW,OECD.ELS.SAE:DSD_HW@DF_AVG_ANN_HRS_WKD(1.0),Average annual hours actually worked per worker,I,KOR,Korea,HW,Hours worked,H_Y_PS,Hours per year per person,_Z,Not applicable,_Z,Not applicable,EMP,Employment,A,Annual,ACTUAL,Actual,ICSE93_1,Employees,_Z,Not applicable,MEAN,Mean,_Z,Not applicable,_T,Total,2021,,1928,,A,Normal value,,,0,Zero
DATAFLOW,OECD.ELS.SAE:DSD_HW@DF_AVG_ANN_HRS_WKD(1.0),Average annual hours actually worked per worker,I,KOR,Korea,HW,Hours worked,H_Y_PS,Hours per year per person,_Z,Not applicable,_Z,Not applicable,EMP,Employment,A,Annual,ACTUAL,Actual,ICSE93_1,Employees,_Z,Not applicable,MEAN,Mean,_Z,Not applicable,_T,Total,2022,,1904,,A,Normal value,,,0,Zero
DATAFLOW,OECD.ELS.SAE:DSD_HW@DF_AVG_ANN_HRS_WKD(1.0),Average annual hours actually worked per worker,I,ESP,Spain,HW,Hours worked,H_Y_PS,Hours per year per person,_Z,Not applicable,_Z,Not applicable,EMP,Employment,A,Annual,ACTUAL,Actual,ICSE93_1,Employees,_Z,Not applicable,MEAN,Mean,_Z,Not applicable,_T,Total,2015,,1614,,A,Normal value,,,0,Zero
DATAFLOW,OECD.ELS.SAE:DSD_HW@DF_AVG_ANN_HRS_WKD(1.0),Average annual hours actually worked per worker,I,ESP,Spain,HW,Hours worked,H_Y_PS,Hours per year per person,_Z,Not applicable,_Z,Not applicable,EMP,Employment,A,Annual,ACTUAL,Actual,ICSE93_1,Employees,_Z,Not applicable,MEAN,Mean,_Z,Not applicable,_T,Total,2017,,1614,,A,Normal value,,,0,Zero
DATAFLOW,OECD.ELS.SAE:DSD_HW@DF_AVG_ANN_HRS_WKD(1.0),Average annual hours actually worked per worker,I,RUS,Russia,HW,Hours worked,H_Y_PS,Hours per year per person,_Z,Not applicable,_Z,Not applicable,EMP,Employment,A,Annual,ACTUAL,Actual,ICSE93_1,Employees,_Z,Not applicable,MEAN,Mean,_Z,Not applicable,_T,Total,2014,,2003,,A,Normal value,,,0,Zero
DATAFLOW,OECD.ELS.SAE:DSD_HW@DF_AVG_ANN_HRS_WKD(1.0),Average annual hours actually worked per worker,I,RUS,Russia,HW,Hours worked,H_Y_PS,Hours per year per person,_Z,Not applicable,_Z,Not applicable,EMP,Employment,A,Annual,ACTUAL,Actual,_T,Total,_Z,Not applicable,MEAN,Mean,_Z,Not applicable,_T,Total,2014,,1985,,A,Normal value,,,0,Zero
DATAFLOW,OECD.ELS.SAE:DSD_HW@DF_AVG_ANN_HRS_WKD(1.0),Average annual hours actually worked per worker,I,RUS,Russia,HW,Hours worked,H_Y_PS,Hours per year per person,_Z,Not applicable,_Z,Not applicable,EMP,Employment,A,Annual,ACTUAL,Actual,_T,Total,_Z,Not applicable,MEAN,Mean,_Z,Not applicable,_T,Total,2015,,1978,,A,Normal value,,,0,Zero
DATAFLOW,OECD.ELS.SAE:DSD_HW@DF_AVG_ANN_HRS_WKD(1.0),Average annual hours actually worked per worker,I,RUS,Russia,HW,Hours worked,H_Y_PS,Hours per year per person,_Z,Not applicable,_Z,Not applicable,EMP,Employment,A,Annual,ACTUAL,Actual,ICSE93_1,Employees,_Z,Not applicable,MEAN,Mean,_Z,Not applicable,_T,Total,2015,,1997,,A,Normal value,,,0,Zero
DATAFLOW,OECD.ELS.SAE:DSD_HW@DF_AVG_ANN_HRS_WKD(1.0),Average annual hours actually worked per worker,I,RUS,Russia,HW,Hours worked,H_Y_PS,Hours per year per person,_Z,Not applicable,_Z,Not applicable,EMP,Employment,A,Annual,ACTUAL,Actual,ICSE93_1,Employees,_Z,Not applicable,MEAN,Mean,_Z,Not applicable,_T,Total,2016,,1996,,A,Normal value,,,0,Zero
DATAFLOW,OECD.ELS.SAE:DSD_HW@DF_AVG_ANN_HRS_WKD(1.0),Average annual hours actually worked per worker,I,RUS,Russia,HW,Hours worked,H_Y_PS,Hours per year per person,_Z,Not applicable,_Z,Not applicable,EMP,Employment,A,Annual,ACTUAL,Actual,_T,Total,_Z,Not applicable,MEAN,Mean,_Z,Not applicable,_T,Total,2016,,1974,,A,Normal value,,,0,Zero
DATAFLOW,OECD.ELS.SAE:DSD_HW@DF_AVG_ANN_HRS_WKD(1.0),Average annual hours actually worked per worker,I,RUS,Russia,HW,Hours worked,H_Y_PS,Hours per year per person,_Z,Not applicable,_Z,Not applicable,EMP,Employment,A,Annual,ACTUAL,Actual,_T,Total,_Z,Not applicable,MEAN,Mean,_Z,Not applicable,_T,Total,2017,,1979,,A,Normal value,,,0,Zero
DATAFLOW,OECD.ELS.SAE:DSD_HW@DF_AVG_ANN_HRS_WKD(1.0),Average annual hours actually worked per worker,I,RUS,Russia,HW,Hours worked,H_Y_PS,Hours per year per person,_Z,Not applicable,_Z,Not applicable,EMP,Employment,A,Annual,ACTUAL,Actual,ICSE93_1,Employees,_Z,Not applicable,MEAN,Mean,_Z,Not applicable,_T,Total,2017,,1994,,A,Normal value,,,0,Zero
DATAFLOW,OECD.ELS.SAE:DSD_HW@DF_AVG_ANN_HRS_WKD(1.0),Average annual hours actually worked per worker,I,RUS,Russia,HW,Hours worked,H_Y_PS,Hours per year per person,_Z,Not applicable,_Z,Not applicable,EMP,Employment,A,Annual,ACTUAL,Actual,ICSE93_1,Employees,_Z,Not applicable,MEAN,Mean,_Z,Not applicable,_T,Total,2018,,1988,,A,Normal value,,,0,Zero
DATAFLOW,OECD.ELS.SAE:DSD_HW@DF_AVG_ANN_HRS_WKD(1.0),Average annual hours actually worked per worker,I,RUS,Russia,HW,Hours worked,H_Y_PS,Hours per year per person,_Z,Not applicable,_Z,Not applicable,EMP,Employment,A,Annual,ACTUAL,Actual,_T,Total,_Z,Not applicable,MEAN,Mean,_Z,Not applicable,_T,Total,2018,,1970,,A,Normal value,,,0,Zero
DATAFLOW,OECD.ELS.SAE:DSD_HW@DF_AVG_ANN_HRS_WKD(1.0),Average annual hours actually worked per worker,I,RUS,Russia,HW,Hours worked,H_Y_PS,Hours per year per person,_Z,Not applicable,_Z,Not applicable,EMP,Employment,A,Annual,ACTUAL,Actual,_T,Total,_Z,Not applicable,MEAN,Mean,_Z,Not applicable,_T,Total,2019,,1965,,A,Normal value,,,0,Zero
DATAFLOW,OECD.ELS.SAE:DSD_HW@DF_AVG_ANN_HRS_WKD(1.0),Average annual hours actually worked per worker,I,RUS,Russia,HW,Hours worked,H_Y_PS,Hours per year per person,_Z,Not applicable,_Z,Not applicable,EMP,Employment,A,Annual,ACTUAL,Actual,ICSE93_1,Employees,_Z,Not applicable,MEAN,Mean,_Z,Not applicable,_T,Total,2019,,1983,,A,Normal value,,,0,Zero
DATAFLOW,OECD.ELS.SAE:DSD_HW@DF_AVG_ANN_HRS_WKD(1.0),Average annual hours actually worked per worker,I,RUS,Russia,HW,Hours worked,H_Y_PS,Hours per year per person,_Z,Not applicable,_Z,Not applicable,EMP,Employment,A,Annual,ACTUAL,Actual,ICSE93_1,Employees,_Z,Not applicable,MEAN,Mean,_Z,Not applicable,_T,Total,2020,,1893,,A,Normal value,,,0,Zero
DATAFLOW,OECD.ELS.SAE:DSD_HW@DF_AVG_ANN_HRS_WKD(1.0),Average annual hours actually worked per worker,I,RUS,Russia,HW,Hours worked,H_Y_PS,Hours per year per person,_Z,Not applicable,_Z,Not applicable,EMP,Employment,A,Annual,ACTUAL,Actual,_T,Total,_Z,Not applicable,MEAN,Mean,_Z,Not applicable,_T,Total,2020,,1874,,A,Normal value,,,0,Zero
DATAFLOW,OECD.ELS.SAE:DSD_HW@DF_AVG_ANN_HRS_WKD(1.0),Average annual hours actually worked per worker,I,NZL,New Zealand,HW,Hours worked,H_Y_PS,Hours per year per person,_Z,Not applicable,_Z,Not applicable,EMP,Employment,A,Annual,ACTUAL,Actual,_T,Total,_Z,Not applicable,MEAN,Mean,_Z,Not applicable,_T,Total,2014,,1758,,A,Normal value,,,0,Zero
DATAFLOW,OECD.ELS.SAE:DSD_HW@DF_AVG_ANN_HRS_WKD(1.0),Average annual hours actually worked per worker,I,NZL,New Zealand,HW,Hours worked,H_Y_PS,Hours per year per person,_Z,Not applicable,_Z,Not applicable,EMP,Employment,A,Annual,ACTUAL,Actual,ICSE93_1,Employees,_Z,Not applicable,MEAN,Mean,_Z,Not applicable,_T,Total,2014,,1756,,A,Normal value,,,0,Zero
DATAFLOW,OECD.ELS.SAE:DSD_HW@DF_AVG_ANN_HRS_WKD(1.0),Average annual hours actually worked per worker,I,NZL,New Zealand,HW,Hours worked,H_Y_PS,Hours per year per person,_Z,Not applicable,_Z,Not applicable,EMP,Employment,A,Annual,ACTUAL,Actual,ICSE93_1,Employees,_Z,Not applicable,MEAN,Mean,_Z,Not applicable,_T,Total,2015,,1750,,A,Normal value,,,0,Zero
DATAFLOW,OECD.ELS.SAE:DSD_HW@DF_AVG_ANN_HRS_WKD(1.0),Average annual hours actually worked per worker,I,NZL,New Zealand,HW,Hours worked,H_Y_PS,Hours per year per person,_Z,Not applicable,_Z,Not applicable,EMP,Employment,A,Annual,ACTUAL,Actual,_T,Total,_Z,Not applicable,MEAN,Mean,_Z,Not applicable,_T,Total,2015,,1753,,A,Normal value,,,0,Zero
DATAFLOW,OECD.ELS.SAE:DSD_HW@DF_AVG_ANN_HRS_WKD(1.0),Average annual hours actually worked per worker,I,NZL,New Zealand,HW,Hours worked,H_Y_PS,Hours per year per person,_Z,Not applicable,_Z,Not applicable,EMP,Employment,A,Annual,ACTUAL,Actual,_T,Total,_Z,Not applicable,MEAN,Mean,_Z,Not applicable,_T,Total,2016,,1754,,A,Normal value,,,0,Zero
DATAFLOW,OECD.ELS.SAE:DSD_HW@DF_AVG_ANN_HRS_WKD(1.0),Average annual hours actually worked per worker,I,NZL,New Zealand,HW,Hours worked,H_Y_PS,Hours per year per person,_Z,Not applicable,_Z,Not applicable,EMP,Employment,A,Annual,ACTUAL,Actual,ICSE93_1,Employees,_Z,Not applicable,MEAN,Mean,_Z,Not applicable,_T,Total,2016,,1742,,A,Normal value,,,0,Zero
DATAFLOW,OECD.ELS.SAE:DSD_HW@DF_AVG_ANN_HRS_WKD(1.0),Average annual hours actually worked per worker,I,NZL,New Zealand,HW,Hours worked,H_Y_PS,Hours per year per person,_Z,Not applicable,_Z,Not applicable,EMP,Employment,A,Annual,ACTUAL,Actual,ICSE93_1,Employees,_Z,Not applicable,MEAN,Mean,_Z,Not applicable,_T,Total,2017,,1754,,A,Normal value,,,0,Zero
DATAFLOW,OECD.ELS.SAE:DSD_HW@DF_AVG_ANN_HRS_WKD(1.0),Average annual hours actually worked per worker,I,NZL,New Zealand,HW,Hours worked,H_Y_PS,Hours per year per person,_Z,Not applicable,_Z,Not applicable,EMP,Employment,A,Annual,ACTUAL,Actual,_T,Total,_Z,Not applicable,MEAN,Mean,_Z,Not applicable,_T,Total,2017,,1756,,A,Normal value,,,0,Zero
DATAFLOW,OECD.ELS.SAE:DSD_HW@DF_AVG_ANN_HRS_WKD(1.0),Average annual hours actually worked per worker,I,NZL,New Zealand,HW,Hours worked,H_Y_PS,Hours per year per person,_Z,Not applicable,_Z,Not applicable,EMP,Employment,A,Annual,ACTUAL,Actual,_T,Total,_Z,Not applicable,MEAN,Mean,_Z,Not applicable,_T,Total,2018,,1759,,A,Normal value,,,0,Zero
DATAFLOW,OECD.ELS.SAE:DSD_HW@DF_AVG_ANN_HRS_WKD(1.0),Average annual hours actually worked per worker,I,NZL,New Zealand,HW,Hours worked,H_Y_PS,Hours per year per person,_Z,Not applicable,_Z,Not applicable,EMP,Employment,A,Annual,ACTUAL,Actual,ICSE93_1,Employees,_Z,Not applicable,MEAN,Mean,_Z,Not applicable,_T,Total,2018,,1760,,A,Normal value,,,0,Zero
DATAFLOW,OECD.ELS.SAE:DSD_HW@DF_AVG_ANN_HRS_WKD(1.0),Average annual hours actually worked per worker,I,NZL,New Zealand,HW,Hours worked,H_Y_PS,Hours per year per person,_Z,Not applicable,_Z,Not applicable,EMP,Employment,A,Annual,ACTUAL,Actual,ICSE93_1,Employees,_Z,Not applicable,MEAN,Mean,_Z,Not applicable,_T,Total,2019,,1776,,A,Normal value,,,0,Zero
DATAFLOW,OECD.ELS.SAE:DSD_HW@DF_AVG_ANN_HRS_WKD(1.0),Average annual hours actually worked per worker,I,NZL,New Zealand,HW,Hours worked,H_Y_PS,Hours per year per person,_Z,Not applicable,_Z,Not applicable,EMP,Employment,A,Annual,ACTUAL,Actual,_T,Total,_Z,Not applicable,MEAN,Mean,_Z,Not applicable,_T,Total,2019,,1783,,A,Normal value,,,0,Zero
DATAFLOW,OECD.ELS.SAE:DSD_HW@DF_AVG_ANN_HRS_WKD(1.0),Average annual hours actually worked per worker,I,NZL,New Zealand,HW,Hours worked,H_Y_PS,Hours per year per person,_Z,Not applicable,_Z,Not applicable,EMP,Employment,A,Annual,ACTUAL,Actual,_T,Total,_Z,Not applicable,MEAN,Mean,_Z,Not applicable,_T,Total,2020,,1739,,A,Normal value,,,0,Zero
DATAFLOW,OECD.ELS.SAE:DSD_HW@DF_AVG_ANN_HRS_WKD(1.0),Average annual hours actually worked per worker,I,NZL,New Zealand,HW,Hours worked,H_Y_PS,Hours per year per person,_Z,Not applicable,_Z,Not applicable,EMP,Employment,A,Annual,ACTUAL,Actual,ICSE93_1,Employees,_Z,Not applicable,MEAN,Mean,_Z,Not applicable,_T,Total,2020,,1774,,A,Normal value,,,0,Zero
DATAFLOW,OECD.ELS.SAE:DSD_HW@DF_AVG_ANN_HRS_WKD(1.0),Average annual hours actually worked per worker,I,NZL,New Zealand,HW,Hours worked,H_Y_PS,Hours per year per person,_Z,Not applicable,_Z,Not applicable,EMP,Employment,A,Annual,ACTUAL,Actual,ICSE93_1,Employees,_Z,Not applicable,MEAN,Mean,_Z,Not applicable,_T,Total,2021,,1727,,A,Normal value,,,0,Zero
DATAFLOW,OECD.ELS.SAE:DSD_HW@DF_AVG_ANN_HRS_WKD(1.0),Average annual hours actually worked per worker,I,NZL,New Zealand,HW,Hours worked,H_Y_PS,Hours per year per person,_Z,Not applicable,_Z,Not applicable,EMP,Employment,A,Annual,ACTUAL,Actual,_T,Total,_Z,Not applicable,MEAN,Mean,_Z,Not applicable,_T,Total,2021,,1730,,A,Normal value,,,0,Zero
DATAFLOW,OECD.ELS.SAE:DSD_HW@DF_AVG_ANN_HRS_WKD(1.0),Average annual hours actually worked per worker,I,NZL,New Zealand,HW,Hours worked,H_Y_PS,Hours per year per person,_Z,Not applicable,_Z,Not applicable,EMP,Employment,A,Annual,ACTUAL,Actual,_T,Total,_Z,Not applicable,MEAN,Mean,_Z,Not applicable,_T,Total,2022,,1748,,A,Normal value,,,0,Zero
DATAFLOW,OECD.ELS.SAE:DSD_HW@DF_AVG_ANN_HRS_WKD(1.0),Average annual hours actually worked per worker,I,NZL,New Zealand,HW,Hours worked,H_Y_PS,Hours per year per person,_Z,Not applicable,_Z,Not applicable,EMP,Employment,A,Annual,ACTUAL,Actual,ICSE93_1,Employees,_Z,Not applicable,MEAN,Mean,_Z,Not applicable,_T,Total,2022,,1747,,A,Normal value,,,0,Zero
DATAFLOW,OECD.ELS.SAE:DSD_HW@DF_AVG_ANN_HRS_WKD(1.0),Average annual hours actually worked per worker,I,CAN,Canada,HW,Hours worked,H_Y_PS,Hours per year per person,_Z,Not applicable,_Z,Not applicable,EMP,Employment,A,Annual,ACTUAL,Actual,_T,Total,_Z,Not applicable,MEAN,Mean,_Z,Not applicable,_T,Total,2014,,1709,,A,Normal value,,,0,Zero
DATAFLOW,OECD.ELS.SAE:DSD_HW@DF_AVG_ANN_HRS_WKD(1.0),Average annual hours actually worked per worker,I,CAN,Canada,HW,Hours worked,H_Y_PS,Hours per year per person,_Z,Not applicable,_Z,Not applicable,EMP,Employment,A,Annual,ACTUAL,Actual,_T,Total,_Z,Not applicable,MEAN,Mean,_Z,Not applicable,_T,Total,2015,,1710,,A,Normal value,,,0,Zero
DATAFLOW,OECD.ELS.SAE:DSD_HW@DF_AVG_ANN_HRS_WKD(1.0),Average annual hours actually worked per worker,I,AUS,Australia,HW,Hours worked,H_Y_PS,Hours per year per person,_Z,Not applicable,_Z,Not applicable,EMP,Employment,A,Annual,ACTUAL,Actual,_T,Total,_Z,Not applicable,MEAN,Mean,_Z,Not applicable,_T,Total,2014,,1672,,A,Normal value,,,0,Zero
DATAFLOW,OECD.ELS.SAE:DSD_HW@DF_AVG_ANN_HRS_WKD(1.0),Average annual hours actually worked per worker,I,AUS,Australia,HW,Hours worked,H_Y_PS,Hours per year per person,_Z,Not applicable,_Z,Not applicable,EMP,Employment,A,Annual,ACTUAL,Actual,_T,Total,_Z,Not applicable,MEAN,Mean,_Z,Not applicable,_T,Total,2015,,1670,,A,Normal value,,,0,Zero
DATAFLOW,OECD.ELS.SAE:DSD_HW@DF_AVG_ANN_HRS_WKD(1.0),Average annual hours actually worked per worker,I,AUS,Australia,HW,Hours worked,H_Y_PS,Hours per year per person,_Z,Not applicable,_Z,Not applicable,EMP,Employment,A,Annual,ACTUAL,Actual,_T,Total,_Z,Not applicable,MEAN,Mean,_Z,Not applicable,_T,Total,2019,,1651,,A,Normal value,,,0,Zero
DATAFLOW,OECD.ELS.SAE:DSD_HW@DF_AVG_ANN_HRS_WKD(1.0),Average annual hours actually worked per worker,I,CHL,Chile,HW,Hours worked,H_Y_PS,Hours per year per person,_Z,Not applicable,_Z,Not applicable,EMP,Employment,A,Annual,ACTUAL,Actual,_T,Total,_Z,Not applicable,MEAN,Mean,_Z,Not applicable,_T,Total,2015,,1999,,A,Normal value,,,0,Zero
DATAFLOW,OECD.ELS.SAE:DSD_HW@DF_AVG_ANN_HRS_WKD(1.0),Average annual hours actually worked per worker,I,CHL,Chile,HW,Hours worked,H_Y_PS,Hours per year per person,_Z,Not applicable,_Z,Not applicable,EMP,Employment,A,Annual,ACTUAL,Actual,_T,Total,_Z,Not applicable,MEAN,Mean,_Z,Not applicable,_T,Total,2016,,1983,,A,Normal value,,,0,Zero
DATAFLOW,OECD.ELS.SAE:DSD_HW@DF_AVG_ANN_HRS_WKD(1.0),Average annual hours actually worked per worker,I,CHL,Chile,HW,Hours worked,H_Y_PS,Hours per year per person,_Z,Not applicable,_Z,Not applicable,EMP,Employment,A,Annual,ACTUAL,Actual,_T,Total,_Z,Not applicable,MEAN,Mean,_Z,Not applicable,_T,Total,2017,,1968,,A,Normal value,,,0,Zero
DATAFLOW,OECD.ELS.SAE:DSD_HW@DF_AVG_ANN_HRS_WKD(1.0),Average annual hours actually worked per worker,I,CHL,Chile,HW,Hours worked,H_Y_PS,Hours per year per person,_Z,Not applicable,_Z,Not applicable,EMP,Employment,A,Annual,ACTUAL,Actual,_T,Total,_Z,Not applicable,MEAN,Mean,_Z,Not applicable,_T,Total,2018,,1961,,A,Normal value,,,0,Zero
DATAFLOW,OECD.ELS.SAE:DSD_HW@DF_AVG_ANN_HRS_WKD(1.0),Average annual hours actually worked per worker,I,CHL,Chile,HW,Hours worked,H_Y_PS,Hours per year per person,_Z,Not applicable,_Z,Not applicable,EMP,Employment,A,Annual,ACTUAL,Actual,_T,Total,_Z,Not applicable,MEAN,Mean,_Z,Not applicable,_T,Total,2019,,1940,,A,Normal value,,,0,Zero
DATAFLOW,OECD.ELS.SAE:DSD_HW@DF_AVG_ANN_HRS_WKD(1.0),Average annual hours actually worked per worker,I,CHL,Chile,HW,Hours worked,H_Y_PS,Hours per year per person,_Z,Not applicable,_Z,Not applicable,EMP,Employment,A,Annual,ACTUAL,Actual,_T,Total,_Z,Not applicable,MEAN,Mean,_Z,Not applicable,_T,Total,2020,,1828,,A,Normal value,,,0,Zero
DATAFLOW,OECD.ELS.SAE:DSD_HW@DF_AVG_ANN_HRS_WKD(1.0),Average annual hours actually worked per worker,I,CHL,Chile,HW,Hours worked,H_Y_PS,Hours per year per person,_Z,Not applicable,_Z,Not applicable,EMP,Employment,A,Annual,ACTUAL,Actual,_T,Total,_Z,Not applicable,MEAN,Mean,_Z,Not applicable,_T,Total,2021,,1921,,A,Normal value,,,0,Zero
DATAFLOW,OECD.ELS.SAE:DSD_HW@DF_AVG_ANN_HRS_WKD(1.0),Average annual hours actually worked per worker,I,CHL,Chile,HW,Hours worked,H_Y_PS,Hours per year per person,_Z,Not applicable,_Z,Not applicable,EMP,Employment,A,Annual,ACTUAL,Actual,_T,Total,_Z,Not applicable,MEAN,Mean,_Z,Not applicable,_T,Total,2022,,1966,,A,Normal value,,,0,Zero
DATAFLOW,OECD.ELS.SAE:DSD_HW@DF_AVG_ANN_HRS_WKD(1.0),Average annual hours actually worked per worker,I,COL,Colombia,HW,Hours worked,H_Y_PS,Hours per year per person,_Z,Not applicable,_Z,Not applicable,EMP,Employment,A,Annual,ACTUAL,Actual,_T,Total,_Z,Not applicable,MEAN,Mean,_Z,Not applicable,_T,Total,2014,,2405,,A,Normal value,,,0,Zero
DATAFLOW,OECD.ELS.SAE:DSD_HW@DF_AVG_ANN_HRS_WKD(1.0),Average annual hours actually worked per worker,I,LUX,Luxembourg,HW,Hours worked,H_Y_PS,Hours per year per person,_Z,Not applicable,_Z,Not applicable,EMP,Employment,A,Annual,ACTUAL,Actual,_T,Total,_Z,Not applicable,MEAN,Mean,_Z,Not applicable,_T,Total,2014,,1512,,A,Normal value,,,0,Zero
DATAFLOW,OECD.ELS.SAE:DSD_HW@DF_AVG_ANN_HRS_WKD(1.0),Average annual hours actually worked per worker,I,LUX,Luxembourg,HW,Hours worked,H_Y_PS,Hours per year per person,_Z,Not applicable,_Z,Not applicable,EMP,Employment,A,Annual,ACTUAL,Actual,_T,Total,_Z,Not applicable,MEAN,Mean,_Z,Not applicable,_T,Total,2015,,1519,,A,Normal value,,,0,Zero
DATAFLOW,OECD.ELS.SAE:DSD_HW@DF_AVG_ANN_HRS_WKD(1.0),Average annual hours actually worked per worker,I,LUX,Luxembourg,HW,Hours worked,H_Y_PS,Hours per year per person,_Z,Not applicable,_Z,Not applicable,EMP,Employment,A,Annual,ACTUAL,Actual,_T,Total,_Z,Not applicable,MEAN,Mean,_Z,Not applicable,_T,Total,2016,,1518,,A,Normal value,,,0,Zero
DATAFLOW,OECD.ELS.SAE:DSD_HW@DF_AVG_ANN_HRS_WKD(1.0),Average annual hours actually worked per worker,I,LUX,Luxembourg,HW,Hours worked,H_Y_PS,Hours per year per person,_Z,Not applicable,_Z,Not applicable,EMP,Employment,A,Annual,ACTUAL,Actual,_T,Total,_Z,Not applicable,MEAN,Mean,_Z,Not applicable,_T,Total,2017,,1508,,A,Normal value,,,0,Zero
DATAFLOW,OECD.ELS.SAE:DSD_HW@DF_AVG_ANN_HRS_WKD(1.0),Average annual hours actually worked per worker,I,LUX,Luxembourg,HW,Hours worked,H_Y_PS,Hours per year per person,_Z,Not applicable,_Z,Not applicable,EMP,Employment,A,Annual,ACTUAL,Actual,_T,Total,_Z,Not applicable,MEAN,Mean,_Z,Not applicable,_T,Total,2018,,1499,,A,Normal value,,,0,Zero
DATAFLOW,OECD.ELS.SAE:DSD_HW@DF_AVG_ANN_HRS_WKD(1.0),Average annual hours actually worked per worker,I,LUX,Luxembourg,HW,Hours worked,H_Y_PS,Hours per year per person,_Z,Not applicable,_Z,Not applicable,EMP,Employment,A,Annual,ACTUAL,Actual,_T,Total,_Z,Not applicable,MEAN,Mean,_Z,Not applicable,_T,Total,2019,,1493,,A,Normal value,,,0,Zero
DATAFLOW,OECD.ELS.SAE:DSD_HW@DF_AVG_ANN_HRS_WKD(1.0),Average annual hours actually worked per worker,I,CAN,Canada,HW,Hours worked,H_Y_PS,Hours per year per person,_Z,Not applicable,_Z,Not applicable,EMP,Employment,A,Annual,ACTUAL,Actual,ICSE93_1,Employees,_Z,Not applicable,MEAN,Mean,_Z,Not applicable,_T,Total,2015,,1716,,A,Normal value,,,0,Zero
DATAFLOW,OECD.ELS.SAE:DSD_HW@DF_AVG_ANN_HRS_WKD(1.0),Average annual hours actually worked per worker,I,CHL,Chile,HW,Hours worked,H_Y_PS,Hours per year per person,_Z,Not applicable,_Z,Not applicable,EMP,Employment,A,Annual,ACTUAL,Actual,ICSE93_1,Employees,_Z,Not applicable,MEAN,Mean,_Z,Not applicable,_T,Total,2014,,2068,,A,Normal value,,,0,Zero
DATAFLOW,OECD.ELS.SAE:DSD_HW@DF_AVG_ANN_HRS_WKD(1.0),Average annual hours actually worked per worker,I,CHL,Chile,HW,Hours worked,H_Y_PS,Hours per year per person,_Z,Not applicable,_Z,Not applicable,EMP,Employment,A,Annual,ACTUAL,Actual,ICSE93_1,Employees,_Z,Not applicable,MEAN,Mean,_Z,Not applicable,_T,Total,2015,,2065,,A,Normal value,,,0,Zero
DATAFLOW,OECD.ELS.SAE:DSD_HW@DF_AVG_ANN_HRS_WKD(1.0),Average annual hours actually worked per worker,I,CHL,Chile,HW,Hours worked,H_Y_PS,Hours per year per person,_Z,Not applicable,_Z,Not applicable,EMP,Employment,A,Annual,ACTUAL,Actual,ICSE93_1,Employees,_Z,Not applicable,MEAN,Mean,_Z,Not applicable,_T,Total,2016,,2056,,A,Normal value,,,0,Zero
DATAFLOW,OECD.ELS.SAE:DSD_HW@DF_AVG_ANN_HRS_WKD(1.0),Average annual hours actually worked per worker,I,CHL,Chile,HW,Hours worked,H_Y_PS,Hours per year per person,_Z,Not applicable,_Z,Not applicable,EMP,Employment,A,Annual,ACTUAL,Actual,ICSE93_1,Employees,_Z,Not applicable,MEAN,Mean,_Z,Not applicable,_T,Total,2017,,2042,,A,Normal value,,,0,Zero
DATAFLOW,OECD.ELS.SAE:DSD_HW@DF_AVG_ANN_HRS_WKD(1.0),Average annual hours actually worked per worker,I,CHL,Chile,HW,Hours worked,H_Y_PS,Hours per year per person,_Z,Not applicable,_Z,Not applicable,EMP,Employment,A,Annual,ACTUAL,Actual,ICSE93_1,Employees,_Z,Not applicable,MEAN,Mean,_Z,Not applicable,_T,Total,2018,,2031,,A,Normal value,,,0,Zero
DATAFLOW,OECD.ELS.SAE:DSD_HW@DF_AVG_ANN_HRS_WKD(1.0),Average annual hours actually worked per worker,I,CHL,Chile,HW,Hours worked,H_Y_PS,Hours per year per person,_Z,Not applicable,_Z,Not applicable,EMP,Employment,A,Annual,ACTUAL,Actual,ICSE93_1,Employees,_Z,Not applicable,MEAN,Mean,_Z,Not applicable,_T,Total,2020,,1901,,A,Normal value,,,0,Zero
DATAFLOW,OECD.ELS.SAE:DSD_HW@DF_AVG_ANN_HRS_WKD(1.0),Average annual hours actually worked per worker,I,CHL,Chile,HW,Hours worked,H_Y_PS,Hours per year per person,_Z,Not applicable,_Z,Not applicable,EMP,Employment,A,Annual,ACTUAL,Actual,ICSE93_1,Employees,_Z,Not applicable,MEAN,Mean,_Z,Not applicable,_T,Total,2021,,2011,,A,Normal value,,,0,Zero
DATAFLOW,OECD.ELS.SAE:DSD_HW@DF_AVG_ANN_HRS_WKD(1.0),Average annual hours actually worked per worker,I,CHL,Chile,HW,Hours worked,H_Y_PS,Hours per year per person,_Z,Not applicable,_Z,Not applicable,EMP,Employment,A,Annual,ACTUAL,Actual,ICSE93_1,Employees,_Z,Not applicable,MEAN,Mean,_Z,Not applicable,_T,Total,2022,,2047,,A,Normal value,,,0,Zero
DATAFLOW,OECD.ELS.SAE:DSD_HW@DF_AVG_ANN_HRS_WKD(1.0),Average annual hours actually worked per worker,I,LUX,Luxembourg,HW,Hours worked,H_Y_PS,Hours per year per person,_Z,Not applicable,_Z,Not applicable,EMP,Employment,A,Annual,ACTUAL,Actual,ICSE93_1,Employees,_Z,Not applicable,MEAN,Mean,_Z,Not applicable,_T,Total,2014,,1508,,A,Normal value,,,0,Zero
DATAFLOW,OECD.ELS.SAE:DSD_HW@DF_AVG_ANN_HRS_WKD(1.0),Average annual hours actually worked per worker,I,BGR,Bulgaria,HW,Hours worked,H_Y_PS,Hours per year per person,_Z,Not applicable,_Z,Not applicable,EMP,Employment,A,Annual,ACTUAL,Actual,ICSE93_1,Employees,_Z,Not applicable,MEAN,Mean,_Z,Not applicable,_T,Total,2014,,1660,,A,Normal value,,,0,Zero
DATAFLOW,OECD.ELS.SAE:DSD_HW@DF_AVG_ANN_HRS_WKD(1.0),Average annual hours actually worked per worker,I,CYP,Cyprus,HW,Hours worked,H_Y_PS,Hours per year per person,_Z,Not applicable,_Z,Not applicable,EMP,Employment,A,Annual,ACTUAL,Actual,ICSE93_1,Employees,_Z,Not applicable,MEAN,Mean,_Z,Not applicable,_T,Total,2014,,1734,,A,Normal value,,,0,Zero
